ISO3,year,sub_window,variable,value,source,note
BEL,1820,1820-1913,pop,3434.0,Maddison,
BEL,1820,1820-1913,gdppc,2358.0,Maddison,Maddison: gdppc not reconstructed pre-1846
BEL,1820,1820-1913,v2x_libdem,,V-Dem,pre-independence (Belgium independent 1830)
BEL,1820,1820-1913,v2x_polyarchy,,V-Dem,pre-independence (Belgium independent 1830)
BEL,1820,1820-1913,cinc,,COW,pre-independence (Belgium independent 1830)
BEL,1821,1820-1913,pop,3464.0,Maddison,
BEL,1821,1820-1913,gdppc,,Maddison,Maddison: gdppc not reconstructed pre-1846
BEL,1821,1820-1913,v2x_libdem,,V-Dem,pre-independence (Belgium independent 1830)
BEL,1821,1820-1913,v2x_polyarchy,,V-Dem,pre-independence (Belgium independent 1830)
BEL,1821,1820-1913,cinc,,COW,pre-independence (Belgium independent 1830)
BEL,1822,1820-1913,pop,3495.0,Maddison,
BEL,1822,1820-1913,gdppc,,Maddison,Maddison: gdppc not reconstructed pre-1846
BEL,1822,1820-1913,v2x_libdem,,V-Dem,pre-independence (Belgium independent 1830)
BEL,1822,1820-1913,v2x_polyarchy,,V-Dem,pre-independence (Belgium independent 1830)
BEL,1822,1820-1913,cinc,,COW,pre-independence (Belgium independent 1830)
BEL,1823,1820-1913,pop,3526.0,Maddison,
BEL,1823,1820-1913,gdppc,,Maddison,Maddison: gdppc not reconstructed pre-1846
BEL,1823,1820-1913,v2x_libdem,,V-Dem,pre-independence (Belgium independent 1830)
BEL,1823,1820-1913,v2x_polyarchy,,V-Dem,pre-independence (Belgium independent 1830)
BEL,1823,1820-1913,cinc,,COW,pre-independence (Belgium independent 1830)
BEL,1824,1820-1913,pop,3557.0,Maddison,
BEL,1824,1820-1913,gdppc,,Maddison,Maddison: gdppc not reconstructed pre-1846
BEL,1824,1820-1913,v2x_libdem,,V-Dem,pre-independence (Belgium independent 1830)
BEL,1824,1820-1913,v2x_polyarchy,,V-Dem,pre-independence (Belgium independent 1830)
BEL,1824,1820-1913,cinc,,COW,pre-independence (Belgium independent 1830)
BEL,1825,1820-1913,pop,3589.0,Maddison,
BEL,1825,1820-1913,gdppc,,Maddison,Maddison: gdppc not reconstructed pre-1846
BEL,1825,1820-1913,v2x_libdem,,V-Dem,pre-independence (Belgium independent 1830)
BEL,1825,1820-1913,v2x_polyarchy,,V-Dem,pre-independence (Belgium independent 1830)
BEL,1825,1820-1913,cinc,,COW,pre-independence (Belgium independent 1830)
BEL,1826,1820-1913,pop,3620.0,Maddison,
BEL,1826,1820-1913,gdppc,,Maddison,Maddison: gdppc not reconstructed pre-1846
BEL,1826,1820-1913,v2x_libdem,,V-Dem,pre-independence (Belgium independent 1830)
BEL,1826,1820-1913,v2x_polyarchy,,V-Dem,pre-independence (Belgium independent 1830)
BEL,1826,1820-1913,cinc,,COW,pre-independence (Belgium independent 1830)
BEL,1827,1820-1913,pop,3652.0,Maddison,
BEL,1827,1820-1913,gdppc,,Maddison,Maddison: gdppc not reconstructed pre-1846
BEL,1827,1820-1913,v2x_libdem,,V-Dem,pre-independence (Belgium independent 1830)
BEL,1827,1820-1913,v2x_polyarchy,,V-Dem,pre-independence (Belgium independent 1830)
BEL,1827,1820-1913,cinc,,COW,pre-independence (Belgium independent 1830)
BEL,1828,1820-1913,pop,3685.0,Maddison,
BEL,1828,1820-1913,gdppc,,Maddison,Maddison: gdppc not reconstructed pre-1846
BEL,1828,1820-1913,v2x_libdem,,V-Dem,pre-independence (Belgium independent 1830)
BEL,1828,1820-1913,v2x_polyarchy,,V-Dem,pre-independence (Belgium independent 1830)
BEL,1828,1820-1913,cinc,,COW,pre-independence (Belgium independent 1830)
BEL,1829,1820-1913,pop,3717.0,Maddison,
BEL,1829,1820-1913,gdppc,,Maddison,Maddison: gdppc not reconstructed pre-1846
BEL,1829,1820-1913,v2x_libdem,,V-Dem,pre-independence (Belgium independent 1830)
BEL,1829,1820-1913,v2x_polyarchy,,V-Dem,pre-independence (Belgium independent 1830)
BEL,1829,1820-1913,cinc,,COW,pre-independence (Belgium independent 1830)
BEL,1830,1820-1913,pop,3750.0,Maddison,
BEL,1830,1820-1913,gdppc,,Maddison,Maddison: gdppc not reconstructed pre-1846
BEL,1830,1820-1913,v2x_libdem,0.167,V-Dem,
BEL,1830,1820-1913,v2x_polyarchy,0.188,V-Dem,
BEL,1830,1820-1913,cinc,0.037564769,COW,
BEL,1831,1820-1913,pop,3782.0,Maddison,
BEL,1831,1820-1913,gdppc,,Maddison,Maddison: gdppc not reconstructed pre-1846
BEL,1831,1820-1913,v2x_libdem,0.251,V-Dem,
BEL,1831,1820-1913,v2x_polyarchy,0.224,V-Dem,
BEL,1831,1820-1913,cinc,0.035279308,COW,
BEL,1832,1820-1913,pop,3814.0,Maddison,
BEL,1832,1820-1913,gdppc,,Maddison,Maddison: gdppc not reconstructed pre-1846
BEL,1832,1820-1913,v2x_libdem,0.295,V-Dem,
BEL,1832,1820-1913,v2x_polyarchy,0.272,V-Dem,
BEL,1832,1820-1913,cinc,0.035414238,COW,
BEL,1833,1820-1913,pop,3846.0,Maddison,
BEL,1833,1820-1913,gdppc,,Maddison,Maddison: gdppc not reconstructed pre-1846
BEL,1833,1820-1913,v2x_libdem,0.295,V-Dem,
BEL,1833,1820-1913,v2x_polyarchy,0.272,V-Dem,
BEL,1833,1820-1913,cinc,0.031753067,COW,
BEL,1834,1820-1913,pop,3879.0,Maddison,
BEL,1834,1820-1913,gdppc,,Maddison,Maddison: gdppc not reconstructed pre-1846
BEL,1834,1820-1913,v2x_libdem,0.295,V-Dem,
BEL,1834,1820-1913,v2x_polyarchy,0.272,V-Dem,
BEL,1834,1820-1913,cinc,0.029565029,COW,
BEL,1835,1820-1913,pop,3912.0,Maddison,
BEL,1835,1820-1913,gdppc,,Maddison,Maddison: gdppc not reconstructed pre-1846
BEL,1835,1820-1913,v2x_libdem,0.294,V-Dem,
BEL,1835,1820-1913,v2x_polyarchy,0.272,V-Dem,
BEL,1835,1820-1913,cinc,0.029868515,COW,
BEL,1836,1820-1913,pop,3945.0,Maddison,
BEL,1836,1820-1913,gdppc,,Maddison,Maddison: gdppc not reconstructed pre-1846
BEL,1836,1820-1913,v2x_libdem,0.294,V-Dem,
BEL,1836,1820-1913,v2x_polyarchy,0.272,V-Dem,
BEL,1836,1820-1913,cinc,0.030761173,COW,
BEL,1837,1820-1913,pop,3978.0,Maddison,
BEL,1837,1820-1913,gdppc,,Maddison,Maddison: gdppc not reconstructed pre-1846
BEL,1837,1820-1913,v2x_libdem,0.295,V-Dem,
BEL,1837,1820-1913,v2x_polyarchy,0.272,V-Dem,
BEL,1837,1820-1913,cinc,0.033067495,COW,
BEL,1838,1820-1913,pop,4012.0,Maddison,
BEL,1838,1820-1913,gdppc,,Maddison,Maddison: gdppc not reconstructed pre-1846
BEL,1838,1820-1913,v2x_libdem,0.295,V-Dem,
BEL,1838,1820-1913,v2x_polyarchy,0.272,V-Dem,
BEL,1838,1820-1913,cinc,0.031491712,COW,
BEL,1839,1820-1913,pop,4046.0,Maddison,
BEL,1839,1820-1913,gdppc,,Maddison,Maddison: gdppc not reconstructed pre-1846
BEL,1839,1820-1913,v2x_libdem,0.294,V-Dem,
BEL,1839,1820-1913,v2x_polyarchy,0.272,V-Dem,
BEL,1839,1820-1913,cinc,0.02977079,COW,
BEL,1840,1820-1913,pop,4080.0,Maddison,
BEL,1840,1820-1913,gdppc,,Maddison,Maddison: gdppc not reconstructed pre-1846
BEL,1840,1820-1913,v2x_libdem,0.321,V-Dem,
BEL,1840,1820-1913,v2x_polyarchy,0.314,V-Dem,
BEL,1840,1820-1913,cinc,0.026867211,COW,
BEL,1841,1820-1913,pop,4115.0,Maddison,
BEL,1841,1820-1913,gdppc,,Maddison,Maddison: gdppc not reconstructed pre-1846
BEL,1841,1820-1913,v2x_libdem,0.325,V-Dem,
BEL,1841,1820-1913,v2x_polyarchy,0.321,V-Dem,
BEL,1841,1820-1913,cinc,0.02534087,COW,
BEL,1842,1820-1913,pop,4151.0,Maddison,
BEL,1842,1820-1913,gdppc,,Maddison,Maddison: gdppc not reconstructed pre-1846
BEL,1842,1820-1913,v2x_libdem,0.325,V-Dem,
BEL,1842,1820-1913,v2x_polyarchy,0.321,V-Dem,
BEL,1842,1820-1913,cinc,0.02580216,COW,
BEL,1843,1820-1913,pop,4187.0,Maddison,
BEL,1843,1820-1913,gdppc,,Maddison,Maddison: gdppc not reconstructed pre-1846
BEL,1843,1820-1913,v2x_libdem,0.327,V-Dem,
BEL,1843,1820-1913,v2x_polyarchy,0.323,V-Dem,
BEL,1843,1820-1913,cinc,0.024230454,COW,
BEL,1844,1820-1913,pop,4223.0,Maddison,
BEL,1844,1820-1913,gdppc,,Maddison,Maddison: gdppc not reconstructed pre-1846
BEL,1844,1820-1913,v2x_libdem,0.327,V-Dem,
BEL,1844,1820-1913,v2x_polyarchy,0.323,V-Dem,
BEL,1844,1820-1913,cinc,0.023950579,COW,
BEL,1845,1820-1913,pop,4259.0,Maddison,
BEL,1845,1820-1913,gdppc,,Maddison,Maddison: gdppc not reconstructed pre-1846
BEL,1845,1820-1913,v2x_libdem,0.326,V-Dem,
BEL,1845,1820-1913,v2x_polyarchy,0.323,V-Dem,
BEL,1845,1820-1913,cinc,0.024000896,COW,
BEL,1846,1820-1913,pop,4296.0,Maddison,
BEL,1846,1820-1913,gdppc,2700.0,Maddison,
BEL,1846,1820-1913,v2x_libdem,0.326,V-Dem,
BEL,1846,1820-1913,v2x_polyarchy,0.323,V-Dem,
BEL,1846,1820-1913,cinc,0.024814166,COW,
BEL,1847,1820-1913,pop,4333.0,Maddison,
BEL,1847,1820-1913,gdppc,2809.0,Maddison,
BEL,1847,1820-1913,v2x_libdem,0.332,V-Dem,
BEL,1847,1820-1913,v2x_polyarchy,0.335,V-Dem,
BEL,1847,1820-1913,cinc,0.027083093,COW,
BEL,1848,1820-1913,pop,4371.0,Maddison,
BEL,1848,1820-1913,gdppc,2796.0,Maddison,
BEL,1848,1820-1913,v2x_libdem,0.334,V-Dem,
BEL,1848,1820-1913,v2x_polyarchy,0.337,V-Dem,
BEL,1848,1820-1913,cinc,0.023560191,COW,
BEL,1849,1820-1913,pop,4408.0,Maddison,
BEL,1849,1820-1913,gdppc,2853.0,Maddison,
BEL,1849,1820-1913,v2x_libdem,0.334,V-Dem,
BEL,1849,1820-1913,v2x_polyarchy,0.337,V-Dem,
BEL,1849,1820-1913,cinc,0.022702526,COW,
BEL,1850,1820-1913,pop,4449.0,Maddison,
BEL,1850,1820-1913,gdppc,2944.0,Maddison,
BEL,1850,1820-1913,v2x_libdem,0.335,V-Dem,
BEL,1850,1820-1913,v2x_polyarchy,0.338,V-Dem,
BEL,1850,1820-1913,cinc,0.022496564,COW,
BEL,1851,1820-1913,pop,4477.0,Maddison,
BEL,1851,1820-1913,gdppc,3006.0,Maddison,
BEL,1851,1820-1913,v2x_libdem,0.335,V-Dem,
BEL,1851,1820-1913,v2x_polyarchy,0.339,V-Dem,
BEL,1851,1820-1913,cinc,0.024517668,COW,
BEL,1852,1820-1913,pop,4506.0,Maddison,
BEL,1852,1820-1913,gdppc,3067.0,Maddison,
BEL,1852,1820-1913,v2x_libdem,0.335,V-Dem,
BEL,1852,1820-1913,v2x_polyarchy,0.338,V-Dem,
BEL,1852,1820-1913,cinc,0.024761695,COW,
BEL,1853,1820-1913,pop,4534.0,Maddison,
BEL,1853,1820-1913,gdppc,3127.0,Maddison,
BEL,1853,1820-1913,v2x_libdem,0.334,V-Dem,
BEL,1853,1820-1913,v2x_polyarchy,0.338,V-Dem,
BEL,1853,1820-1913,cinc,0.025100691,COW,
BEL,1854,1820-1913,pop,4563.0,Maddison,
BEL,1854,1820-1913,gdppc,3300.0,Maddison,
BEL,1854,1820-1913,v2x_libdem,0.334,V-Dem,
BEL,1854,1820-1913,v2x_polyarchy,0.338,V-Dem,
BEL,1854,1820-1913,cinc,0.024501983,COW,
BEL,1855,1820-1913,pop,4592.0,Maddison,
BEL,1855,1820-1913,gdppc,3301.0,Maddison,
BEL,1855,1820-1913,v2x_libdem,0.334,V-Dem,
BEL,1855,1820-1913,v2x_polyarchy,0.337,V-Dem,
BEL,1855,1820-1913,cinc,0.023892172,COW,
BEL,1856,1820-1913,pop,4621.0,Maddison,
BEL,1856,1820-1913,gdppc,3459.0,Maddison,
BEL,1856,1820-1913,v2x_libdem,0.334,V-Dem,
BEL,1856,1820-1913,v2x_polyarchy,0.338,V-Dem,
BEL,1856,1820-1913,cinc,0.023416763,COW,
BEL,1857,1820-1913,pop,4651.0,Maddison,
BEL,1857,1820-1913,gdppc,3524.0,Maddison,
BEL,1857,1820-1913,v2x_libdem,0.335,V-Dem,
BEL,1857,1820-1913,v2x_polyarchy,0.339,V-Dem,
BEL,1857,1820-1913,cinc,0.024114121,COW,
BEL,1858,1820-1913,pop,4680.0,Maddison,
BEL,1858,1820-1913,gdppc,3526.0,Maddison,
BEL,1858,1820-1913,v2x_libdem,0.335,V-Dem,
BEL,1858,1820-1913,v2x_polyarchy,0.338,V-Dem,
BEL,1858,1820-1913,cinc,0.025372269,COW,
BEL,1859,1820-1913,pop,4710.0,Maddison,
BEL,1859,1820-1913,gdppc,3502.0,Maddison,
BEL,1859,1820-1913,v2x_libdem,0.334,V-Dem,
BEL,1859,1820-1913,v2x_polyarchy,0.338,V-Dem,
BEL,1859,1820-1913,cinc,0.024720332,COW,
BEL,1860,1820-1913,pop,4740.0,Maddison,
BEL,1860,1820-1913,gdppc,3655.0,Maddison,
BEL,1860,1820-1913,v2x_libdem,0.334,V-Dem,
BEL,1860,1820-1913,v2x_polyarchy,0.338,V-Dem,
BEL,1860,1820-1913,cinc,0.021708345,COW,
BEL,1861,1820-1913,pop,4774.0,Maddison,
BEL,1861,1820-1913,gdppc,3682.0,Maddison,
BEL,1861,1820-1913,v2x_libdem,0.334,V-Dem,
BEL,1861,1820-1913,v2x_polyarchy,0.338,V-Dem,
BEL,1861,1820-1913,cinc,0.021209251,COW,
BEL,1862,1820-1913,pop,4809.0,Maddison,
BEL,1862,1820-1913,gdppc,3752.0,Maddison,
BEL,1862,1820-1913,v2x_libdem,0.334,V-Dem,
BEL,1862,1820-1913,v2x_polyarchy,0.338,V-Dem,
BEL,1862,1820-1913,cinc,0.021033118,COW,
BEL,1863,1820-1913,pop,4844.0,Maddison,
BEL,1863,1820-1913,gdppc,3832.0,Maddison,
BEL,1863,1820-1913,v2x_libdem,0.334,V-Dem,
BEL,1863,1820-1913,v2x_polyarchy,0.338,V-Dem,
BEL,1863,1820-1913,cinc,0.020758463,COW,
BEL,1864,1820-1913,pop,4879.0,Maddison,
BEL,1864,1820-1913,gdppc,3931.0,Maddison,
BEL,1864,1820-1913,v2x_libdem,0.335,V-Dem,
BEL,1864,1820-1913,v2x_polyarchy,0.339,V-Dem,
BEL,1864,1820-1913,cinc,0.020971429,COW,
BEL,1865,1820-1913,pop,4915.0,Maddison,
BEL,1865,1820-1913,gdppc,3902.0,Maddison,
BEL,1865,1820-1913,v2x_libdem,0.335,V-Dem,
BEL,1865,1820-1913,v2x_polyarchy,0.339,V-Dem,
BEL,1865,1820-1913,cinc,0.022316912,COW,
BEL,1866,1820-1913,pop,4950.0,Maddison,
BEL,1866,1820-1913,gdppc,3990.0,Maddison,
BEL,1866,1820-1913,v2x_libdem,0.334,V-Dem,
BEL,1866,1820-1913,v2x_polyarchy,0.338,V-Dem,
BEL,1866,1820-1913,cinc,0.022900216,COW,
BEL,1867,1820-1913,pop,4986.0,Maddison,
BEL,1867,1820-1913,gdppc,3980.0,Maddison,
BEL,1867,1820-1913,v2x_libdem,0.334,V-Dem,
BEL,1867,1820-1913,v2x_polyarchy,0.338,V-Dem,
BEL,1867,1820-1913,cinc,0.021907629,COW,
BEL,1868,1820-1913,pop,5023.0,Maddison,
BEL,1868,1820-1913,gdppc,4095.0,Maddison,
BEL,1868,1820-1913,v2x_libdem,0.336,V-Dem,
BEL,1868,1820-1913,v2x_polyarchy,0.341,V-Dem,
BEL,1868,1820-1913,cinc,0.020827724,COW,
BEL,1869,1820-1913,pop,5029.0,Maddison,
BEL,1869,1820-1913,gdppc,4245.0,Maddison,
BEL,1869,1820-1913,v2x_libdem,0.338,V-Dem,
BEL,1869,1820-1913,v2x_polyarchy,0.344,V-Dem,
BEL,1869,1820-1913,cinc,0.021847602,COW,
BEL,1870,1820-1913,pop,5096.0,Maddison,
BEL,1870,1820-1913,gdppc,4291.0,Maddison,
BEL,1870,1820-1913,v2x_libdem,0.339,V-Dem,
BEL,1870,1820-1913,v2x_polyarchy,0.346,V-Dem,
BEL,1870,1820-1913,cinc,0.023138925,COW,
BEL,1871,1820-1913,pop,5137.0,Maddison,
BEL,1871,1820-1913,gdppc,4275.0,Maddison,
BEL,1871,1820-1913,v2x_libdem,0.339,V-Dem,
BEL,1871,1820-1913,v2x_polyarchy,0.347,V-Dem,
BEL,1871,1820-1913,cinc,0.022011355,COW,
BEL,1872,1820-1913,pop,5178.0,Maddison,
BEL,1872,1820-1913,gdppc,4501.0,Maddison,
BEL,1872,1820-1913,v2x_libdem,0.338,V-Dem,
BEL,1872,1820-1913,v2x_polyarchy,0.345,V-Dem,
BEL,1872,1820-1913,cinc,0.021973914,COW,
BEL,1873,1820-1913,pop,5219.0,Maddison,
BEL,1873,1820-1913,gdppc,4495.0,Maddison,
BEL,1873,1820-1913,v2x_libdem,0.338,V-Dem,
BEL,1873,1820-1913,v2x_polyarchy,0.344,V-Dem,
BEL,1873,1820-1913,cinc,0.021278763,COW,
BEL,1874,1820-1913,pop,5261.0,Maddison,
BEL,1874,1820-1913,gdppc,4607.0,Maddison,
BEL,1874,1820-1913,v2x_libdem,0.338,V-Dem,
BEL,1874,1820-1913,v2x_polyarchy,0.345,V-Dem,
BEL,1874,1820-1913,cinc,0.020798946,COW,
BEL,1875,1820-1913,pop,5303.0,Maddison,
BEL,1875,1820-1913,gdppc,4560.0,Maddison,
BEL,1875,1820-1913,v2x_libdem,0.337,V-Dem,
BEL,1875,1820-1913,v2x_polyarchy,0.345,V-Dem,
BEL,1875,1820-1913,cinc,0.020968312,COW,
BEL,1876,1820-1913,pop,5345.0,Maddison,
BEL,1876,1820-1913,gdppc,4583.0,Maddison,
BEL,1876,1820-1913,v2x_libdem,0.338,V-Dem,
BEL,1876,1820-1913,v2x_polyarchy,0.345,V-Dem,
BEL,1876,1820-1913,cinc,0.019937079,COW,
BEL,1877,1820-1913,pop,5394.0,Maddison,
BEL,1877,1820-1913,gdppc,4597.0,Maddison,
BEL,1877,1820-1913,v2x_libdem,0.339,V-Dem,
BEL,1877,1820-1913,v2x_polyarchy,0.345,V-Dem,
BEL,1877,1820-1913,cinc,0.019112449,COW,
BEL,1878,1820-1913,pop,5442.0,Maddison,
BEL,1878,1820-1913,gdppc,4689.0,Maddison,
BEL,1878,1820-1913,v2x_libdem,0.345,V-Dem,
BEL,1878,1820-1913,v2x_polyarchy,0.356,V-Dem,
BEL,1878,1820-1913,cinc,0.019140732,COW,
BEL,1879,1820-1913,pop,5492.0,Maddison,
BEL,1879,1820-1913,gdppc,4694.0,Maddison,
BEL,1879,1820-1913,v2x_libdem,0.35,V-Dem,
BEL,1879,1820-1913,v2x_polyarchy,0.365,V-Dem,
BEL,1879,1820-1913,cinc,0.019181835,COW,
BEL,1880,1820-1913,pop,5541.0,Maddison,
BEL,1880,1820-1913,gdppc,4886.0,Maddison,
BEL,1880,1820-1913,v2x_libdem,0.35,V-Dem,
BEL,1880,1820-1913,v2x_polyarchy,0.366,V-Dem,
BEL,1880,1820-1913,cinc,0.019406825,COW,
BEL,1881,1820-1913,pop,5606.0,Maddison,
BEL,1881,1820-1913,gdppc,4894.0,Maddison,
BEL,1881,1820-1913,v2x_libdem,0.35,V-Dem,
BEL,1881,1820-1913,v2x_polyarchy,0.366,V-Dem,
BEL,1881,1820-1913,cinc,0.018721815,COW,
BEL,1882,1820-1913,pop,5673.0,Maddison,
BEL,1882,1820-1913,gdppc,4999.0,Maddison,
BEL,1882,1820-1913,v2x_libdem,0.35,V-Dem,
BEL,1882,1820-1913,v2x_polyarchy,0.365,V-Dem,
BEL,1882,1820-1913,cinc,0.019072674,COW,
BEL,1883,1820-1913,pop,5740.0,Maddison,
BEL,1883,1820-1913,gdppc,5013.0,Maddison,
BEL,1883,1820-1913,v2x_libdem,0.35,V-Dem,
BEL,1883,1820-1913,v2x_polyarchy,0.364,V-Dem,
BEL,1883,1820-1913,cinc,0.019650221,COW,
BEL,1884,1820-1913,pop,5807.0,Maddison,
BEL,1884,1820-1913,gdppc,4999.0,Maddison,
BEL,1884,1820-1913,v2x_libdem,0.35,V-Dem,
BEL,1884,1820-1913,v2x_polyarchy,0.365,V-Dem,
BEL,1884,1820-1913,cinc,0.019591028,COW,
BEL,1885,1820-1913,pop,5876.0,Maddison,
BEL,1885,1820-1913,gdppc,5002.0,Maddison,
BEL,1885,1820-1913,v2x_libdem,0.35,V-Dem,
BEL,1885,1820-1913,v2x_polyarchy,0.365,V-Dem,
BEL,1885,1820-1913,cinc,0.019129472,COW,
BEL,1886,1820-1913,pop,5919.0,Maddison,
BEL,1886,1820-1913,gdppc,5026.0,Maddison,
BEL,1886,1820-1913,v2x_libdem,0.344,V-Dem,
BEL,1886,1820-1913,v2x_polyarchy,0.355,V-Dem,
BEL,1886,1820-1913,cinc,0.01843567,COW,
BEL,1887,1820-1913,pop,5962.0,Maddison,
BEL,1887,1820-1913,gdppc,5180.0,Maddison,
BEL,1887,1820-1913,v2x_libdem,0.343,V-Dem,
BEL,1887,1820-1913,v2x_polyarchy,0.353,V-Dem,
BEL,1887,1820-1913,cinc,0.01812526,COW,
BEL,1888,1820-1913,pop,6007.0,Maddison,
BEL,1888,1820-1913,gdppc,5176.0,Maddison,
BEL,1888,1820-1913,v2x_libdem,0.343,V-Dem,
BEL,1888,1820-1913,v2x_polyarchy,0.352,V-Dem,
BEL,1888,1820-1913,cinc,0.018092647,COW,
BEL,1889,1820-1913,pop,6051.0,Maddison,
BEL,1889,1820-1913,gdppc,5386.0,Maddison,
BEL,1889,1820-1913,v2x_libdem,0.342,V-Dem,
BEL,1889,1820-1913,v2x_polyarchy,0.352,V-Dem,
BEL,1889,1820-1913,cinc,0.017756298,COW,
BEL,1890,1820-1913,pop,6096.0,Maddison,
BEL,1890,1820-1913,gdppc,5464.0,Maddison,
BEL,1890,1820-1913,v2x_libdem,0.342,V-Dem,
BEL,1890,1820-1913,v2x_polyarchy,0.351,V-Dem,
BEL,1890,1820-1913,cinc,0.016938718,COW,
BEL,1891,1820-1913,pop,6164.0,Maddison,
BEL,1891,1820-1913,gdppc,5412.0,Maddison,
BEL,1891,1820-1913,v2x_libdem,0.341,V-Dem,
BEL,1891,1820-1913,v2x_polyarchy,0.351,V-Dem,
BEL,1891,1820-1913,cinc,0.016191492,COW,
BEL,1892,1820-1913,pop,6231.0,Maddison,
BEL,1892,1820-1913,gdppc,5486.0,Maddison,
BEL,1892,1820-1913,v2x_libdem,0.342,V-Dem,
BEL,1892,1820-1913,v2x_polyarchy,0.353,V-Dem,
BEL,1892,1820-1913,cinc,0.016509118,COW,
BEL,1893,1820-1913,pop,6300.0,Maddison,
BEL,1893,1820-1913,gdppc,5507.0,Maddison,
BEL,1893,1820-1913,v2x_libdem,0.347,V-Dem,
BEL,1893,1820-1913,v2x_polyarchy,0.36,V-Dem,
BEL,1893,1820-1913,cinc,0.016379425,COW,
BEL,1894,1820-1913,pop,6370.0,Maddison,
BEL,1894,1820-1913,gdppc,5528.0,Maddison,
BEL,1894,1820-1913,v2x_libdem,0.435,V-Dem,
BEL,1894,1820-1913,v2x_polyarchy,0.498,V-Dem,
BEL,1894,1820-1913,cinc,0.01691708,COW,
BEL,1895,1820-1913,pop,6439.0,Maddison,
BEL,1895,1820-1913,gdppc,5598.0,Maddison,
BEL,1895,1820-1913,v2x_libdem,0.436,V-Dem,
BEL,1895,1820-1913,v2x_polyarchy,0.498,V-Dem,
BEL,1895,1820-1913,cinc,0.015960833,COW,
BEL,1896,1820-1913,pop,6494.0,Maddison,
BEL,1896,1820-1913,gdppc,5660.0,Maddison,
BEL,1896,1820-1913,v2x_libdem,0.436,V-Dem,
BEL,1896,1820-1913,v2x_polyarchy,0.497,V-Dem,
BEL,1896,1820-1913,cinc,0.016506953,COW,
BEL,1897,1820-1913,pop,6548.0,Maddison,
BEL,1897,1820-1913,gdppc,5716.0,Maddison,
BEL,1897,1820-1913,v2x_libdem,0.436,V-Dem,
BEL,1897,1820-1913,v2x_polyarchy,0.497,V-Dem,
BEL,1897,1820-1913,cinc,0.016193476,COW,
BEL,1898,1820-1913,pop,6604.0,Maddison,
BEL,1898,1820-1913,gdppc,5762.0,Maddison,
BEL,1898,1820-1913,v2x_libdem,0.435,V-Dem,
BEL,1898,1820-1913,v2x_polyarchy,0.495,V-Dem,
BEL,1898,1820-1913,cinc,0.015125887,COW,
BEL,1899,1820-1913,pop,6662.0,Maddison,
BEL,1899,1820-1913,gdppc,5828.0,Maddison,
BEL,1899,1820-1913,v2x_libdem,0.435,V-Dem,
BEL,1899,1820-1913,v2x_polyarchy,0.494,V-Dem,
BEL,1899,1820-1913,cinc,0.014682084,COW,
BEL,1900,1820-1913,pop,6719.0,Maddison,
BEL,1900,1820-1913,gdppc,5947.0,Maddison,
BEL,1900,1820-1913,v2x_libdem,0.442,V-Dem,
BEL,1900,1820-1913,v2x_polyarchy,0.505,V-Dem,
BEL,1900,1820-1913,cinc,0.013917479,COW,
BEL,1901,1820-1913,pop,6801.0,Maddison,
BEL,1901,1820-1913,gdppc,5928.0,Maddison,
BEL,1901,1820-1913,v2x_libdem,0.443,V-Dem,
BEL,1901,1820-1913,v2x_polyarchy,0.508,V-Dem,
BEL,1901,1820-1913,cinc,0.0123719,COW,
BEL,1902,1820-1913,pop,6903.0,Maddison,
BEL,1902,1820-1913,gdppc,5960.0,Maddison,
BEL,1902,1820-1913,v2x_libdem,0.444,V-Dem,
BEL,1902,1820-1913,v2x_polyarchy,0.509,V-Dem,
BEL,1902,1820-1913,cinc,0.013456127,COW,
BEL,1903,1820-1913,pop,6997.0,Maddison,
BEL,1903,1820-1913,gdppc,6013.0,Maddison,
BEL,1903,1820-1913,v2x_libdem,0.444,V-Dem,
BEL,1903,1820-1913,v2x_polyarchy,0.509,V-Dem,
BEL,1903,1820-1913,cinc,0.014955273,COW,
BEL,1904,1820-1913,pop,7086.0,Maddison,
BEL,1904,1820-1913,gdppc,6091.0,Maddison,
BEL,1904,1820-1913,v2x_libdem,0.442,V-Dem,
BEL,1904,1820-1913,v2x_polyarchy,0.507,V-Dem,
BEL,1904,1820-1913,cinc,0.01529636,COW,
BEL,1905,1820-1913,pop,7175.0,Maddison,
BEL,1905,1820-1913,gdppc,6188.0,Maddison,
BEL,1905,1820-1913,v2x_libdem,0.441,V-Dem,
BEL,1905,1820-1913,v2x_polyarchy,0.505,V-Dem,
BEL,1905,1820-1913,cinc,0.014029781,COW,
BEL,1906,1820-1913,pop,7258.0,Maddison,
BEL,1906,1820-1913,gdppc,6244.0,Maddison,
BEL,1906,1820-1913,v2x_libdem,0.443,V-Dem,
BEL,1906,1820-1913,v2x_polyarchy,0.508,V-Dem,
BEL,1906,1820-1913,cinc,0.014697101,COW,
BEL,1907,1820-1913,pop,7338.0,Maddison,
BEL,1907,1820-1913,gdppc,6268.0,Maddison,
BEL,1907,1820-1913,v2x_libdem,0.445,V-Dem,
BEL,1907,1820-1913,v2x_polyarchy,0.51,V-Dem,
BEL,1907,1820-1913,cinc,0.014563496,COW,
BEL,1908,1820-1913,pop,7411.0,Maddison,
BEL,1908,1820-1913,gdppc,6269.0,Maddison,
BEL,1908,1820-1913,v2x_libdem,0.441,V-Dem,
BEL,1908,1820-1913,v2x_polyarchy,0.509,V-Dem,
BEL,1908,1820-1913,cinc,0.014434446,COW,
BEL,1909,1820-1913,pop,7478.0,Maddison,
BEL,1909,1820-1913,gdppc,6330.0,Maddison,
BEL,1909,1820-1913,v2x_libdem,0.441,V-Dem,
BEL,1909,1820-1913,v2x_polyarchy,0.509,V-Dem,
BEL,1909,1820-1913,cinc,0.014483277,COW,
BEL,1910,1820-1913,pop,7498.0,Maddison,
BEL,1910,1820-1913,gdppc,6478.0,Maddison,
BEL,1910,1820-1913,v2x_libdem,0.442,V-Dem,
BEL,1910,1820-1913,v2x_polyarchy,0.509,V-Dem,
BEL,1910,1820-1913,cinc,0.01484623,COW,
BEL,1911,1820-1913,pop,7517.0,Maddison,
BEL,1911,1820-1913,gdppc,6612.0,Maddison,
BEL,1911,1820-1913,v2x_libdem,0.443,V-Dem,
BEL,1911,1820-1913,v2x_polyarchy,0.51,V-Dem,
BEL,1911,1820-1913,cinc,0.01496683,COW,
BEL,1912,1820-1913,pop,7590.0,Maddison,
BEL,1912,1820-1913,gdppc,6704.0,Maddison,
BEL,1912,1820-1913,v2x_libdem,0.443,V-Dem,
BEL,1912,1820-1913,v2x_polyarchy,0.511,V-Dem,
BEL,1912,1820-1913,cinc,0.015025571,COW,
BEL,1913,1820-1913,pop,7666.0,Maddison,
BEL,1913,1820-1913,gdppc,6727.0,Maddison,
BEL,1913,1820-1913,v2x_libdem,0.441,V-Dem,
BEL,1913,1820-1913,v2x_polyarchy,0.507,V-Dem,
BEL,1913,1820-1913,cinc,0.013770692,COW,
BEL,1945,1945-2020,pop,8339.0,Maddison,
BEL,1945,1945-2020,gdppc,6907.0,Maddison,
BEL,1945,1945-2020,v2x_libdem,0.281,V-Dem,
BEL,1945,1945-2020,v2x_polyarchy,0.239,V-Dem,
BEL,1945,1945-2020,cinc,0.0047495971,COW,
BEL,1946,1945-2020,pop,8367.0,Maddison,
BEL,1946,1945-2020,gdppc,7291.0,Maddison,
BEL,1946,1945-2020,v2x_libdem,0.461,V-Dem,
BEL,1946,1945-2020,v2x_polyarchy,0.504,V-Dem,
BEL,1946,1945-2020,cinc,0.0098076724,COW,
BEL,1947,1945-2020,pop,8450.0,Maddison,
BEL,1947,1945-2020,gdppc,7651.0,Maddison,
BEL,1947,1945-2020,v2x_libdem,0.481,V-Dem,
BEL,1947,1945-2020,v2x_polyarchy,0.535,V-Dem,
BEL,1947,1945-2020,cinc,0.010505538,COW,
BEL,1948,1945-2020,pop,8557.0,Maddison,
BEL,1948,1945-2020,gdppc,8008.0,Maddison,
BEL,1948,1945-2020,v2x_libdem,0.481,V-Dem,
BEL,1948,1945-2020,v2x_polyarchy,0.535,V-Dem,
BEL,1948,1945-2020,cinc,0.010908438,COW,
BEL,1949,1945-2020,pop,8614.0,Maddison,
BEL,1949,1945-2020,gdppc,8278.0,Maddison,
BEL,1949,1945-2020,v2x_libdem,0.619,V-Dem,
BEL,1949,1945-2020,v2x_polyarchy,0.7,V-Dem,
BEL,1949,1945-2020,cinc,0.0094229029,COW,
BEL,1950,1945-2020,pop,8639.369,Maddison,
BEL,1950,1945-2020,gdppc,8706.0,Maddison,
BEL,1950,1945-2020,v2x_libdem,0.635,V-Dem,
BEL,1950,1945-2020,v2x_polyarchy,0.72,V-Dem,
BEL,1950,1945-2020,cinc,0.0082221264,COW,
BEL,1951,1945-2020,pop,8678.386,Maddison,
BEL,1951,1945-2020,gdppc,9161.0,Maddison,
BEL,1951,1945-2020,v2x_libdem,0.64,V-Dem,
BEL,1951,1945-2020,v2x_polyarchy,0.725,V-Dem,
BEL,1951,1945-2020,cinc,0.0091781151,COW,
BEL,1952,1945-2020,pop,8730.405,Maddison,
BEL,1952,1945-2020,gdppc,9035.0,Maddison,
BEL,1952,1945-2020,v2x_libdem,0.64,V-Dem,
BEL,1952,1945-2020,v2x_polyarchy,0.725,V-Dem,
BEL,1952,1945-2020,cinc,0.0090423869,COW,
BEL,1953,1945-2020,pop,8777.873,Maddison,
BEL,1953,1945-2020,gdppc,9274.0,Maddison,
BEL,1953,1945-2020,v2x_libdem,0.64,V-Dem,
BEL,1953,1945-2020,v2x_polyarchy,0.725,V-Dem,
BEL,1953,1945-2020,cinc,0.0079596164,COW,
BEL,1954,1945-2020,pop,8819.38,Maddison,
BEL,1954,1945-2020,gdppc,9610.0,Maddison,
BEL,1954,1945-2020,v2x_libdem,0.646,V-Dem,
BEL,1954,1945-2020,v2x_polyarchy,0.731,V-Dem,
BEL,1954,1945-2020,cinc,0.0085987197,COW,
BEL,1955,1945-2020,pop,8868.475,Maddison,
BEL,1955,1945-2020,gdppc,10010.0,Maddison,
BEL,1955,1945-2020,v2x_libdem,0.648,V-Dem,
BEL,1955,1945-2020,v2x_polyarchy,0.733,V-Dem,
BEL,1955,1945-2020,cinc,0.0078549981,COW,
BEL,1956,1945-2020,pop,8923.845,Maddison,
BEL,1956,1945-2020,gdppc,10237.0,Maddison,
BEL,1956,1945-2020,v2x_libdem,0.648,V-Dem,
BEL,1956,1945-2020,v2x_polyarchy,0.733,V-Dem,
BEL,1956,1945-2020,cinc,0.0079785567,COW,
BEL,1957,1945-2020,pop,8989.111,Maddison,
BEL,1957,1945-2020,gdppc,10353.0,Maddison,
BEL,1957,1945-2020,v2x_libdem,0.649,V-Dem,
BEL,1957,1945-2020,v2x_polyarchy,0.733,V-Dem,
BEL,1957,1945-2020,cinc,0.0077318265,COW,
BEL,1958,1945-2020,pop,9052.707,Maddison,
BEL,1958,1945-2020,gdppc,10268.0,Maddison,
BEL,1958,1945-2020,v2x_libdem,0.648,V-Dem,
BEL,1958,1945-2020,v2x_polyarchy,0.731,V-Dem,
BEL,1958,1945-2020,cinc,0.0076894751,COW,
BEL,1959,1945-2020,pop,9103.729,Maddison,
BEL,1959,1945-2020,gdppc,10533.0,Maddison,
BEL,1959,1945-2020,v2x_libdem,0.648,V-Dem,
BEL,1959,1945-2020,v2x_polyarchy,0.73,V-Dem,
BEL,1959,1945-2020,cinc,0.0073392033,COW,
BEL,1960,1945-2020,pop,9118.7,Maddison,
BEL,1960,1945-2020,gdppc,11081.0,Maddison,
BEL,1960,1945-2020,v2x_libdem,0.75,V-Dem,
BEL,1960,1945-2020,v2x_polyarchy,0.836,V-Dem,
BEL,1960,1945-2020,cinc,0.0072474219,COW,
BEL,1961,1945-2020,pop,9165.8,Maddison,
BEL,1961,1945-2020,gdppc,11561.0,Maddison,
BEL,1961,1945-2020,v2x_libdem,0.748,V-Dem,
BEL,1961,1945-2020,v2x_polyarchy,0.836,V-Dem,
BEL,1961,1945-2020,cinc,0.0070954426,COW,
BEL,1962,1945-2020,pop,9218.4,Maddison,
BEL,1962,1945-2020,gdppc,12087.0,Maddison,
BEL,1962,1945-2020,v2x_libdem,0.757,V-Dem,
BEL,1962,1945-2020,v2x_polyarchy,0.842,V-Dem,
BEL,1962,1945-2020,cinc,0.0070632081,COW,
BEL,1963,1945-2020,pop,9283.1,Maddison,
BEL,1963,1945-2020,gdppc,12532.0,Maddison,
BEL,1963,1945-2020,v2x_libdem,0.759,V-Dem,
BEL,1963,1945-2020,v2x_polyarchy,0.842,V-Dem,
BEL,1963,1945-2020,cinc,0.0069929701,COW,
BEL,1964,1945-2020,pop,9367.0,Maddison,
BEL,1964,1945-2020,gdppc,13295.0,Maddison,
BEL,1964,1945-2020,v2x_libdem,0.759,V-Dem,
BEL,1964,1945-2020,v2x_polyarchy,0.842,V-Dem,
BEL,1964,1945-2020,cinc,0.0070917113,COW,
BEL,1965,1945-2020,pop,9448.1,Maddison,
BEL,1965,1945-2020,gdppc,13643.0,Maddison,
BEL,1965,1945-2020,v2x_libdem,0.762,V-Dem,
BEL,1965,1945-2020,v2x_polyarchy,0.845,V-Dem,
BEL,1965,1945-2020,cinc,0.0070623723,COW,
BEL,1966,1945-2020,pop,9507.8,Maddison,
BEL,1966,1945-2020,gdppc,13989.0,Maddison,
BEL,1966,1945-2020,v2x_libdem,0.763,V-Dem,
BEL,1966,1945-2020,v2x_polyarchy,0.846,V-Dem,
BEL,1966,1945-2020,cinc,0.0065907603,COW,
BEL,1967,1945-2020,pop,9556.5,Maddison,
BEL,1967,1945-2020,gdppc,14461.0,Maddison,
BEL,1967,1945-2020,v2x_libdem,0.763,V-Dem,
BEL,1967,1945-2020,v2x_polyarchy,0.846,V-Dem,
BEL,1967,1945-2020,cinc,0.0066708759,COW,
BEL,1968,1945-2020,pop,9589.8,Maddison,
BEL,1968,1945-2020,gdppc,15009.0,Maddison,
BEL,1968,1945-2020,v2x_libdem,0.762,V-Dem,
BEL,1968,1945-2020,v2x_polyarchy,0.844,V-Dem,
BEL,1968,1945-2020,cinc,0.0071780523,COW,
BEL,1969,1945-2020,pop,9612.7,Maddison,
BEL,1969,1945-2020,gdppc,15969.0,Maddison,
BEL,1969,1945-2020,v2x_libdem,0.762,V-Dem,
BEL,1969,1945-2020,v2x_polyarchy,0.843,V-Dem,
BEL,1969,1945-2020,cinc,0.0073097316,COW,
BEL,1970,1945-2020,pop,9637.8,Maddison,
BEL,1970,1945-2020,gdppc,16914.0,Maddison,
BEL,1970,1945-2020,v2x_libdem,0.767,V-Dem,
BEL,1970,1945-2020,v2x_polyarchy,0.846,V-Dem,
BEL,1970,1945-2020,cinc,0.0069500702,COW,
BEL,1971,1945-2020,pop,9672.5,Maddison,
BEL,1971,1945-2020,gdppc,17486.0,Maddison,
BEL,1971,1945-2020,v2x_libdem,0.767,V-Dem,
BEL,1971,1945-2020,v2x_polyarchy,0.848,V-Dem,
BEL,1971,1945-2020,cinc,0.0069667348,COW,
BEL,1972,1945-2020,pop,9709.1,Maddison,
BEL,1972,1945-2020,gdppc,18336.0,Maddison,
BEL,1972,1945-2020,v2x_libdem,0.772,V-Dem,
BEL,1972,1945-2020,v2x_polyarchy,0.854,V-Dem,
BEL,1972,1945-2020,cinc,0.0074494984,COW,
BEL,1973,1945-2020,pop,9738.4,Maddison,
BEL,1973,1945-2020,gdppc,19399.0,Maddison,
BEL,1973,1945-2020,v2x_libdem,0.772,V-Dem,
BEL,1973,1945-2020,v2x_polyarchy,0.854,V-Dem,
BEL,1973,1945-2020,cinc,0.0074047302,COW,
BEL,1974,1945-2020,pop,9767.8,Maddison,
BEL,1974,1945-2020,gdppc,20153.0,Maddison,
BEL,1974,1945-2020,v2x_libdem,0.77,V-Dem,
BEL,1974,1945-2020,v2x_polyarchy,0.85,V-Dem,
BEL,1974,1945-2020,cinc,0.0073481337,COW,
BEL,1975,1945-2020,pop,9794.8,Maddison,
BEL,1975,1945-2020,gdppc,19831.0,Maddison,
BEL,1975,1945-2020,v2x_libdem,0.769,V-Dem,
BEL,1975,1945-2020,v2x_polyarchy,0.849,V-Dem,
BEL,1975,1945-2020,cinc,0.0064660171,COW,
BEL,1976,1945-2020,pop,9811.0,Maddison,
BEL,1976,1945-2020,gdppc,20916.0,Maddison,
BEL,1976,1945-2020,v2x_libdem,0.771,V-Dem,
BEL,1976,1945-2020,v2x_polyarchy,0.85,V-Dem,
BEL,1976,1945-2020,cinc,0.0064535905,COW,
BEL,1977,1945-2020,pop,9821.8,Maddison,
BEL,1977,1945-2020,gdppc,21025.0,Maddison,
BEL,1977,1945-2020,v2x_libdem,0.773,V-Dem,
BEL,1977,1945-2020,v2x_polyarchy,0.853,V-Dem,
BEL,1977,1945-2020,cinc,0.0064561763,COW,
BEL,1978,1945-2020,pop,9829.7,Maddison,
BEL,1978,1945-2020,gdppc,21605.0,Maddison,
BEL,1978,1945-2020,v2x_libdem,0.773,V-Dem,
BEL,1978,1945-2020,v2x_polyarchy,0.854,V-Dem,
BEL,1978,1945-2020,cinc,0.0066291532,COW,
BEL,1979,1945-2020,pop,9837.2,Maddison,
BEL,1979,1945-2020,gdppc,22094.0,Maddison,
BEL,1979,1945-2020,v2x_libdem,0.772,V-Dem,
BEL,1979,1945-2020,v2x_polyarchy,0.853,V-Dem,
BEL,1979,1945-2020,cinc,0.0067072543,COW,
BEL,1980,1945-2020,pop,9846.8,Maddison,
BEL,1980,1945-2020,gdppc,23060.0,Maddison,
BEL,1980,1945-2020,v2x_libdem,0.786,V-Dem,
BEL,1980,1945-2020,v2x_polyarchy,0.866,V-Dem,
BEL,1980,1945-2020,cinc,0.0064708064,COW,
BEL,1981,1945-2020,pop,9852.4,Maddison,
BEL,1981,1945-2020,gdppc,22760.0,Maddison,
BEL,1981,1945-2020,v2x_libdem,0.782,V-Dem,
BEL,1981,1945-2020,v2x_polyarchy,0.859,V-Dem,
BEL,1981,1945-2020,cinc,0.006184726,COW,
BEL,1982,1945-2020,pop,9856.303,Maddison,
BEL,1982,1945-2020,gdppc,23071.0,Maddison,
BEL,1982,1945-2020,v2x_libdem,0.782,V-Dem,
BEL,1982,1945-2020,v2x_polyarchy,0.86,V-Dem,
BEL,1982,1945-2020,cinc,0.0055935602,COW,
BEL,1983,1945-2020,pop,9855.52,Maddison,
BEL,1983,1945-2020,gdppc,23071.0,Maddison,
BEL,1983,1945-2020,v2x_libdem,0.782,V-Dem,
BEL,1983,1945-2020,v2x_polyarchy,0.86,V-Dem,
BEL,1983,1945-2020,cinc,0.0053167455,COW,
BEL,1984,1945-2020,pop,9855.3,Maddison,
BEL,1984,1945-2020,gdppc,23644.0,Maddison,
BEL,1984,1945-2020,v2x_libdem,0.782,V-Dem,
BEL,1984,1945-2020,v2x_polyarchy,0.86,V-Dem,
BEL,1984,1945-2020,cinc,0.0053018997,COW,
BEL,1985,1945-2020,pop,9858.2,Maddison,
BEL,1985,1945-2020,gdppc,23873.0,Maddison,
BEL,1985,1945-2020,v2x_libdem,0.782,V-Dem,
BEL,1985,1945-2020,v2x_polyarchy,0.86,V-Dem,
BEL,1985,1945-2020,cinc,0.0049201944,COW,
BEL,1986,1945-2020,pop,9861.8,Maddison,
BEL,1986,1945-2020,gdppc,24221.0,Maddison,
BEL,1986,1945-2020,v2x_libdem,0.783,V-Dem,
BEL,1986,1945-2020,v2x_polyarchy,0.859,V-Dem,
BEL,1986,1945-2020,cinc,0.0049444917,COW,
BEL,1987,1945-2020,pop,9870.2,Maddison,
BEL,1987,1945-2020,gdppc,24772.0,Maddison,
BEL,1987,1945-2020,v2x_libdem,0.78,V-Dem,
BEL,1987,1945-2020,v2x_polyarchy,0.859,V-Dem,
BEL,1987,1945-2020,cinc,0.0049726078,COW,
BEL,1988,1945-2020,pop,9884.0,Maddison,
BEL,1988,1945-2020,gdppc,25905.0,Maddison,
BEL,1988,1945-2020,v2x_libdem,0.776,V-Dem,
BEL,1988,1945-2020,v2x_polyarchy,0.854,V-Dem,
BEL,1988,1945-2020,cinc,0.0049326532,COW,
BEL,1989,1945-2020,pop,9937.697,Maddison,
BEL,1989,1945-2020,gdppc,26690.0,Maddison,
BEL,1989,1945-2020,v2x_libdem,0.778,V-Dem,
BEL,1989,1945-2020,v2x_polyarchy,0.858,V-Dem,
BEL,1989,1945-2020,cinc,0.0049744528,COW,
BEL,1990,1945-2020,pop,9969.31,Maddison,
BEL,1990,1945-2020,gdppc,27412.0,Maddison,
BEL,1990,1945-2020,v2x_libdem,0.797,V-Dem,
BEL,1990,1945-2020,v2x_polyarchy,0.869,V-Dem,
BEL,1990,1945-2020,cinc,0.0050272807,COW,
BEL,1991,1945-2020,pop,10007.31,Maddison,
BEL,1991,1945-2020,gdppc,27848.304164473633,Maddison,
BEL,1991,1945-2020,v2x_libdem,0.798,V-Dem,
BEL,1991,1945-2020,v2x_polyarchy,0.87,V-Dem,
BEL,1991,1945-2020,cinc,0.0053852382,COW,
BEL,1992,1945-2020,pop,10048.32,Maddison,
BEL,1992,1945-2020,gdppc,28199.57377624236,Maddison,
BEL,1992,1945-2020,v2x_libdem,0.808,V-Dem,
BEL,1992,1945-2020,v2x_polyarchy,0.879,V-Dem,
BEL,1992,1945-2020,cinc,0.0051304102,COW,
BEL,1993,1945-2020,pop,10087.33,Maddison,
BEL,1993,1945-2020,gdppc,27857.249440123524,Maddison,
BEL,1993,1945-2020,v2x_libdem,0.808,V-Dem,
BEL,1993,1945-2020,v2x_polyarchy,0.879,V-Dem,
BEL,1993,1945-2020,cinc,0.0051820599,COW,
BEL,1994,1945-2020,pop,10117.33,Maddison,
BEL,1994,1945-2020,gdppc,28706.500573956673,Maddison,
BEL,1994,1945-2020,v2x_libdem,0.808,V-Dem,
BEL,1994,1945-2020,v2x_polyarchy,0.879,V-Dem,
BEL,1994,1945-2020,cinc,0.0052430299,COW,
BEL,1995,1945-2020,pop,10138.33,Maddison,
BEL,1995,1945-2020,gdppc,29370.087081695692,Maddison,
BEL,1995,1945-2020,v2x_libdem,0.812,V-Dem,
BEL,1995,1945-2020,v2x_polyarchy,0.882,V-Dem,
BEL,1995,1945-2020,cinc,0.0052048573,COW,
BEL,1996,1945-2020,pop,10158.33,Maddison,
BEL,1996,1945-2020,gdppc,29820.299488270775,Maddison,
BEL,1996,1945-2020,v2x_libdem,0.812,V-Dem,
BEL,1996,1945-2020,v2x_polyarchy,0.882,V-Dem,
BEL,1996,1945-2020,cinc,0.0050560217,COW,
BEL,1997,1945-2020,pop,10182.34,Maddison,
BEL,1997,1945-2020,gdppc,30894.28279758947,Maddison,
BEL,1997,1945-2020,v2x_libdem,0.812,V-Dem,
BEL,1997,1945-2020,v2x_polyarchy,0.882,V-Dem,
BEL,1997,1945-2020,cinc,0.004807611,COW,
BEL,1998,1945-2020,pop,10204.34,Maddison,
BEL,1998,1945-2020,gdppc,31480.74344858214,Maddison,
BEL,1998,1945-2020,v2x_libdem,0.813,V-Dem,
BEL,1998,1945-2020,v2x_polyarchy,0.882,V-Dem,
BEL,1998,1945-2020,cinc,0.0050511733,COW,
BEL,1999,1945-2020,pop,10227.34,Maddison,
BEL,1999,1945-2020,gdppc,32571.67449971978,Maddison,
BEL,1999,1945-2020,v2x_libdem,0.816,V-Dem,
BEL,1999,1945-2020,v2x_polyarchy,0.883,V-Dem,
BEL,1999,1945-2020,cinc,0.0047675273,COW,
BEL,2000,1945-2020,pop,10252.35,Maddison,
BEL,2000,1945-2020,gdppc,33719.76983855418,Maddison,
BEL,2000,1945-2020,v2x_libdem,0.819,V-Dem,
BEL,2000,1945-2020,v2x_polyarchy,0.885,V-Dem,
BEL,2000,1945-2020,cinc,0.0046689678,COW,
BEL,2001,1945-2020,pop,10288.35,Maddison,
BEL,2001,1945-2020,gdppc,33923.34204475072,Maddison,
BEL,2001,1945-2020,v2x_libdem,0.819,V-Dem,
BEL,2001,1945-2020,v2x_polyarchy,0.885,V-Dem,
BEL,2001,1945-2020,cinc,0.0043996875,COW,
BEL,2002,1945-2020,pop,10334.36,Maddison,
BEL,2002,1945-2020,gdppc,34419.693751854655,Maddison,
BEL,2002,1945-2020,v2x_libdem,0.819,V-Dem,
BEL,2002,1945-2020,v2x_polyarchy,0.885,V-Dem,
BEL,2002,1945-2020,cinc,0.0046887752,COW,
BEL,2003,1945-2020,pop,10377.36,Maddison,
BEL,2003,1945-2020,gdppc,34588.476021026705,Maddison,
BEL,2003,1945-2020,v2x_libdem,0.819,V-Dem,
BEL,2003,1945-2020,v2x_polyarchy,0.886,V-Dem,
BEL,2003,1945-2020,cinc,0.0045691719,COW,
BEL,2004,1945-2020,pop,10422.37,Maddison,
BEL,2004,1945-2020,gdppc,35740.35246260941,Maddison,
BEL,2004,1945-2020,v2x_libdem,0.795,V-Dem,
BEL,2004,1945-2020,v2x_polyarchy,0.864,V-Dem,
BEL,2004,1945-2020,cinc,0.0044212313,COW,
BEL,2005,1945-2020,pop,10480.38,Maddison,
BEL,2005,1945-2020,gdppc,36338.38311504945,Maddison,
BEL,2005,1945-2020,v2x_libdem,0.816,V-Dem,
BEL,2005,1945-2020,v2x_polyarchy,0.884,V-Dem,
BEL,2005,1945-2020,cinc,0.0040015681,COW,
BEL,2006,1945-2020,pop,10549.39,Maddison,
BEL,2006,1945-2020,gdppc,37051.902245853424,Maddison,
BEL,2006,1945-2020,v2x_libdem,0.818,V-Dem,
BEL,2006,1945-2020,v2x_polyarchy,0.885,V-Dem,
BEL,2006,1945-2020,cinc,0.0039700507,COW,
BEL,2007,1945-2020,pop,10627.4,Maddison,
BEL,2007,1945-2020,gdppc,38082.87333574846,Maddison,
BEL,2007,1945-2020,v2x_libdem,0.828,V-Dem,
BEL,2007,1945-2020,v2x_polyarchy,0.891,V-Dem,
BEL,2007,1945-2020,cinc,0.0037901984,COW,
BEL,2008,1945-2020,pop,10711.41,Maddison,
BEL,2008,1945-2020,gdppc,38117.34841552228,Maddison,
BEL,2008,1945-2020,v2x_libdem,0.832,V-Dem,
BEL,2008,1945-2020,v2x_polyarchy,0.899,V-Dem,
BEL,2008,1945-2020,cinc,0.0037590053,COW,
BEL,2009,1945-2020,pop,10797.42,Maddison,
BEL,2009,1945-2020,gdppc,36998.64926229877,Maddison,
BEL,2009,1945-2020,v2x_libdem,0.834,V-Dem,
BEL,2009,1945-2020,v2x_polyarchy,0.899,V-Dem,
BEL,2009,1945-2020,cinc,0.0031228545,COW,
BEL,2010,1945-2020,pop,10897.43,Maddison,
BEL,2010,1945-2020,gdppc,37739.327492898185,Maddison,
BEL,2010,1945-2020,v2x_libdem,0.834,V-Dem,
BEL,2010,1945-2020,v2x_polyarchy,0.9,V-Dem,
BEL,2010,1945-2020,cinc,0.0032206057,COW,
BEL,2011,1945-2020,pop,11039.45,Maddison,
BEL,2011,1945-2020,gdppc,38130.0,Maddison,
BEL,2011,1945-2020,v2x_libdem,0.835,V-Dem,
BEL,2011,1945-2020,v2x_polyarchy,0.9,V-Dem,
BEL,2011,1945-2020,cinc,0.0030799452,COW,
BEL,2012,1945-2020,pop,11108.46,Maddison,
BEL,2012,1945-2020,gdppc,38173.23391642716,Maddison,
BEL,2012,1945-2020,v2x_libdem,0.835,V-Dem,
BEL,2012,1945-2020,v2x_polyarchy,0.9,V-Dem,
BEL,2012,1945-2020,cinc,0.002916707,COW,
BEL,2013,1945-2020,pop,11160.47,Maddison,
BEL,2013,1945-2020,gdppc,38169.830165153755,Maddison,
BEL,2013,1945-2020,v2x_libdem,0.839,V-Dem,
BEL,2013,1945-2020,v2x_polyarchy,0.902,V-Dem,
BEL,2013,1945-2020,cinc,0.0027985566,COW,
BEL,2014,1945-2020,pop,11210.47,Maddison,
BEL,2014,1945-2020,gdppc,38599.42407791561,Maddison,
BEL,2014,1945-2020,v2x_libdem,0.838,V-Dem,
BEL,2014,1945-2020,v2x_polyarchy,0.902,V-Dem,
BEL,2014,1945-2020,cinc,0.002763293,COW,
BEL,2015,1945-2020,pop,11275.48,Maddison,
BEL,2015,1945-2020,gdppc,39160.32302813663,Maddison,
BEL,2015,1945-2020,v2x_libdem,0.837,V-Dem,
BEL,2015,1945-2020,v2x_polyarchy,0.901,V-Dem,
BEL,2015,1945-2020,cinc,0.0026894291,COW,
BEL,2016,1945-2020,pop,11332.49,Maddison,
BEL,2016,1945-2020,gdppc,39456.86337267277,Maddison,
BEL,2016,1945-2020,v2x_libdem,0.837,V-Dem,
BEL,2016,1945-2020,v2x_polyarchy,0.901,V-Dem,
BEL,2016,1945-2020,cinc,0.0027156102,COW,
BEL,2017,1945-2020,pop,11376.49,Maddison,
BEL,2017,1945-2020,gdppc,39940.823394286126,Maddison,
BEL,2017,1945-2020,v2x_libdem,0.836,V-Dem,
BEL,2017,1945-2020,v2x_polyarchy,0.9,V-Dem,
BEL,2017,1945-2020,cinc,,COW,
BEL,2018,1945-2020,pop,11428.5,Maddison,
BEL,2018,1945-2020,gdppc,40471.914597792296,Maddison,
BEL,2018,1945-2020,v2x_libdem,0.836,V-Dem,
BEL,2018,1945-2020,v2x_polyarchy,0.9,V-Dem,
BEL,2018,1945-2020,cinc,,COW,
BEL,2019,1945-2020,pop,11490.51,Maddison,
BEL,2019,1945-2020,gdppc,41155.526780402,Maddison,
BEL,2019,1945-2020,v2x_libdem,0.837,V-Dem,
BEL,2019,1945-2020,v2x_polyarchy,0.901,V-Dem,
BEL,2019,1945-2020,cinc,,COW,
BEL,2020,1945-2020,pop,11545.52,Maddison,
BEL,2020,1945-2020,gdppc,38763.44257492726,Maddison,
BEL,2020,1945-2020,v2x_libdem,0.826,V-Dem,
BEL,2020,1945-2020,v2x_polyarchy,0.897,V-Dem,
BEL,2020,1945-2020,cinc,,COW,
DEU,1820,1820-1913,pop,24905.0,Maddison,
DEU,1820,1820-1913,gdppc,2041.1140949860194,Maddison,
DEU,1820,1820-1913,v2x_libdem,0.069,V-Dem,
DEU,1820,1820-1913,v2x_polyarchy,0.03,V-Dem,
DEU,1820,1820-1913,cinc,0.052319482,COW,
DEU,1821,1820-1913,pop,25260.0,Maddison,
DEU,1821,1820-1913,gdppc,2060.627987832256,Maddison,
DEU,1821,1820-1913,v2x_libdem,0.069,V-Dem,
DEU,1821,1820-1913,v2x_polyarchy,0.03,V-Dem,
DEU,1821,1820-1913,cinc,0.049972206,COW,
DEU,1822,1820-1913,pop,25620.0,Maddison,
DEU,1822,1820-1913,gdppc,2045.651248396832,Maddison,
DEU,1822,1820-1913,v2x_libdem,0.069,V-Dem,
DEU,1822,1820-1913,v2x_polyarchy,0.03,V-Dem,
DEU,1822,1820-1913,cinc,0.05064315,COW,
DEU,1823,1820-1913,pop,25969.0,Maddison,
DEU,1823,1820-1913,gdppc,2028.8698271589956,Maddison,
DEU,1823,1820-1913,v2x_libdem,0.069,V-Dem,
DEU,1823,1820-1913,v2x_polyarchy,0.03,V-Dem,
DEU,1823,1820-1913,cinc,0.049205691,COW,
DEU,1824,1820-1913,pop,26307.0,Maddison,
DEU,1824,1820-1913,gdppc,2135.2432933787904,Maddison,
DEU,1824,1820-1913,v2x_libdem,0.069,V-Dem,
DEU,1824,1820-1913,v2x_polyarchy,0.03,V-Dem,
DEU,1824,1820-1913,cinc,0.048098873,COW,
DEU,1825,1820-1913,pop,26650.0,Maddison,
DEU,1825,1820-1913,gdppc,2141.0433332888456,Maddison,
DEU,1825,1820-1913,v2x_libdem,0.069,V-Dem,
DEU,1825,1820-1913,v2x_polyarchy,0.03,V-Dem,
DEU,1825,1820-1913,cinc,0.04840878,COW,
DEU,1826,1820-1913,pop,26964.0,Maddison,
DEU,1826,1820-1913,gdppc,2144.8382866302395,Maddison,
DEU,1826,1820-1913,v2x_libdem,0.069,V-Dem,
DEU,1826,1820-1913,v2x_polyarchy,0.03,V-Dem,
DEU,1826,1820-1913,cinc,0.050164476,COW,
DEU,1827,1820-1913,pop,27249.0,Maddison,
DEU,1827,1820-1913,gdppc,2100.242817689551,Maddison,
DEU,1827,1820-1913,v2x_libdem,0.069,V-Dem,
DEU,1827,1820-1913,v2x_polyarchy,0.03,V-Dem,
DEU,1827,1820-1913,cinc,0.04891444,COW,
DEU,1828,1820-1913,pop,27540.0,Maddison,
DEU,1828,1820-1913,gdppc,2046.0915846166758,Maddison,
DEU,1828,1820-1913,v2x_libdem,0.069,V-Dem,
DEU,1828,1820-1913,v2x_polyarchy,0.03,V-Dem,
DEU,1828,1820-1913,cinc,0.048526339,COW,
DEU,1829,1820-1913,pop,27807.0,Maddison,
DEU,1829,1820-1913,gdppc,2069.0475007781224,Maddison,
DEU,1829,1820-1913,v2x_libdem,0.069,V-Dem,
DEU,1829,1820-1913,v2x_polyarchy,0.03,V-Dem,
DEU,1829,1820-1913,cinc,0.047125239,COW,
DEU,1830,1820-1913,pop,28045.0,Maddison,
DEU,1830,1820-1913,gdppc,2044.5804429799675,Maddison,
DEU,1830,1820-1913,v2x_libdem,0.069,V-Dem,
DEU,1830,1820-1913,v2x_polyarchy,0.03,V-Dem,
DEU,1830,1820-1913,cinc,0.045426339,COW,
DEU,1831,1820-1913,pop,28283.0,Maddison,
DEU,1831,1820-1913,gdppc,2029.0861949790924,Maddison,
DEU,1831,1820-1913,v2x_libdem,0.069,V-Dem,
DEU,1831,1820-1913,v2x_polyarchy,0.03,V-Dem,
DEU,1831,1820-1913,cinc,0.047164716,COW,
DEU,1832,1820-1913,pop,28535.0,Maddison,
DEU,1832,1820-1913,gdppc,2073.243089853202,Maddison,
DEU,1832,1820-1913,v2x_libdem,0.069,V-Dem,
DEU,1832,1820-1913,v2x_polyarchy,0.03,V-Dem,
DEU,1832,1820-1913,cinc,0.048633911,COW,
DEU,1833,1820-1913,pop,28801.0,Maddison,
DEU,1833,1820-1913,gdppc,2142.034962533275,Maddison,
DEU,1833,1820-1913,v2x_libdem,0.069,V-Dem,
DEU,1833,1820-1913,v2x_polyarchy,0.03,V-Dem,
DEU,1833,1820-1913,cinc,0.049288698,COW,
DEU,1834,1820-1913,pop,29071.0,Maddison,
DEU,1834,1820-1913,gdppc,2168.900627115677,Maddison,
DEU,1834,1820-1913,v2x_libdem,0.069,V-Dem,
DEU,1834,1820-1913,v2x_polyarchy,0.03,V-Dem,
DEU,1834,1820-1913,cinc,0.050329056,COW,
DEU,1835,1820-1913,pop,29390.0,Maddison,
DEU,1835,1820-1913,gdppc,2170.50019501018,Maddison,
DEU,1835,1820-1913,v2x_libdem,0.069,V-Dem,
DEU,1835,1820-1913,v2x_polyarchy,0.03,V-Dem,
DEU,1835,1820-1913,cinc,0.049377486,COW,
DEU,1836,1820-1913,pop,29702.0,Maddison,
DEU,1836,1820-1913,gdppc,2173.381763158627,Maddison,
DEU,1836,1820-1913,v2x_libdem,0.069,V-Dem,
DEU,1836,1820-1913,v2x_polyarchy,0.03,V-Dem,
DEU,1836,1820-1913,cinc,0.052964438,COW,
DEU,1837,1820-1913,pop,30013.0,Maddison,
DEU,1837,1820-1913,gdppc,2169.2284743126797,Maddison,
DEU,1837,1820-1913,v2x_libdem,0.069,V-Dem,
DEU,1837,1820-1913,v2x_polyarchy,0.03,V-Dem,
DEU,1837,1820-1913,cinc,0.054830119,COW,
DEU,1838,1820-1913,pop,30365.0,Maddison,
DEU,1838,1820-1913,gdppc,2116.1454960967108,Maddison,
DEU,1838,1820-1913,v2x_libdem,0.069,V-Dem,
DEU,1838,1820-1913,v2x_polyarchy,0.03,V-Dem,
DEU,1838,1820-1913,cinc,0.056689326,COW,
DEU,1839,1820-1913,pop,30746.0,Maddison,
DEU,1839,1820-1913,gdppc,2119.0685668591445,Maddison,
DEU,1839,1820-1913,v2x_libdem,0.069,V-Dem,
DEU,1839,1820-1913,v2x_polyarchy,0.03,V-Dem,
DEU,1839,1820-1913,cinc,0.05277428,COW,
DEU,1840,1820-1913,pop,31126.0,Maddison,
DEU,1840,1820-1913,gdppc,2163.846067239809,Maddison,
DEU,1840,1820-1913,v2x_libdem,0.069,V-Dem,
DEU,1840,1820-1913,v2x_polyarchy,0.03,V-Dem,
DEU,1840,1820-1913,cinc,0.051312674,COW,
DEU,1841,1820-1913,pop,31475.0,Maddison,
DEU,1841,1820-1913,gdppc,2230.648490370499,Maddison,
DEU,1841,1820-1913,v2x_libdem,0.069,V-Dem,
DEU,1841,1820-1913,v2x_polyarchy,0.03,V-Dem,
DEU,1841,1820-1913,cinc,0.051883262,COW,
DEU,1842,1820-1913,pop,31787.0,Maddison,
DEU,1842,1820-1913,gdppc,2192.6576886385583,Maddison,
DEU,1842,1820-1913,v2x_libdem,0.069,V-Dem,
DEU,1842,1820-1913,v2x_polyarchy,0.03,V-Dem,
DEU,1842,1820-1913,cinc,0.054387104,COW,
DEU,1843,1820-1913,pop,32086.0,Maddison,
DEU,1843,1820-1913,gdppc,2102.563955687509,Maddison,
DEU,1843,1820-1913,v2x_libdem,0.069,V-Dem,
DEU,1843,1820-1913,v2x_polyarchy,0.03,V-Dem,
DEU,1843,1820-1913,cinc,0.052822083,COW,
DEU,1844,1820-1913,pop,32394.0,Maddison,
DEU,1844,1820-1913,gdppc,2139.2788119154698,Maddison,
DEU,1844,1820-1913,v2x_libdem,0.069,V-Dem,
DEU,1844,1820-1913,v2x_polyarchy,0.03,V-Dem,
DEU,1844,1820-1913,cinc,0.052000713,COW,
DEU,1845,1820-1913,pop,32743.0,Maddison,
DEU,1845,1820-1913,gdppc,2158.173960846913,Maddison,
DEU,1845,1820-1913,v2x_libdem,0.069,V-Dem,
DEU,1845,1820-1913,v2x_polyarchy,0.03,V-Dem,
DEU,1845,1820-1913,cinc,0.051602554,COW,
DEU,1846,1820-1913,pop,33059.0,Maddison,
DEU,1846,1820-1913,gdppc,2086.6536255179967,Maddison,
DEU,1846,1820-1913,v2x_libdem,0.069,V-Dem,
DEU,1846,1820-1913,v2x_polyarchy,0.03,V-Dem,
DEU,1846,1820-1913,cinc,0.050576039,COW,
DEU,1847,1820-1913,pop,33231.0,Maddison,
DEU,1847,1820-1913,gdppc,2064.508279360445,Maddison,
DEU,1847,1820-1913,v2x_libdem,0.069,V-Dem,
DEU,1847,1820-1913,v2x_polyarchy,0.032,V-Dem,
DEU,1847,1820-1913,cinc,0.050712228,COW,
DEU,1848,1820-1913,pop,33289.0,Maddison,
DEU,1848,1820-1913,gdppc,2202.5587718673514,Maddison,
DEU,1848,1820-1913,v2x_libdem,0.13,V-Dem,
DEU,1848,1820-1913,v2x_polyarchy,0.161,V-Dem,
DEU,1848,1820-1913,cinc,0.048538107,COW,
DEU,1849,1820-1913,pop,33452.0,Maddison,
DEU,1849,1820-1913,gdppc,2288.2742293073684,Maddison,
DEU,1849,1820-1913,v2x_libdem,0.138,V-Dem,
DEU,1849,1820-1913,v2x_polyarchy,0.169,V-Dem,
DEU,1849,1820-1913,cinc,0.048293713,COW,
DEU,1850,1820-1913,pop,33746.0,Maddison,
DEU,1850,1820-1913,gdppc,2276.0,Maddison,
DEU,1850,1820-1913,v2x_libdem,0.135,V-Dem,
DEU,1850,1820-1913,v2x_polyarchy,0.157,V-Dem,
DEU,1850,1820-1913,cinc,0.049034484,COW,
DEU,1851,1820-1913,pop,34055.0,Maddison,
DEU,1851,1820-1913,gdppc,2244.0,Maddison,
DEU,1851,1820-1913,v2x_libdem,0.135,V-Dem,
DEU,1851,1820-1913,v2x_polyarchy,0.157,V-Dem,
DEU,1851,1820-1913,cinc,0.054287441,COW,
DEU,1852,1820-1913,pop,34290.0,Maddison,
DEU,1852,1820-1913,gdppc,2273.0,Maddison,
DEU,1852,1820-1913,v2x_libdem,0.135,V-Dem,
DEU,1852,1820-1913,v2x_polyarchy,0.157,V-Dem,
DEU,1852,1820-1913,cinc,0.053987082,COW,
DEU,1853,1820-1913,pop,34422.0,Maddison,
DEU,1853,1820-1913,gdppc,2252.0,Maddison,
DEU,1853,1820-1913,v2x_libdem,0.135,V-Dem,
DEU,1853,1820-1913,v2x_polyarchy,0.157,V-Dem,
DEU,1853,1820-1913,cinc,0.05273626,COW,
DEU,1854,1820-1913,pop,34531.0,Maddison,
DEU,1854,1820-1913,gdppc,2300.0,Maddison,
DEU,1854,1820-1913,v2x_libdem,0.135,V-Dem,
DEU,1854,1820-1913,v2x_polyarchy,0.157,V-Dem,
DEU,1854,1820-1913,cinc,0.048294354,COW,
DEU,1855,1820-1913,pop,34586.0,Maddison,
DEU,1855,1820-1913,gdppc,2263.0,Maddison,
DEU,1855,1820-1913,v2x_libdem,0.135,V-Dem,
DEU,1855,1820-1913,v2x_polyarchy,0.157,V-Dem,
DEU,1855,1820-1913,cinc,0.04803827,COW,
DEU,1856,1820-1913,pop,34715.0,Maddison,
DEU,1856,1820-1913,gdppc,2440.0,Maddison,
DEU,1856,1820-1913,v2x_libdem,0.135,V-Dem,
DEU,1856,1820-1913,v2x_polyarchy,0.157,V-Dem,
DEU,1856,1820-1913,cinc,0.051690832,COW,
DEU,1857,1820-1913,pop,34979.0,Maddison,
DEU,1857,1820-1913,gdppc,2541.0,Maddison,
DEU,1857,1820-1913,v2x_libdem,0.135,V-Dem,
DEU,1857,1820-1913,v2x_polyarchy,0.157,V-Dem,
DEU,1857,1820-1913,cinc,0.05584833,COW,
DEU,1858,1820-1913,pop,35278.0,Maddison,
DEU,1858,1820-1913,gdppc,2509.0,Maddison,
DEU,1858,1820-1913,v2x_libdem,0.135,V-Dem,
DEU,1858,1820-1913,v2x_polyarchy,0.157,V-Dem,
DEU,1858,1820-1913,cinc,0.05895178,COW,
DEU,1859,1820-1913,pop,35633.0,Maddison,
DEU,1859,1820-1913,gdppc,2495.0,Maddison,
DEU,1859,1820-1913,v2x_libdem,0.135,V-Dem,
DEU,1859,1820-1913,v2x_polyarchy,0.157,V-Dem,
DEU,1859,1820-1913,cinc,0.053789373,COW,
DEU,1860,1820-1913,pop,36049.0,Maddison,
DEU,1860,1820-1913,gdppc,2613.0,Maddison,
DEU,1860,1820-1913,v2x_libdem,0.135,V-Dem,
DEU,1860,1820-1913,v2x_polyarchy,0.157,V-Dem,
DEU,1860,1820-1913,cinc,0.051544353,COW,
DEU,1861,1820-1913,pop,36435.0,Maddison,
DEU,1861,1820-1913,gdppc,2523.0,Maddison,
DEU,1861,1820-1913,v2x_libdem,0.167,V-Dem,
DEU,1861,1820-1913,v2x_polyarchy,0.188,V-Dem,
DEU,1861,1820-1913,cinc,0.052483875,COW,
DEU,1862,1820-1913,pop,36788.0,Maddison,
DEU,1862,1820-1913,gdppc,2622.0,Maddison,
DEU,1862,1820-1913,v2x_libdem,0.167,V-Dem,
DEU,1862,1820-1913,v2x_polyarchy,0.189,V-Dem,
DEU,1862,1820-1913,cinc,0.054490443,COW,
DEU,1863,1820-1913,pop,37184.0,Maddison,
DEU,1863,1820-1913,gdppc,2788.0,Maddison,
DEU,1863,1820-1913,v2x_libdem,0.167,V-Dem,
DEU,1863,1820-1913,v2x_polyarchy,0.189,V-Dem,
DEU,1863,1820-1913,cinc,0.055332314,COW,
DEU,1864,1820-1913,pop,37602.0,Maddison,
DEU,1864,1820-1913,gdppc,2837.0,Maddison,
DEU,1864,1820-1913,v2x_libdem,0.167,V-Dem,
DEU,1864,1820-1913,v2x_polyarchy,0.189,V-Dem,
DEU,1864,1820-1913,cinc,0.056731492,COW,
DEU,1865,1820-1913,pop,37955.0,Maddison,
DEU,1865,1820-1913,gdppc,2821.0,Maddison,
DEU,1865,1820-1913,v2x_libdem,0.167,V-Dem,
DEU,1865,1820-1913,v2x_polyarchy,0.189,V-Dem,
DEU,1865,1820-1913,cinc,0.064812467,COW,
DEU,1866,1820-1913,pop,38193.0,Maddison,
DEU,1866,1820-1913,gdppc,2823.0,Maddison,
DEU,1866,1820-1913,v2x_libdem,0.167,V-Dem,
DEU,1866,1820-1913,v2x_polyarchy,0.189,V-Dem,
DEU,1866,1820-1913,cinc,0.065841906,COW,
DEU,1867,1820-1913,pop,38440.0,Maddison,
DEU,1867,1820-1913,gdppc,2815.0,Maddison,
DEU,1867,1820-1913,v2x_libdem,0.178,V-Dem,
DEU,1867,1820-1913,v2x_polyarchy,0.2,V-Dem,
DEU,1867,1820-1913,cinc,0.07031934,COW,
DEU,1868,1820-1913,pop,38637.0,Maddison,
DEU,1868,1820-1913,gdppc,2966.0,Maddison,
DEU,1868,1820-1913,v2x_libdem,0.181,V-Dem,
DEU,1868,1820-1913,v2x_polyarchy,0.202,V-Dem,
DEU,1868,1820-1913,cinc,0.081541047,COW,
DEU,1869,1820-1913,pop,38914.0,Maddison,
DEU,1869,1820-1913,gdppc,2965.0,Maddison,
DEU,1869,1820-1913,v2x_libdem,0.182,V-Dem,
DEU,1869,1820-1913,v2x_polyarchy,0.202,V-Dem,
DEU,1869,1820-1913,cinc,0.083696641,COW,
DEU,1870,1820-1913,pop,39231.0,Maddison,
DEU,1870,1820-1913,gdppc,2931.0,Maddison,
DEU,1870,1820-1913,v2x_libdem,0.182,V-Dem,
DEU,1870,1820-1913,v2x_polyarchy,0.205,V-Dem,
DEU,1870,1820-1913,cinc,0.10604604,COW,
DEU,1871,1820-1913,pop,39456.0,Maddison,
DEU,1871,1820-1913,gdppc,2896.0,Maddison,
DEU,1871,1820-1913,v2x_libdem,0.218,V-Dem,
DEU,1871,1820-1913,v2x_polyarchy,0.231,V-Dem,
DEU,1871,1820-1913,cinc,0.1198476,COW,
DEU,1872,1820-1913,pop,39691.0,Maddison,
DEU,1872,1820-1913,gdppc,3078.0,Maddison,
DEU,1872,1820-1913,v2x_libdem,0.218,V-Dem,
DEU,1872,1820-1913,v2x_polyarchy,0.231,V-Dem,
DEU,1872,1820-1913,cinc,0.097507112,COW,
DEU,1873,1820-1913,pop,40017.0,Maddison,
DEU,1873,1820-1913,gdppc,3186.0,Maddison,
DEU,1873,1820-1913,v2x_libdem,0.218,V-Dem,
DEU,1873,1820-1913,v2x_polyarchy,0.231,V-Dem,
DEU,1873,1820-1913,cinc,0.098793954,COW,
DEU,1874,1820-1913,pop,40450.0,Maddison,
DEU,1874,1820-1913,gdppc,3386.0,Maddison,
DEU,1874,1820-1913,v2x_libdem,0.218,V-Dem,
DEU,1874,1820-1913,v2x_polyarchy,0.232,V-Dem,
DEU,1874,1820-1913,cinc,0.10116117,COW,
DEU,1875,1820-1913,pop,40897.0,Maddison,
DEU,1875,1820-1913,gdppc,3366.0,Maddison,
DEU,1875,1820-1913,v2x_libdem,0.218,V-Dem,
DEU,1875,1820-1913,v2x_polyarchy,0.232,V-Dem,
DEU,1875,1820-1913,cinc,0.10344455,COW,
DEU,1876,1820-1913,pop,41491.0,Maddison,
DEU,1876,1820-1913,gdppc,3301.0,Maddison,
DEU,1876,1820-1913,v2x_libdem,0.218,V-Dem,
DEU,1876,1820-1913,v2x_polyarchy,0.232,V-Dem,
DEU,1876,1820-1913,cinc,0.098724939,COW,
DEU,1877,1820-1913,pop,42034.0,Maddison,
DEU,1877,1820-1913,gdppc,3241.0,Maddison,
DEU,1877,1820-1913,v2x_libdem,0.219,V-Dem,
DEU,1877,1820-1913,v2x_polyarchy,0.232,V-Dem,
DEU,1877,1820-1913,cinc,0.098763414,COW,
DEU,1878,1820-1913,pop,42546.0,Maddison,
DEU,1878,1820-1913,gdppc,3352.0,Maddison,
DEU,1878,1820-1913,v2x_libdem,0.218,V-Dem,
DEU,1878,1820-1913,v2x_polyarchy,0.231,V-Dem,
DEU,1878,1820-1913,cinc,0.099859565,COW,
DEU,1879,1820-1913,pop,43052.0,Maddison,
DEU,1879,1820-1913,gdppc,3234.0,Maddison,
DEU,1879,1820-1913,v2x_libdem,0.218,V-Dem,
DEU,1879,1820-1913,v2x_polyarchy,0.23,V-Dem,
DEU,1879,1820-1913,cinc,0.10560764,COW,
DEU,1880,1820-1913,pop,43500.0,Maddison,
DEU,1880,1820-1913,gdppc,3174.0,Maddison,
DEU,1880,1820-1913,v2x_libdem,0.218,V-Dem,
DEU,1880,1820-1913,v2x_polyarchy,0.23,V-Dem,
DEU,1880,1820-1913,cinc,0.10560779,COW,
DEU,1881,1820-1913,pop,43827.0,Maddison,
DEU,1881,1820-1913,gdppc,3228.0,Maddison,
DEU,1881,1820-1913,v2x_libdem,0.218,V-Dem,
DEU,1881,1820-1913,v2x_polyarchy,0.23,V-Dem,
DEU,1881,1820-1913,cinc,0.10653359,COW,
DEU,1882,1820-1913,pop,44112.0,Maddison,
DEU,1882,1820-1913,gdppc,3258.0,Maddison,
DEU,1882,1820-1913,v2x_libdem,0.218,V-Dem,
DEU,1882,1820-1913,v2x_polyarchy,0.231,V-Dem,
DEU,1882,1820-1913,cinc,0.10663672,COW,
DEU,1883,1820-1913,pop,44404.0,Maddison,
DEU,1883,1820-1913,gdppc,3416.0,Maddison,
DEU,1883,1820-1913,v2x_libdem,0.218,V-Dem,
DEU,1883,1820-1913,v2x_polyarchy,0.231,V-Dem,
DEU,1883,1820-1913,cinc,0.11077441,COW,
DEU,1884,1820-1913,pop,44777.0,Maddison,
DEU,1884,1820-1913,gdppc,3472.0,Maddison,
DEU,1884,1820-1913,v2x_libdem,0.218,V-Dem,
DEU,1884,1820-1913,v2x_polyarchy,0.231,V-Dem,
DEU,1884,1820-1913,cinc,0.11334331,COW,
DEU,1885,1820-1913,pop,45084.0,Maddison,
DEU,1885,1820-1913,gdppc,3532.0,Maddison,
DEU,1885,1820-1913,v2x_libdem,0.219,V-Dem,
DEU,1885,1820-1913,v2x_polyarchy,0.233,V-Dem,
DEU,1885,1820-1913,cinc,0.11463291,COW,
DEU,1886,1820-1913,pop,45505.0,Maddison,
DEU,1886,1820-1913,gdppc,3524.0,Maddison,
DEU,1886,1820-1913,v2x_libdem,0.219,V-Dem,
DEU,1886,1820-1913,v2x_polyarchy,0.233,V-Dem,
DEU,1886,1820-1913,cinc,0.11360407,COW,
DEU,1887,1820-1913,pop,46001.0,Maddison,
DEU,1887,1820-1913,gdppc,3626.0,Maddison,
DEU,1887,1820-1913,v2x_libdem,0.218,V-Dem,
DEU,1887,1820-1913,v2x_polyarchy,0.232,V-Dem,
DEU,1887,1820-1913,cinc,0.12310402,COW,
DEU,1888,1820-1913,pop,46538.0,Maddison,
DEU,1888,1820-1913,gdppc,3732.0,Maddison,
DEU,1888,1820-1913,v2x_libdem,0.218,V-Dem,
DEU,1888,1820-1913,v2x_polyarchy,0.232,V-Dem,
DEU,1888,1820-1913,cinc,0.12728682,COW,
DEU,1889,1820-1913,pop,47083.0,Maddison,
DEU,1889,1820-1913,gdppc,3792.0,Maddison,
DEU,1889,1820-1913,v2x_libdem,0.218,V-Dem,
DEU,1889,1820-1913,v2x_polyarchy,0.232,V-Dem,
DEU,1889,1820-1913,cinc,0.1188932,COW,
DEU,1890,1820-1913,pop,47607.0,Maddison,
DEU,1890,1820-1913,gdppc,3870.0,Maddison,
DEU,1890,1820-1913,v2x_libdem,0.22,V-Dem,
DEU,1890,1820-1913,v2x_polyarchy,0.236,V-Dem,
DEU,1890,1820-1913,cinc,0.12595853,COW,
DEU,1891,1820-1913,pop,48129.0,Maddison,
DEU,1891,1820-1913,gdppc,3821.0,Maddison,
DEU,1891,1820-1913,v2x_libdem,0.221,V-Dem,
DEU,1891,1820-1913,v2x_polyarchy,0.237,V-Dem,
DEU,1891,1820-1913,cinc,0.12272226,COW,
DEU,1892,1820-1913,pop,48633.0,Maddison,
DEU,1892,1820-1913,gdppc,3936.0,Maddison,
DEU,1892,1820-1913,v2x_libdem,0.221,V-Dem,
DEU,1892,1820-1913,v2x_polyarchy,0.237,V-Dem,
DEU,1892,1820-1913,cinc,0.12665534,COW,
DEU,1893,1820-1913,pop,49123.0,Maddison,
DEU,1893,1820-1913,gdppc,4089.0,Maddison,
DEU,1893,1820-1913,v2x_libdem,0.221,V-Dem,
DEU,1893,1820-1913,v2x_polyarchy,0.238,V-Dem,
DEU,1893,1820-1913,cinc,0.13419484,COW,
DEU,1894,1820-1913,pop,49703.0,Maddison,
DEU,1894,1820-1913,gdppc,4141.0,Maddison,
DEU,1894,1820-1913,v2x_libdem,0.221,V-Dem,
DEU,1894,1820-1913,v2x_polyarchy,0.239,V-Dem,
DEU,1894,1820-1913,cinc,0.13210894,COW,
DEU,1895,1820-1913,pop,50363.0,Maddison,
DEU,1895,1820-1913,gdppc,4281.0,Maddison,
DEU,1895,1820-1913,v2x_libdem,0.221,V-Dem,
DEU,1895,1820-1913,v2x_polyarchy,0.239,V-Dem,
DEU,1895,1820-1913,cinc,0.12557141,COW,
DEU,1896,1820-1913,pop,51111.0,Maddison,
DEU,1896,1820-1913,gdppc,4368.0,Maddison,
DEU,1896,1820-1913,v2x_libdem,0.221,V-Dem,
DEU,1896,1820-1913,v2x_polyarchy,0.239,V-Dem,
DEU,1896,1820-1913,cinc,0.12973258,COW,
DEU,1897,1820-1913,pop,51921.0,Maddison,
DEU,1897,1820-1913,gdppc,4423.0,Maddison,
DEU,1897,1820-1913,v2x_libdem,0.221,V-Dem,
DEU,1897,1820-1913,v2x_polyarchy,0.239,V-Dem,
DEU,1897,1820-1913,cinc,0.13222976,COW,
DEU,1898,1820-1913,pop,52753.0,Maddison,
DEU,1898,1820-1913,gdppc,4540.0,Maddison,
DEU,1898,1820-1913,v2x_libdem,0.221,V-Dem,
DEU,1898,1820-1913,v2x_polyarchy,0.241,V-Dem,
DEU,1898,1820-1913,cinc,0.12493378,COW,
DEU,1899,1820-1913,pop,53592.0,Maddison,
DEU,1899,1820-1913,gdppc,4631.0,Maddison,
DEU,1899,1820-1913,v2x_libdem,0.221,V-Dem,
DEU,1899,1820-1913,v2x_polyarchy,0.24,V-Dem,
DEU,1899,1820-1913,cinc,0.12672231,COW,
DEU,1900,1820-1913,pop,54388.0,Maddison,
DEU,1900,1820-1913,gdppc,4758.0,Maddison,
DEU,1900,1820-1913,v2x_libdem,0.223,V-Dem,
DEU,1900,1820-1913,v2x_polyarchy,0.238,V-Dem,
DEU,1900,1820-1913,cinc,0.13152538,COW,
DEU,1901,1820-1913,pop,55214.0,Maddison,
DEU,1901,1820-1913,gdppc,4576.0,Maddison,
DEU,1901,1820-1913,v2x_libdem,0.224,V-Dem,
DEU,1901,1820-1913,v2x_polyarchy,0.239,V-Dem,
DEU,1901,1820-1913,cinc,0.12783954,COW,
DEU,1902,1820-1913,pop,56104.0,Maddison,
DEU,1902,1820-1913,gdppc,4611.0,Maddison,
DEU,1902,1820-1913,v2x_libdem,0.223,V-Dem,
DEU,1902,1820-1913,v2x_polyarchy,0.239,V-Dem,
DEU,1902,1820-1913,cinc,0.13113244,COW,
DEU,1903,1820-1913,pop,56963.0,Maddison,
DEU,1903,1820-1913,gdppc,4795.0,Maddison,
DEU,1903,1820-1913,v2x_libdem,0.227,V-Dem,
DEU,1903,1820-1913,v2x_polyarchy,0.248,V-Dem,
DEU,1903,1820-1913,cinc,0.13464612,COW,
DEU,1904,1820-1913,pop,57806.0,Maddison,
DEU,1904,1820-1913,gdppc,4914.0,Maddison,
DEU,1904,1820-1913,v2x_libdem,0.23,V-Dem,
DEU,1904,1820-1913,v2x_polyarchy,0.255,V-Dem,
DEU,1904,1820-1913,cinc,0.13375366,COW,
DEU,1905,1820-1913,pop,58644.0,Maddison,
DEU,1905,1820-1913,gdppc,4948.0,Maddison,
DEU,1905,1820-1913,v2x_libdem,0.23,V-Dem,
DEU,1905,1820-1913,v2x_polyarchy,0.255,V-Dem,
DEU,1905,1820-1913,cinc,0.12306968,COW,
DEU,1906,1820-1913,pop,59481.0,Maddison,
DEU,1906,1820-1913,gdppc,5024.0,Maddison,
DEU,1906,1820-1913,v2x_libdem,0.229,V-Dem,
DEU,1906,1820-1913,v2x_polyarchy,0.254,V-Dem,
DEU,1906,1820-1913,cinc,0.13150726,COW,
DEU,1907,1820-1913,pop,60341.0,Maddison,
DEU,1907,1820-1913,gdppc,5172.0,Maddison,
DEU,1907,1820-1913,v2x_libdem,0.23,V-Dem,
DEU,1907,1820-1913,v2x_polyarchy,0.253,V-Dem,
DEU,1907,1820-1913,cinc,0.13589956,COW,
DEU,1908,1820-1913,pop,61187.0,Maddison,
DEU,1908,1820-1913,gdppc,5187.0,Maddison,
DEU,1908,1820-1913,v2x_libdem,0.229,V-Dem,
DEU,1908,1820-1913,v2x_polyarchy,0.254,V-Dem,
DEU,1908,1820-1913,cinc,0.1459929,COW,
DEU,1909,1820-1913,pop,62038.0,Maddison,
DEU,1909,1820-1913,gdppc,5220.0,Maddison,
DEU,1909,1820-1913,v2x_libdem,0.23,V-Dem,
DEU,1909,1820-1913,v2x_polyarchy,0.256,V-Dem,
DEU,1909,1820-1913,cinc,0.1352272,COW,
DEU,1910,1820-1913,pop,62884.0,Maddison,
DEU,1910,1820-1913,gdppc,5337.0,Maddison,
DEU,1910,1820-1913,v2x_libdem,0.23,V-Dem,
DEU,1910,1820-1913,v2x_polyarchy,0.256,V-Dem,
DEU,1910,1820-1913,cinc,0.13572359,COW,
DEU,1911,1820-1913,pop,63852.0,Maddison,
DEU,1911,1820-1913,gdppc,5432.0,Maddison,
DEU,1911,1820-1913,v2x_libdem,0.23,V-Dem,
DEU,1911,1820-1913,v2x_polyarchy,0.256,V-Dem,
DEU,1911,1820-1913,cinc,0.13731502,COW,
DEU,1912,1820-1913,pop,64457.0,Maddison,
DEU,1912,1820-1913,gdppc,5617.0,Maddison,
DEU,1912,1820-1913,v2x_libdem,0.23,V-Dem,
DEU,1912,1820-1913,v2x_polyarchy,0.254,V-Dem,
DEU,1912,1820-1913,cinc,0.13733648,COW,
DEU,1913,1820-1913,pop,65058.0,Maddison,
DEU,1913,1820-1913,gdppc,5815.0,Maddison,
DEU,1913,1820-1913,v2x_libdem,0.23,V-Dem,
DEU,1913,1820-1913,v2x_polyarchy,0.256,V-Dem,
DEU,1913,1820-1913,cinc,0.14331791,COW,
DEU,1945,1945-2020,pop,67000.0,Maddison,
DEU,1945,1945-2020,gdppc,7195.0,Maddison,
DEU,1945,1945-2020,v2x_libdem,,V-Dem,
DEU,1945,1945-2020,v2x_polyarchy,,V-Dem,
DEU,1945,1945-2020,cinc,,COW,Germany under Allied occupation; no COW state coding
DEU,1946,1945-2020,pop,64678.0,Maddison,
DEU,1946,1945-2020,gdppc,3534.0,Maddison,
DEU,1946,1945-2020,v2x_libdem,,V-Dem,
DEU,1946,1945-2020,v2x_polyarchy,,V-Dem,
DEU,1946,1945-2020,cinc,,COW,Germany under Allied occupation; no COW state coding
DEU,1947,1945-2020,pop,66094.0,Maddison,
DEU,1947,1945-2020,gdppc,3883.0,Maddison,
DEU,1947,1945-2020,v2x_libdem,,V-Dem,
DEU,1947,1945-2020,v2x_polyarchy,,V-Dem,
DEU,1947,1945-2020,cinc,,COW,Germany under Allied occupation; no COW state coding
DEU,1948,1945-2020,pop,67295.0,Maddison,
DEU,1948,1945-2020,gdppc,4517.0,Maddison,
DEU,1948,1945-2020,v2x_libdem,,V-Dem,
DEU,1948,1945-2020,v2x_polyarchy,,V-Dem,
DEU,1948,1945-2020,cinc,,COW,Germany under Allied occupation; no COW state coding
DEU,1949,1945-2020,pop,67991.0,Maddison,
DEU,1949,1945-2020,gdppc,5231.0,Maddison,
DEU,1949,1945-2020,v2x_libdem,0.742,V-Dem,
DEU,1949,1945-2020,v2x_polyarchy,0.793,V-Dem,
DEU,1949,1945-2020,cinc,,COW,FRG pre-sovereignty (full sovereignty 1955); COW cinc unavailable
DEU,1950,1945-2020,pop,68374.572,Maddison,
DEU,1950,1945-2020,gdppc,6186.0,Maddison,
DEU,1950,1945-2020,v2x_libdem,0.765,V-Dem,
DEU,1950,1945-2020,v2x_polyarchy,0.813,V-Dem,
DEU,1950,1945-2020,cinc,,COW,FRG pre-sovereignty (full sovereignty 1955); COW cinc unavailable
DEU,1951,1945-2020,pop,68875.884,Maddison,
DEU,1951,1945-2020,gdppc,6704.0,Maddison,
DEU,1951,1945-2020,v2x_libdem,0.765,V-Dem,
DEU,1951,1945-2020,v2x_polyarchy,0.813,V-Dem,
DEU,1951,1945-2020,cinc,,COW,FRG pre-sovereignty (full sovereignty 1955); COW cinc unavailable
DEU,1952,1945-2020,pop,69145.952,Maddison,
DEU,1952,1945-2020,gdppc,7257.0,Maddison,
DEU,1952,1945-2020,v2x_libdem,0.752,V-Dem,
DEU,1952,1945-2020,v2x_polyarchy,0.8,V-Dem,
DEU,1952,1945-2020,cinc,,COW,FRG pre-sovereignty (full sovereignty 1955); COW cinc unavailable
DEU,1953,1945-2020,pop,69550.236,Maddison,
DEU,1953,1945-2020,gdppc,7818.0,Maddison,
DEU,1953,1945-2020,v2x_libdem,0.765,V-Dem,
DEU,1953,1945-2020,v2x_polyarchy,0.812,V-Dem,
DEU,1953,1945-2020,cinc,,COW,FRG pre-sovereignty (full sovereignty 1955); COW cinc unavailable
DEU,1954,1945-2020,pop,69868.115,Maddison,
DEU,1954,1945-2020,gdppc,8364.0,Maddison,
DEU,1954,1945-2020,v2x_libdem,0.781,V-Dem,
DEU,1954,1945-2020,v2x_polyarchy,0.828,V-Dem,
DEU,1954,1945-2020,cinc,,COW,FRG pre-sovereignty (full sovereignty 1955); COW cinc unavailable
DEU,1955,1945-2020,pop,70195.612,Maddison,
DEU,1955,1945-2020,gdppc,9240.0,Maddison,
DEU,1955,1945-2020,v2x_libdem,0.781,V-Dem,
DEU,1955,1945-2020,v2x_polyarchy,0.828,V-Dem,
DEU,1955,1945-2020,cinc,0.037784725,COW,
DEU,1956,1945-2020,pop,70602.518,Maddison,
DEU,1956,1945-2020,gdppc,9846.0,Maddison,
DEU,1956,1945-2020,v2x_libdem,0.778,V-Dem,
DEU,1956,1945-2020,v2x_polyarchy,0.824,V-Dem,
DEU,1956,1945-2020,cinc,0.037591804,COW,
DEU,1957,1945-2020,pop,71019.069,Maddison,
DEU,1957,1945-2020,gdppc,10348.0,Maddison,
DEU,1957,1945-2020,v2x_libdem,0.786,V-Dem,
DEU,1957,1945-2020,v2x_polyarchy,0.832,V-Dem,
DEU,1957,1945-2020,cinc,0.037253745,COW,
DEU,1958,1945-2020,pop,71488.167,Maddison,
DEU,1958,1945-2020,gdppc,10739.0,Maddison,
DEU,1958,1945-2020,v2x_libdem,0.785,V-Dem,
DEU,1958,1945-2020,v2x_polyarchy,0.831,V-Dem,
DEU,1958,1945-2020,cinc,0.035825282,COW,
DEU,1959,1945-2020,pop,72013.853,Maddison,
DEU,1959,1945-2020,gdppc,11440.0,Maddison,
DEU,1959,1945-2020,v2x_libdem,0.785,V-Dem,
DEU,1959,1945-2020,v2x_polyarchy,0.831,V-Dem,
DEU,1959,1945-2020,cinc,0.039920256,COW,
DEU,1960,1945-2020,pop,72480.869,Maddison,
DEU,1960,1945-2020,gdppc,12282.0,Maddison,
DEU,1960,1945-2020,v2x_libdem,0.785,V-Dem,
DEU,1960,1945-2020,v2x_polyarchy,0.831,V-Dem,
DEU,1960,1945-2020,cinc,0.040735226,COW,
DEU,1961,1945-2020,pop,73123.148,Maddison,
DEU,1961,1945-2020,gdppc,12675.0,Maddison,
DEU,1961,1945-2020,v2x_libdem,0.789,V-Dem,
DEU,1961,1945-2020,v2x_polyarchy,0.835,V-Dem,
DEU,1961,1945-2020,cinc,0.040470645,COW,
DEU,1962,1945-2020,pop,73739.117,Maddison,
DEU,1962,1945-2020,gdppc,13106.0,Maddison,
DEU,1962,1945-2020,v2x_libdem,0.794,V-Dem,
DEU,1962,1945-2020,v2x_polyarchy,0.84,V-Dem,
DEU,1962,1945-2020,cinc,0.040152412,COW,
DEU,1963,1945-2020,pop,74340.26,Maddison,
DEU,1963,1945-2020,gdppc,13367.0,Maddison,
DEU,1963,1945-2020,v2x_libdem,0.799,V-Dem,
DEU,1963,1945-2020,v2x_polyarchy,0.845,V-Dem,
DEU,1963,1945-2020,cinc,0.039770029,COW,
DEU,1964,1945-2020,pop,74954.262,Maddison,
DEU,1964,1945-2020,gdppc,14062.0,Maddison,
DEU,1964,1945-2020,v2x_libdem,0.799,V-Dem,
DEU,1964,1945-2020,v2x_polyarchy,0.845,V-Dem,
DEU,1964,1945-2020,cinc,0.04004918,COW,
DEU,1965,1945-2020,pop,75638.851,Maddison,
DEU,1965,1945-2020,gdppc,14642.0,Maddison,
DEU,1965,1945-2020,v2x_libdem,0.8,V-Dem,
DEU,1965,1945-2020,v2x_polyarchy,0.846,V-Dem,
DEU,1965,1945-2020,cinc,0.038725883,COW,
DEU,1966,1945-2020,pop,76206.173,Maddison,
DEU,1966,1945-2020,gdppc,14964.0,Maddison,
DEU,1966,1945-2020,v2x_libdem,0.796,V-Dem,
DEU,1966,1945-2020,v2x_polyarchy,0.843,V-Dem,
DEU,1966,1945-2020,cinc,0.036576618,COW,
DEU,1967,1945-2020,pop,76368.453,Maddison,
DEU,1967,1945-2020,gdppc,14979.0,Maddison,
DEU,1967,1945-2020,v2x_libdem,0.796,V-Dem,
DEU,1967,1945-2020,v2x_polyarchy,0.843,V-Dem,
DEU,1967,1945-2020,cinc,0.036045428,COW,
DEU,1968,1945-2020,pop,76584.401,Maddison,
DEU,1968,1945-2020,gdppc,15723.0,Maddison,
DEU,1968,1945-2020,v2x_libdem,0.796,V-Dem,
DEU,1968,1945-2020,v2x_polyarchy,0.843,V-Dem,
DEU,1968,1945-2020,cinc,0.036387153,COW,
DEU,1969,1945-2020,pop,77143.888,Maddison,
DEU,1969,1945-2020,gdppc,16641.0,Maddison,
DEU,1969,1945-2020,v2x_libdem,0.795,V-Dem,
DEU,1969,1945-2020,v2x_polyarchy,0.842,V-Dem,
DEU,1969,1945-2020,cinc,0.036633819,COW,
DEU,1970,1945-2020,pop,77783.164,Maddison,
DEU,1970,1945-2020,gdppc,17277.0,Maddison,
DEU,1970,1945-2020,v2x_libdem,0.811,V-Dem,
DEU,1970,1945-2020,v2x_polyarchy,0.855,V-Dem,
DEU,1970,1945-2020,cinc,0.035735894,COW,
DEU,1971,1945-2020,pop,78354.709,Maddison,
DEU,1971,1945-2020,gdppc,17657.0,Maddison,
DEU,1971,1945-2020,v2x_libdem,0.81,V-Dem,
DEU,1971,1945-2020,v2x_polyarchy,0.855,V-Dem,
DEU,1971,1945-2020,cinc,0.034901418,COW,
DEU,1972,1945-2020,pop,78717.088,Maddison,
DEU,1972,1945-2020,gdppc,18301.0,Maddison,
DEU,1972,1945-2020,v2x_libdem,0.81,V-Dem,
DEU,1972,1945-2020,v2x_polyarchy,0.854,V-Dem,
DEU,1972,1945-2020,cinc,0.035169441,COW,
DEU,1973,1945-2020,pop,78950.22,Maddison,
DEU,1973,1945-2020,gdppc,19074.0,Maddison,
DEU,1973,1945-2020,v2x_libdem,0.808,V-Dem,
DEU,1973,1945-2020,v2x_polyarchy,0.852,V-Dem,
DEU,1973,1945-2020,cinc,0.036092423,COW,
DEU,1974,1945-2020,pop,78966.137,Maddison,
DEU,1974,1945-2020,gdppc,19228.0,Maddison,
DEU,1974,1945-2020,v2x_libdem,0.808,V-Dem,
DEU,1974,1945-2020,v2x_polyarchy,0.852,V-Dem,
DEU,1974,1945-2020,cinc,0.036560275,COW,
DEU,1975,1945-2020,pop,78682.325,Maddison,
DEU,1975,1945-2020,gdppc,19193.0,Maddison,
DEU,1975,1945-2020,v2x_libdem,0.808,V-Dem,
DEU,1975,1945-2020,v2x_polyarchy,0.852,V-Dem,
DEU,1975,1945-2020,cinc,0.033488765,COW,
DEU,1976,1945-2020,pop,78298.957,Maddison,
DEU,1976,1945-2020,gdppc,20218.0,Maddison,
DEU,1976,1945-2020,v2x_libdem,0.809,V-Dem,
DEU,1976,1945-2020,v2x_polyarchy,0.854,V-Dem,
DEU,1976,1945-2020,cinc,0.033395655,COW,
DEU,1977,1945-2020,pop,78160.773,Maddison,
DEU,1977,1945-2020,gdppc,20837.0,Maddison,
DEU,1977,1945-2020,v2x_libdem,0.809,V-Dem,
DEU,1977,1945-2020,v2x_polyarchy,0.855,V-Dem,
DEU,1977,1945-2020,cinc,0.032193836,COW,
DEU,1978,1945-2020,pop,78066.074,Maddison,
DEU,1978,1945-2020,gdppc,21447.0,Maddison,
DEU,1978,1945-2020,v2x_libdem,0.814,V-Dem,
DEU,1978,1945-2020,v2x_polyarchy,0.858,V-Dem,
DEU,1978,1945-2020,cinc,0.032400295,COW,
DEU,1979,1945-2020,pop,78081.292,Maddison,
DEU,1979,1945-2020,gdppc,22305.0,Maddison,
DEU,1979,1945-2020,v2x_libdem,0.816,V-Dem,
DEU,1979,1945-2020,v2x_polyarchy,0.861,V-Dem,
DEU,1979,1945-2020,cinc,0.033399042,COW,
DEU,1980,1945-2020,pop,78297.904,Maddison,
DEU,1980,1945-2020,gdppc,22497.0,Maddison,
DEU,1980,1945-2020,v2x_libdem,0.822,V-Dem,
DEU,1980,1945-2020,v2x_polyarchy,0.864,V-Dem,
DEU,1980,1945-2020,cinc,0.032455169,COW,
DEU,1981,1945-2020,pop,78401.83,Maddison,
DEU,1981,1945-2020,gdppc,22553.0,Maddison,
DEU,1981,1945-2020,v2x_libdem,0.824,V-Dem,
DEU,1981,1945-2020,v2x_polyarchy,0.865,V-Dem,
DEU,1981,1945-2020,cinc,0.029759727,COW,
DEU,1982,1945-2020,pop,78335.266,Maddison,
DEU,1982,1945-2020,gdppc,22380.0,Maddison,
DEU,1982,1945-2020,v2x_libdem,0.824,V-Dem,
DEU,1982,1945-2020,v2x_polyarchy,0.865,V-Dem,
DEU,1982,1945-2020,cinc,0.028524548,COW,
DEU,1983,1945-2020,pop,78121.655,Maddison,
DEU,1983,1945-2020,gdppc,22840.0,Maddison,
DEU,1983,1945-2020,v2x_libdem,0.82,V-Dem,
DEU,1983,1945-2020,v2x_polyarchy,0.864,V-Dem,
DEU,1983,1945-2020,cinc,0.027837086,COW,
DEU,1984,1945-2020,pop,77855.422,Maddison,
DEU,1984,1945-2020,gdppc,23564.0,Maddison,
DEU,1984,1945-2020,v2x_libdem,0.819,V-Dem,
DEU,1984,1945-2020,v2x_polyarchy,0.863,V-Dem,
DEU,1984,1945-2020,cinc,0.026866492,COW,
DEU,1985,1945-2020,pop,77684.907,Maddison,
DEU,1985,1945-2020,gdppc,24133.0,Maddison,
DEU,1985,1945-2020,v2x_libdem,0.819,V-Dem,
DEU,1985,1945-2020,v2x_polyarchy,0.863,V-Dem,
DEU,1985,1945-2020,cinc,0.026081393,COW,
DEU,1986,1945-2020,pop,77713.485,Maddison,
DEU,1986,1945-2020,gdppc,24657.0,Maddison,
DEU,1986,1945-2020,v2x_libdem,0.819,V-Dem,
DEU,1986,1945-2020,v2x_polyarchy,0.863,V-Dem,
DEU,1986,1945-2020,cinc,0.026057754,COW,
DEU,1987,1945-2020,pop,77718.298,Maddison,
DEU,1987,1945-2020,gdppc,25027.0,Maddison,
DEU,1987,1945-2020,v2x_libdem,0.823,V-Dem,
DEU,1987,1945-2020,v2x_polyarchy,0.864,V-Dem,
DEU,1987,1945-2020,cinc,0.025921142,COW,
DEU,1988,1945-2020,pop,78030.572,Maddison,
DEU,1988,1945-2020,gdppc,25759.0,Maddison,
DEU,1988,1945-2020,v2x_libdem,0.824,V-Dem,
DEU,1988,1945-2020,v2x_polyarchy,0.864,V-Dem,
DEU,1988,1945-2020,cinc,0.026303709,COW,
DEU,1989,1945-2020,pop,78644.914,Maddison,
DEU,1989,1945-2020,gdppc,26393.0,Maddison,
DEU,1989,1945-2020,v2x_libdem,0.824,V-Dem,
DEU,1989,1945-2020,v2x_polyarchy,0.864,V-Dem,
DEU,1989,1945-2020,cinc,0.027101472,COW,
DEU,1990,1945-2020,pop,79380.394,Maddison,
DEU,1990,1945-2020,gdppc,25391.0,Maddison,
DEU,1990,1945-2020,v2x_libdem,0.853,V-Dem,
DEU,1990,1945-2020,v2x_polyarchy,0.892,V-Dem,
DEU,1990,1945-2020,cinc,0.029267116,COW,
DEU,1991,1945-2020,pop,79989.52,Maddison,
DEU,1991,1945-2020,gdppc,26769.960305852994,Maddison,
DEU,1991,1945-2020,v2x_libdem,0.853,V-Dem,
DEU,1991,1945-2020,v2x_polyarchy,0.893,V-Dem,
DEU,1991,1945-2020,cinc,0.031236051,COW,
DEU,1992,1945-2020,pop,80516.63,Maddison,
DEU,1992,1945-2020,gdppc,27385.055559779423,Maddison,
DEU,1992,1945-2020,v2x_libdem,0.853,V-Dem,
DEU,1992,1945-2020,v2x_polyarchy,0.893,V-Dem,
DEU,1992,1945-2020,cinc,0.03153953,COW,
DEU,1993,1945-2020,pop,80962.72,Maddison,
DEU,1993,1945-2020,gdppc,27250.70055747773,Maddison,
DEU,1993,1945-2020,v2x_libdem,0.853,V-Dem,
DEU,1993,1945-2020,v2x_polyarchy,0.893,V-Dem,
DEU,1993,1945-2020,cinc,0.031412087,COW,
DEU,1994,1945-2020,pop,81163.76,Maddison,
DEU,1994,1945-2020,gdppc,28140.05587535537,Maddison,
DEU,1994,1945-2020,v2x_libdem,0.853,V-Dem,
DEU,1994,1945-2020,v2x_polyarchy,0.893,V-Dem,
DEU,1994,1945-2020,cinc,0.030594533,COW,
DEU,1995,1945-2020,pop,81324.8,Maddison,
DEU,1995,1945-2020,gdppc,28868.946166083264,Maddison,
DEU,1995,1945-2020,v2x_libdem,0.853,V-Dem,
DEU,1995,1945-2020,v2x_polyarchy,0.893,V-Dem,
DEU,1995,1945-2020,cinc,0.0311909,COW,
DEU,1996,1945-2020,pop,81482.83,Maddison,
DEU,1996,1945-2020,gdppc,29349.982835455772,Maddison,
DEU,1996,1945-2020,v2x_libdem,0.854,V-Dem,
DEU,1996,1945-2020,v2x_polyarchy,0.893,V-Dem,
DEU,1996,1945-2020,cinc,0.030039914,COW,
DEU,1997,1945-2020,pop,81526.84,Maddison,
DEU,1997,1945-2020,gdppc,30186.94444075555,Maddison,
DEU,1997,1945-2020,v2x_libdem,0.854,V-Dem,
DEU,1997,1945-2020,v2x_polyarchy,0.893,V-Dem,
DEU,1997,1945-2020,cinc,0.029110087,COW,
DEU,1998,1945-2020,pop,81462.82,Maddison,
DEU,1998,1945-2020,gdppc,31129.584397656625,Maddison,
DEU,1998,1945-2020,v2x_libdem,0.856,V-Dem,
DEU,1998,1945-2020,v2x_polyarchy,0.894,V-Dem,
DEU,1998,1945-2020,cinc,0.029356653,COW,
DEU,1999,1945-2020,pop,81438.82,Maddison,
DEU,1999,1945-2020,gdppc,32087.603958850836,Maddison,
DEU,1999,1945-2020,v2x_libdem,0.86,V-Dem,
DEU,1999,1945-2020,v2x_polyarchy,0.899,V-Dem,
DEU,1999,1945-2020,cinc,0.027760297,COW,
DEU,2000,1945-2020,pop,81473.83,Maddison,
DEU,2000,1945-2020,gdppc,33367.28380906572,Maddison,
DEU,2000,1945-2020,v2x_libdem,0.86,V-Dem,
DEU,2000,1945-2020,v2x_polyarchy,0.899,V-Dem,
DEU,2000,1945-2020,cinc,0.026201505,COW,
DEU,2001,1945-2020,pop,81533.84,Maddison,
DEU,2001,1945-2020,gdppc,34260.28763277704,Maddison,
DEU,2001,1945-2020,v2x_libdem,0.86,V-Dem,
DEU,2001,1945-2020,v2x_polyarchy,0.899,V-Dem,
DEU,2001,1945-2020,cinc,0.026277268,COW,
DEU,2002,1945-2020,pop,81594.85,Maddison,
DEU,2002,1945-2020,gdppc,34590.93016148603,Maddison,
DEU,2002,1945-2020,v2x_libdem,0.859,V-Dem,
DEU,2002,1945-2020,v2x_polyarchy,0.898,V-Dem,
DEU,2002,1945-2020,cinc,0.02525737,COW,
DEU,2003,1945-2020,pop,81565.85,Maddison,
DEU,2003,1945-2020,gdppc,34716.44054621595,Maddison,
DEU,2003,1945-2020,v2x_libdem,0.857,V-Dem,
DEU,2003,1945-2020,v2x_polyarchy,0.896,V-Dem,
DEU,2003,1945-2020,cinc,0.024657244,COW,
DEU,2004,1945-2020,pop,81472.83,Maddison,
DEU,2004,1945-2020,gdppc,35528.713472379015,Maddison,
DEU,2004,1945-2020,v2x_libdem,0.857,V-Dem,
DEU,2004,1945-2020,v2x_polyarchy,0.896,V-Dem,
DEU,2004,1945-2020,cinc,0.023875449,COW,
DEU,2005,1945-2020,pop,81353.8,Maddison,
DEU,2005,1945-2020,gdppc,36205.57498422705,Maddison,
DEU,2005,1945-2020,v2x_libdem,0.859,V-Dem,
DEU,2005,1945-2020,v2x_polyarchy,0.896,V-Dem,
DEU,2005,1945-2020,cinc,0.023106351,COW,
DEU,2006,1945-2020,pop,81189.77,Maddison,
DEU,2006,1945-2020,gdppc,38014.13685310267,Maddison,
DEU,2006,1945-2020,v2x_libdem,0.864,V-Dem,
DEU,2006,1945-2020,v2x_polyarchy,0.902,V-Dem,
DEU,2006,1945-2020,cinc,0.02238599,COW,
DEU,2007,1945-2020,pop,81008.73,Maddison,
DEU,2007,1945-2020,gdppc,39752.20673719779,Maddison,
DEU,2007,1945-2020,v2x_libdem,0.864,V-Dem,
DEU,2007,1945-2020,v2x_polyarchy,0.902,V-Dem,
DEU,2007,1945-2020,cinc,0.021608284,COW,
DEU,2008,1945-2020,pop,80780.68,Maddison,
DEU,2008,1945-2020,gdppc,40715.43417294671,Maddison,
DEU,2008,1945-2020,v2x_libdem,0.864,V-Dem,
DEU,2008,1945-2020,v2x_polyarchy,0.902,V-Dem,
DEU,2008,1945-2020,cinc,0.020993518,COW,
DEU,2009,1945-2020,pop,80499.63,Maddison,
DEU,2009,1945-2020,gdppc,38962.93870266321,Maddison,
DEU,2009,1945-2020,v2x_libdem,0.862,V-Dem,
DEU,2009,1945-2020,v2x_polyarchy,0.9,V-Dem,
DEU,2009,1945-2020,cinc,0.019252539,COW,
DEU,2010,1945-2020,pop,80300.58,Maddison,
DEU,2010,1945-2020,gdppc,41109.581818875464,Maddison,
DEU,2010,1945-2020,v2x_libdem,0.862,V-Dem,
DEU,2010,1945-2020,v2x_polyarchy,0.898,V-Dem,
DEU,2010,1945-2020,cinc,0.019416943,COW,
DEU,2011,1945-2020,pop,80291.58,Maddison,
DEU,2011,1945-2020,gdppc,43189.0,Maddison,
DEU,2011,1945-2020,v2x_libdem,0.864,V-Dem,
DEU,2011,1945-2020,v2x_polyarchy,0.9,V-Dem,
DEU,2011,1945-2020,cinc,0.018717172,COW,
DEU,2012,1945-2020,pop,80442.61,Maddison,
DEU,2012,1945-2020,gdppc,43288.31991990925,Maddison,
DEU,2012,1945-2020,v2x_libdem,0.863,V-Dem,
DEU,2012,1945-2020,v2x_polyarchy,0.899,V-Dem,
DEU,2012,1945-2020,cinc,0.01782185,COW,
DEU,2013,1945-2020,pop,80662.66,Maddison,
DEU,2013,1945-2020,gdppc,43359.13650623272,Maddison,
DEU,2013,1945-2020,v2x_libdem,0.853,V-Dem,
DEU,2013,1945-2020,v2x_polyarchy,0.892,V-Dem,
DEU,2013,1945-2020,cinc,0.017428882,COW,
DEU,2014,1945-2020,pop,80999.73,Maddison,
DEU,2014,1945-2020,gdppc,44132.75624401914,Maddison,
DEU,2014,1945-2020,v2x_libdem,0.845,V-Dem,
DEU,2014,1945-2020,v2x_polyarchy,0.885,V-Dem,
DEU,2014,1945-2020,cinc,0.016987702,COW,
DEU,2015,1945-2020,pop,81703.87,Maddison,
DEU,2015,1945-2020,gdppc,44405.1667158815,Maddison,
DEU,2015,1945-2020,v2x_libdem,0.845,V-Dem,
DEU,2015,1945-2020,v2x_polyarchy,0.883,V-Dem,
DEU,2015,1945-2020,cinc,0.016500173,COW,
DEU,2016,1945-2020,pop,82366.01,Maddison,
DEU,2016,1945-2020,gdppc,45030.46826166678,Maddison,
DEU,2016,1945-2020,v2x_libdem,0.848,V-Dem,
DEU,2016,1945-2020,v2x_polyarchy,0.888,V-Dem,
DEU,2016,1945-2020,cinc,0.016592627,COW,
DEU,2017,1945-2020,pop,82674.07,Maddison,
DEU,2017,1945-2020,gdppc,46065.10011064793,Maddison,
DEU,2017,1945-2020,v2x_libdem,0.842,V-Dem,
DEU,2017,1945-2020,v2x_polyarchy,0.889,V-Dem,
DEU,2017,1945-2020,cinc,,COW,
DEU,2018,1945-2020,pop,82923.13,Maddison,
DEU,2018,1945-2020,gdppc,46377.39085284696,Maddison,
DEU,2018,1945-2020,v2x_libdem,0.834,V-Dem,
DEU,2018,1945-2020,v2x_polyarchy,0.881,V-Dem,
DEU,2018,1945-2020,cinc,,COW,
DEU,2019,1945-2020,pop,83110.16,Maddison,
DEU,2019,1945-2020,gdppc,46761.9460555775,Maddison,
DEU,2019,1945-2020,v2x_libdem,0.831,V-Dem,
DEU,2019,1945-2020,v2x_polyarchy,0.878,V-Dem,
DEU,2019,1945-2020,cinc,,COW,
DEU,2020,1945-2020,pop,83178.18,Maddison,
DEU,2020,1945-2020,gdppc,44996.4296207847,Maddison,
DEU,2020,1945-2020,v2x_libdem,0.821,V-Dem,
DEU,2020,1945-2020,v2x_polyarchy,0.87,V-Dem,
DEU,2020,1945-2020,cinc,,COW,
ESP,1820,1820-1913,pop,12203.0,Maddison,
ESP,1820,1820-1913,gdppc,1557.9081582883766,Maddison,
ESP,1820,1820-1913,v2x_libdem,0.123,V-Dem,
ESP,1820,1820-1913,v2x_polyarchy,0.166,V-Dem,
ESP,1820,1820-1913,cinc,0.042795278,COW,
ESP,1821,1820-1913,pop,12284.0,Maddison,
ESP,1821,1820-1913,gdppc,1578.1992856241748,Maddison,
ESP,1821,1820-1913,v2x_libdem,0.132,V-Dem,
ESP,1821,1820-1913,v2x_polyarchy,0.18,V-Dem,
ESP,1821,1820-1913,cinc,0.034272246,COW,
ESP,1822,1820-1913,pop,12366.0,Maddison,
ESP,1822,1820-1913,gdppc,1587.3619448619622,Maddison,
ESP,1822,1820-1913,v2x_libdem,0.132,V-Dem,
ESP,1822,1820-1913,v2x_polyarchy,0.18,V-Dem,
ESP,1822,1820-1913,cinc,0.032343104,COW,
ESP,1823,1820-1913,pop,12449.0,Maddison,
ESP,1823,1820-1913,gdppc,1620.3063163030754,Maddison,
ESP,1823,1820-1913,v2x_libdem,0.127,V-Dem,
ESP,1823,1820-1913,v2x_polyarchy,0.158,V-Dem,
ESP,1823,1820-1913,cinc,0.029989449,COW,
ESP,1824,1820-1913,pop,12532.0,Maddison,
ESP,1824,1820-1913,gdppc,1634.338210326048,Maddison,
ESP,1824,1820-1913,v2x_libdem,0.096,V-Dem,
ESP,1824,1820-1913,v2x_polyarchy,0.038,V-Dem,
ESP,1824,1820-1913,cinc,0.026790705,COW,
ESP,1825,1820-1913,pop,12615.0,Maddison,
ESP,1825,1820-1913,gdppc,1472.9402667852032,Maddison,
ESP,1825,1820-1913,v2x_libdem,0.096,V-Dem,
ESP,1825,1820-1913,v2x_polyarchy,0.038,V-Dem,
ESP,1825,1820-1913,cinc,0.028657101,COW,
ESP,1826,1820-1913,pop,12699.0,Maddison,
ESP,1826,1820-1913,gdppc,1587.3630788847752,Maddison,
ESP,1826,1820-1913,v2x_libdem,0.096,V-Dem,
ESP,1826,1820-1913,v2x_polyarchy,0.038,V-Dem,
ESP,1826,1820-1913,cinc,0.029690003,COW,
ESP,1827,1820-1913,pop,12784.0,Maddison,
ESP,1827,1820-1913,gdppc,1617.0529994590643,Maddison,
ESP,1827,1820-1913,v2x_libdem,0.096,V-Dem,
ESP,1827,1820-1913,v2x_polyarchy,0.038,V-Dem,
ESP,1827,1820-1913,cinc,0.028541436,COW,
ESP,1828,1820-1913,pop,12869.0,Maddison,
ESP,1828,1820-1913,gdppc,1607.2123225885048,Maddison,
ESP,1828,1820-1913,v2x_libdem,0.096,V-Dem,
ESP,1828,1820-1913,v2x_polyarchy,0.038,V-Dem,
ESP,1828,1820-1913,cinc,0.028379247,COW,
ESP,1829,1820-1913,pop,12955.0,Maddison,
ESP,1829,1820-1913,gdppc,1636.2802459794266,Maddison,
ESP,1829,1820-1913,v2x_libdem,0.096,V-Dem,
ESP,1829,1820-1913,v2x_polyarchy,0.038,V-Dem,
ESP,1829,1820-1913,cinc,0.033772226,COW,
ESP,1830,1820-1913,pop,13041.0,Maddison,
ESP,1830,1820-1913,gdppc,1662.3563829071156,Maddison,
ESP,1830,1820-1913,v2x_libdem,0.096,V-Dem,
ESP,1830,1820-1913,v2x_polyarchy,0.038,V-Dem,
ESP,1830,1820-1913,cinc,0.025803164,COW,
ESP,1831,1820-1913,pop,13128.0,Maddison,
ESP,1831,1820-1913,gdppc,1655.425884576677,Maddison,
ESP,1831,1820-1913,v2x_libdem,0.096,V-Dem,
ESP,1831,1820-1913,v2x_polyarchy,0.038,V-Dem,
ESP,1831,1820-1913,cinc,0.02592843,COW,
ESP,1832,1820-1913,pop,13216.0,Maddison,
ESP,1832,1820-1913,gdppc,1551.8247673145231,Maddison,
ESP,1832,1820-1913,v2x_libdem,0.096,V-Dem,
ESP,1832,1820-1913,v2x_polyarchy,0.038,V-Dem,
ESP,1832,1820-1913,cinc,0.024465896,COW,
ESP,1833,1820-1913,pop,13304.0,Maddison,
ESP,1833,1820-1913,gdppc,1589.8493780204574,Maddison,
ESP,1833,1820-1913,v2x_libdem,0.096,V-Dem,
ESP,1833,1820-1913,v2x_polyarchy,0.039,V-Dem,
ESP,1833,1820-1913,cinc,0.023139449,COW,
ESP,1834,1820-1913,pop,13392.0,Maddison,
ESP,1834,1820-1913,gdppc,1564.5525291611057,Maddison,
ESP,1834,1820-1913,v2x_libdem,0.111,V-Dem,
ESP,1834,1820-1913,v2x_polyarchy,0.063,V-Dem,
ESP,1834,1820-1913,cinc,0.027767902,COW,
ESP,1835,1820-1913,pop,13482.0,Maddison,
ESP,1835,1820-1913,gdppc,1573.8107997470327,Maddison,
ESP,1835,1820-1913,v2x_libdem,0.119,V-Dem,
ESP,1835,1820-1913,v2x_polyarchy,0.063,V-Dem,
ESP,1835,1820-1913,cinc,0.028091883,COW,
ESP,1836,1820-1913,pop,13571.0,Maddison,
ESP,1836,1820-1913,gdppc,1537.6418337887014,Maddison,
ESP,1836,1820-1913,v2x_libdem,0.135,V-Dem,
ESP,1836,1820-1913,v2x_polyarchy,0.144,V-Dem,
ESP,1836,1820-1913,cinc,0.026519191,COW,
ESP,1837,1820-1913,pop,13662.0,Maddison,
ESP,1837,1820-1913,gdppc,1549.6858376207922,Maddison,
ESP,1837,1820-1913,v2x_libdem,0.138,V-Dem,
ESP,1837,1820-1913,v2x_polyarchy,0.155,V-Dem,
ESP,1837,1820-1913,cinc,0.029902302,COW,
ESP,1838,1820-1913,pop,13753.0,Maddison,
ESP,1838,1820-1913,gdppc,1535.7496460570717,Maddison,
ESP,1838,1820-1913,v2x_libdem,0.139,V-Dem,
ESP,1838,1820-1913,v2x_polyarchy,0.16,V-Dem,
ESP,1838,1820-1913,cinc,0.03018813,COW,
ESP,1839,1820-1913,pop,13845.0,Maddison,
ESP,1839,1820-1913,gdppc,1575.3464323318278,Maddison,
ESP,1839,1820-1913,v2x_libdem,0.139,V-Dem,
ESP,1839,1820-1913,v2x_polyarchy,0.16,V-Dem,
ESP,1839,1820-1913,cinc,0.030361401,COW,
ESP,1840,1820-1913,pop,13937.0,Maddison,
ESP,1840,1820-1913,gdppc,1656.2968016065238,Maddison,
ESP,1840,1820-1913,v2x_libdem,0.144,V-Dem,
ESP,1840,1820-1913,v2x_polyarchy,0.177,V-Dem,
ESP,1840,1820-1913,cinc,0.028354596,COW,
ESP,1841,1820-1913,pop,14030.0,Maddison,
ESP,1841,1820-1913,gdppc,1659.37859170665,Maddison,
ESP,1841,1820-1913,v2x_libdem,0.134,V-Dem,
ESP,1841,1820-1913,v2x_polyarchy,0.13,V-Dem,
ESP,1841,1820-1913,cinc,0.027543141,COW,
ESP,1842,1820-1913,pop,14123.0,Maddison,
ESP,1842,1820-1913,gdppc,1605.1042365201079,Maddison,
ESP,1842,1820-1913,v2x_libdem,0.134,V-Dem,
ESP,1842,1820-1913,v2x_polyarchy,0.13,V-Dem,
ESP,1842,1820-1913,cinc,0.027146421,COW,
ESP,1843,1820-1913,pop,14217.0,Maddison,
ESP,1843,1820-1913,gdppc,1604.589926663245,Maddison,
ESP,1843,1820-1913,v2x_libdem,0.133,V-Dem,
ESP,1843,1820-1913,v2x_polyarchy,0.129,V-Dem,
ESP,1843,1820-1913,cinc,0.027024513,COW,
ESP,1844,1820-1913,pop,14312.0,Maddison,
ESP,1844,1820-1913,gdppc,1556.114732976872,Maddison,
ESP,1844,1820-1913,v2x_libdem,0.133,V-Dem,
ESP,1844,1820-1913,v2x_polyarchy,0.129,V-Dem,
ESP,1844,1820-1913,cinc,0.027538311,COW,
ESP,1845,1820-1913,pop,14407.0,Maddison,
ESP,1845,1820-1913,gdppc,1628.6226088168066,Maddison,
ESP,1845,1820-1913,v2x_libdem,0.133,V-Dem,
ESP,1845,1820-1913,v2x_polyarchy,0.129,V-Dem,
ESP,1845,1820-1913,cinc,0.02776525,COW,
ESP,1846,1820-1913,pop,14503.0,Maddison,
ESP,1846,1820-1913,gdppc,1656.5986154259497,Maddison,
ESP,1846,1820-1913,v2x_libdem,0.133,V-Dem,
ESP,1846,1820-1913,v2x_polyarchy,0.125,V-Dem,
ESP,1846,1820-1913,cinc,0.027495656,COW,
ESP,1847,1820-1913,pop,14600.0,Maddison,
ESP,1847,1820-1913,gdppc,1592.762947464666,Maddison,
ESP,1847,1820-1913,v2x_libdem,0.133,V-Dem,
ESP,1847,1820-1913,v2x_polyarchy,0.126,V-Dem,
ESP,1847,1820-1913,cinc,0.028826362,COW,
ESP,1848,1820-1913,pop,14697.0,Maddison,
ESP,1848,1820-1913,gdppc,1615.9254219354177,Maddison,
ESP,1848,1820-1913,v2x_libdem,0.131,V-Dem,
ESP,1848,1820-1913,v2x_polyarchy,0.119,V-Dem,
ESP,1848,1820-1913,cinc,0.030083882,COW,
ESP,1849,1820-1913,pop,14795.0,Maddison,
ESP,1849,1820-1913,gdppc,1638.2705798252298,Maddison,
ESP,1849,1820-1913,v2x_libdem,0.131,V-Dem,
ESP,1849,1820-1913,v2x_polyarchy,0.119,V-Dem,
ESP,1849,1820-1913,cinc,0.029859666,COW,
ESP,1850,1820-1913,pop,14894.0,Maddison,
ESP,1850,1820-1913,gdppc,1702.9349264460188,Maddison,
ESP,1850,1820-1913,v2x_libdem,0.131,V-Dem,
ESP,1850,1820-1913,v2x_polyarchy,0.119,V-Dem,
ESP,1850,1820-1913,cinc,0.030798828,COW,
ESP,1851,1820-1913,pop,14974.0,Maddison,
ESP,1851,1820-1913,gdppc,1718.4222194727763,Maddison,
ESP,1851,1820-1913,v2x_libdem,0.131,V-Dem,
ESP,1851,1820-1913,v2x_polyarchy,0.119,V-Dem,
ESP,1851,1820-1913,cinc,0.031282056,COW,
ESP,1852,1820-1913,pop,15055.0,Maddison,
ESP,1852,1820-1913,gdppc,1783.8384904908464,Maddison,
ESP,1852,1820-1913,v2x_libdem,0.133,V-Dem,
ESP,1852,1820-1913,v2x_polyarchy,0.119,V-Dem,
ESP,1852,1820-1913,cinc,0.029924113,COW,
ESP,1853,1820-1913,pop,15136.0,Maddison,
ESP,1853,1820-1913,gdppc,1783.8340434892614,Maddison,
ESP,1853,1820-1913,v2x_libdem,0.133,V-Dem,
ESP,1853,1820-1913,v2x_polyarchy,0.119,V-Dem,
ESP,1853,1820-1913,cinc,0.028813148,COW,
ESP,1854,1820-1913,pop,15217.0,Maddison,
ESP,1854,1820-1913,gdppc,1801.455539337808,Maddison,
ESP,1854,1820-1913,v2x_libdem,0.136,V-Dem,
ESP,1854,1820-1913,v2x_polyarchy,0.135,V-Dem,
ESP,1854,1820-1913,cinc,0.02389068,COW,
ESP,1855,1820-1913,pop,15299.0,Maddison,
ESP,1855,1820-1913,gdppc,1889.0897789839562,Maddison,
ESP,1855,1820-1913,v2x_libdem,0.138,V-Dem,
ESP,1855,1820-1913,v2x_polyarchy,0.144,V-Dem,
ESP,1855,1820-1913,cinc,0.022323659,COW,
ESP,1856,1820-1913,pop,15381.0,Maddison,
ESP,1856,1820-1913,gdppc,1797.5085248436994,Maddison,
ESP,1856,1820-1913,v2x_libdem,0.138,V-Dem,
ESP,1856,1820-1913,v2x_polyarchy,0.144,V-Dem,
ESP,1856,1820-1913,cinc,0.0229687,COW,
ESP,1857,1820-1913,pop,15455.0,Maddison,
ESP,1857,1820-1913,gdppc,1744.0302810388387,Maddison,
ESP,1857,1820-1913,v2x_libdem,0.134,V-Dem,
ESP,1857,1820-1913,v2x_polyarchy,0.124,V-Dem,
ESP,1857,1820-1913,cinc,0.028493252,COW,
ESP,1858,1820-1913,pop,15526.0,Maddison,
ESP,1858,1820-1913,gdppc,1778.3680455486412,Maddison,
ESP,1858,1820-1913,v2x_libdem,0.134,V-Dem,
ESP,1858,1820-1913,v2x_polyarchy,0.127,V-Dem,
ESP,1858,1820-1913,cinc,0.030112812,COW,
ESP,1859,1820-1913,pop,15584.0,Maddison,
ESP,1859,1820-1913,gdppc,1861.1265944607705,Maddison,
ESP,1859,1820-1913,v2x_libdem,0.135,V-Dem,
ESP,1859,1820-1913,v2x_polyarchy,0.13,V-Dem,
ESP,1859,1820-1913,cinc,0.026724456,COW,
ESP,1860,1820-1913,pop,15642.0,Maddison,
ESP,1860,1820-1913,gdppc,1927.7724653597115,Maddison,
ESP,1860,1820-1913,v2x_libdem,0.135,V-Dem,
ESP,1860,1820-1913,v2x_polyarchy,0.13,V-Dem,
ESP,1860,1820-1913,cinc,0.021951724,COW,
ESP,1861,1820-1913,pop,15699.0,Maddison,
ESP,1861,1820-1913,gdppc,1929.4048945756558,Maddison,
ESP,1861,1820-1913,v2x_libdem,0.135,V-Dem,
ESP,1861,1820-1913,v2x_polyarchy,0.13,V-Dem,
ESP,1861,1820-1913,cinc,0.019012036,COW,
ESP,1862,1820-1913,pop,15754.0,Maddison,
ESP,1862,1820-1913,gdppc,1929.6805242400596,Maddison,
ESP,1862,1820-1913,v2x_libdem,0.135,V-Dem,
ESP,1862,1820-1913,v2x_polyarchy,0.13,V-Dem,
ESP,1862,1820-1913,cinc,0.018166743,COW,
ESP,1863,1820-1913,pop,15809.0,Maddison,
ESP,1863,1820-1913,gdppc,1956.3544512427152,Maddison,
ESP,1863,1820-1913,v2x_libdem,0.135,V-Dem,
ESP,1863,1820-1913,v2x_polyarchy,0.13,V-Dem,
ESP,1863,1820-1913,cinc,0.017803475,COW,
ESP,1864,1820-1913,pop,15864.0,Maddison,
ESP,1864,1820-1913,gdppc,1943.1622448534888,Maddison,
ESP,1864,1820-1913,v2x_libdem,0.135,V-Dem,
ESP,1864,1820-1913,v2x_polyarchy,0.129,V-Dem,
ESP,1864,1820-1913,cinc,0.017674536,COW,
ESP,1865,1820-1913,pop,15920.0,Maddison,
ESP,1865,1820-1913,gdppc,1862.083037166315,Maddison,
ESP,1865,1820-1913,v2x_libdem,0.135,V-Dem,
ESP,1865,1820-1913,v2x_polyarchy,0.131,V-Dem,
ESP,1865,1820-1913,cinc,0.021129759,COW,
ESP,1866,1820-1913,pop,15976.0,Maddison,
ESP,1866,1820-1913,gdppc,1974.4524288588445,Maddison,
ESP,1866,1820-1913,v2x_libdem,0.135,V-Dem,
ESP,1866,1820-1913,v2x_polyarchy,0.129,V-Dem,
ESP,1866,1820-1913,cinc,0.020437209,COW,
ESP,1867,1820-1913,pop,16032.0,Maddison,
ESP,1867,1820-1913,gdppc,1943.7187679790839,Maddison,
ESP,1867,1820-1913,v2x_libdem,0.134,V-Dem,
ESP,1867,1820-1913,v2x_polyarchy,0.125,V-Dem,
ESP,1867,1820-1913,cinc,0.020460865,COW,
ESP,1868,1820-1913,pop,16088.0,Maddison,
ESP,1868,1820-1913,gdppc,1698.7675035479258,Maddison,
ESP,1868,1820-1913,v2x_libdem,0.14,V-Dem,
ESP,1868,1820-1913,v2x_polyarchy,0.148,V-Dem,
ESP,1868,1820-1913,cinc,0.020238383,COW,
ESP,1869,1820-1913,pop,16144.0,Maddison,
ESP,1869,1820-1913,gdppc,1757.92802840513,Maddison,
ESP,1869,1820-1913,v2x_libdem,0.182,V-Dem,
ESP,1869,1820-1913,v2x_polyarchy,0.268,V-Dem,
ESP,1869,1820-1913,cinc,0.021259142,COW,
ESP,1870,1820-1913,pop,16201.0,Maddison,
ESP,1870,1820-1913,gdppc,1806.456309295334,Maddison,
ESP,1870,1820-1913,v2x_libdem,0.189,V-Dem,
ESP,1870,1820-1913,v2x_polyarchy,0.268,V-Dem,
ESP,1870,1820-1913,cinc,0.019300269,COW,
ESP,1871,1820-1913,pop,16258.0,Maddison,
ESP,1871,1820-1913,gdppc,1945.427360907923,Maddison,
ESP,1871,1820-1913,v2x_libdem,0.189,V-Dem,
ESP,1871,1820-1913,v2x_polyarchy,0.268,V-Dem,
ESP,1871,1820-1913,cinc,0.016831055,COW,
ESP,1872,1820-1913,pop,16315.0,Maddison,
ESP,1872,1820-1913,gdppc,2242.9653817361404,Maddison,
ESP,1872,1820-1913,v2x_libdem,0.189,V-Dem,
ESP,1872,1820-1913,v2x_polyarchy,0.268,V-Dem,
ESP,1872,1820-1913,cinc,0.021615224,COW,
ESP,1873,1820-1913,pop,16372.0,Maddison,
ESP,1873,1820-1913,gdppc,2423.90660503451,Maddison,
ESP,1873,1820-1913,v2x_libdem,0.189,V-Dem,
ESP,1873,1820-1913,v2x_polyarchy,0.268,V-Dem,
ESP,1873,1820-1913,cinc,0.023910617,COW,
ESP,1874,1820-1913,pop,16429.0,Maddison,
ESP,1874,1820-1913,gdppc,2212.928424532403,Maddison,
ESP,1874,1820-1913,v2x_libdem,0.163,V-Dem,
ESP,1874,1820-1913,v2x_polyarchy,0.191,V-Dem,
ESP,1874,1820-1913,cinc,0.025599005,COW,
ESP,1875,1820-1913,pop,16487.0,Maddison,
ESP,1875,1820-1913,gdppc,2273.853091551616,Maddison,
ESP,1875,1820-1913,v2x_libdem,0.154,V-Dem,
ESP,1875,1820-1913,v2x_polyarchy,0.161,V-Dem,
ESP,1875,1820-1913,cinc,0.023910407,COW,
ESP,1876,1820-1913,pop,16545.0,Maddison,
ESP,1876,1820-1913,gdppc,2343.200584124242,Maddison,
ESP,1876,1820-1913,v2x_libdem,0.155,V-Dem,
ESP,1876,1820-1913,v2x_polyarchy,0.162,V-Dem,
ESP,1876,1820-1913,cinc,0.019213278,COW,
ESP,1877,1820-1913,pop,16603.0,Maddison,
ESP,1877,1820-1913,gdppc,2598.252791621509,Maddison,
ESP,1877,1820-1913,v2x_libdem,0.155,V-Dem,
ESP,1877,1820-1913,v2x_polyarchy,0.162,V-Dem,
ESP,1877,1820-1913,cinc,0.01855039,COW,
ESP,1878,1820-1913,pop,16677.0,Maddison,
ESP,1878,1820-1913,gdppc,2492.020079848089,Maddison,
ESP,1878,1820-1913,v2x_libdem,0.155,V-Dem,
ESP,1878,1820-1913,v2x_polyarchy,0.162,V-Dem,
ESP,1878,1820-1913,cinc,0.020572824,COW,
ESP,1879,1820-1913,pop,16768.0,Maddison,
ESP,1879,1820-1913,gdppc,2313.5200484261636,Maddison,
ESP,1879,1820-1913,v2x_libdem,0.149,V-Dem,
ESP,1879,1820-1913,v2x_polyarchy,0.137,V-Dem,
ESP,1879,1820-1913,cinc,0.022236153,COW,
ESP,1880,1820-1913,pop,16859.0,Maddison,
ESP,1880,1820-1913,gdppc,2517.07559103517,Maddison,
ESP,1880,1820-1913,v2x_libdem,0.149,V-Dem,
ESP,1880,1820-1913,v2x_polyarchy,0.141,V-Dem,
ESP,1880,1820-1913,cinc,0.02228803,COW,
ESP,1881,1820-1913,pop,16951.0,Maddison,
ESP,1881,1820-1913,gdppc,2534.708578590474,Maddison,
ESP,1881,1820-1913,v2x_libdem,0.15,V-Dem,
ESP,1881,1820-1913,v2x_polyarchy,0.146,V-Dem,
ESP,1881,1820-1913,cinc,0.021909779,COW,
ESP,1882,1820-1913,pop,17043.0,Maddison,
ESP,1882,1820-1913,gdppc,2544.2920289658746,Maddison,
ESP,1882,1820-1913,v2x_libdem,0.153,V-Dem,
ESP,1882,1820-1913,v2x_polyarchy,0.159,V-Dem,
ESP,1882,1820-1913,cinc,0.021392867,COW,
ESP,1883,1820-1913,pop,17136.0,Maddison,
ESP,1883,1820-1913,gdppc,2579.8380641560116,Maddison,
ESP,1883,1820-1913,v2x_libdem,0.153,V-Dem,
ESP,1883,1820-1913,v2x_polyarchy,0.159,V-Dem,
ESP,1883,1820-1913,cinc,0.022139732,COW,
ESP,1884,1820-1913,pop,17230.0,Maddison,
ESP,1884,1820-1913,gdppc,2587.094644384827,Maddison,
ESP,1884,1820-1913,v2x_libdem,0.154,V-Dem,
ESP,1884,1820-1913,v2x_polyarchy,0.158,V-Dem,
ESP,1884,1820-1913,cinc,0.021768225,COW,
ESP,1885,1820-1913,pop,17323.0,Maddison,
ESP,1885,1820-1913,gdppc,2490.2952868895336,Maddison,
ESP,1885,1820-1913,v2x_libdem,0.154,V-Dem,
ESP,1885,1820-1913,v2x_polyarchy,0.158,V-Dem,
ESP,1885,1820-1913,cinc,0.023436245,COW,
ESP,1886,1820-1913,pop,17418.0,Maddison,
ESP,1886,1820-1913,gdppc,2432.0482596409374,Maddison,
ESP,1886,1820-1913,v2x_libdem,0.153,V-Dem,
ESP,1886,1820-1913,v2x_polyarchy,0.159,V-Dem,
ESP,1886,1820-1913,cinc,0.02250232,COW,
ESP,1887,1820-1913,pop,17513.0,Maddison,
ESP,1887,1820-1913,gdppc,2378.44576565618,Maddison,
ESP,1887,1820-1913,v2x_libdem,0.153,V-Dem,
ESP,1887,1820-1913,v2x_polyarchy,0.159,V-Dem,
ESP,1887,1820-1913,cinc,0.021838108,COW,
ESP,1888,1820-1913,pop,17600.0,Maddison,
ESP,1888,1820-1913,gdppc,2472.120964733228,Maddison,
ESP,1888,1820-1913,v2x_libdem,0.153,V-Dem,
ESP,1888,1820-1913,v2x_polyarchy,0.159,V-Dem,
ESP,1888,1820-1913,cinc,0.020374503,COW,
ESP,1889,1820-1913,pop,17678.0,Maddison,
ESP,1889,1820-1913,gdppc,2465.8533076077724,Maddison,
ESP,1889,1820-1913,v2x_libdem,0.153,V-Dem,
ESP,1889,1820-1913,v2x_polyarchy,0.159,V-Dem,
ESP,1889,1820-1913,cinc,0.020327594,COW,
ESP,1890,1820-1913,pop,17757.0,Maddison,
ESP,1890,1820-1913,gdppc,2459.6170115845034,Maddison,
ESP,1890,1820-1913,v2x_libdem,0.157,V-Dem,
ESP,1890,1820-1913,v2x_polyarchy,0.159,V-Dem,
ESP,1890,1820-1913,cinc,0.019773912,COW,
ESP,1891,1820-1913,pop,17836.0,Maddison,
ESP,1891,1820-1913,gdppc,2506.0656557088364,Maddison,
ESP,1891,1820-1913,v2x_libdem,0.164,V-Dem,
ESP,1891,1820-1913,v2x_polyarchy,0.186,V-Dem,
ESP,1891,1820-1913,cinc,0.019665936,COW,
ESP,1892,1820-1913,pop,17916.0,Maddison,
ESP,1892,1820-1913,gdppc,2716.7375926575505,Maddison,
ESP,1892,1820-1913,v2x_libdem,0.164,V-Dem,
ESP,1892,1820-1913,v2x_polyarchy,0.186,V-Dem,
ESP,1892,1820-1913,cinc,0.018829832,COW,
ESP,1893,1820-1913,pop,17996.0,Maddison,
ESP,1893,1820-1913,gdppc,2599.663202241526,Maddison,
ESP,1893,1820-1913,v2x_libdem,0.165,V-Dem,
ESP,1893,1820-1913,v2x_polyarchy,0.186,V-Dem,
ESP,1893,1820-1913,cinc,0.019203313,COW,
ESP,1894,1820-1913,pop,18076.0,Maddison,
ESP,1894,1820-1913,gdppc,2629.2671177262205,Maddison,
ESP,1894,1820-1913,v2x_libdem,0.164,V-Dem,
ESP,1894,1820-1913,v2x_polyarchy,0.184,V-Dem,
ESP,1894,1820-1913,cinc,0.018440694,COW,
ESP,1895,1820-1913,pop,18157.0,Maddison,
ESP,1895,1820-1913,gdppc,2584.8320355673004,Maddison,
ESP,1895,1820-1913,v2x_libdem,0.164,V-Dem,
ESP,1895,1820-1913,v2x_polyarchy,0.184,V-Dem,
ESP,1895,1820-1913,cinc,0.018094925,COW,
ESP,1896,1820-1913,pop,18238.0,Maddison,
ESP,1896,1820-1913,gdppc,2328.1600686765682,Maddison,
ESP,1896,1820-1913,v2x_libdem,0.165,V-Dem,
ESP,1896,1820-1913,v2x_polyarchy,0.185,V-Dem,
ESP,1896,1820-1913,cinc,0.018368188,COW,
ESP,1897,1820-1913,pop,18320.0,Maddison,
ESP,1897,1820-1913,gdppc,2465.8978994256045,Maddison,
ESP,1897,1820-1913,v2x_libdem,0.165,V-Dem,
ESP,1897,1820-1913,v2x_polyarchy,0.185,V-Dem,
ESP,1897,1820-1913,cinc,0.018030534,COW,
ESP,1898,1820-1913,pop,18402.0,Maddison,
ESP,1898,1820-1913,gdppc,2624.471742624925,Maddison,
ESP,1898,1820-1913,v2x_libdem,0.164,V-Dem,
ESP,1898,1820-1913,v2x_polyarchy,0.184,V-Dem,
ESP,1898,1820-1913,cinc,0.017012449,COW,
ESP,1899,1820-1913,pop,18484.0,Maddison,
ESP,1899,1820-1913,gdppc,2632.6386716970746,Maddison,
ESP,1899,1820-1913,v2x_libdem,0.164,V-Dem,
ESP,1899,1820-1913,v2x_polyarchy,0.184,V-Dem,
ESP,1899,1820-1913,cinc,0.016421596,COW,
ESP,1900,1820-1913,pop,18566.0,Maddison,
ESP,1900,1820-1913,gdppc,2672.390528137885,Maddison,
ESP,1900,1820-1913,v2x_libdem,0.164,V-Dem,
ESP,1900,1820-1913,v2x_polyarchy,0.185,V-Dem,
ESP,1900,1820-1913,cinc,0.014750766,COW,
ESP,1901,1820-1913,pop,18659.0,Maddison,
ESP,1901,1820-1913,gdppc,2881.452193308822,Maddison,
ESP,1901,1820-1913,v2x_libdem,0.164,V-Dem,
ESP,1901,1820-1913,v2x_polyarchy,0.183,V-Dem,
ESP,1901,1820-1913,cinc,0.014290716,COW,
ESP,1902,1820-1913,pop,18788.0,Maddison,
ESP,1902,1820-1913,gdppc,2736.106361336982,Maddison,
ESP,1902,1820-1913,v2x_libdem,0.164,V-Dem,
ESP,1902,1820-1913,v2x_polyarchy,0.181,V-Dem,
ESP,1902,1820-1913,cinc,0.014104389,COW,
ESP,1903,1820-1913,pop,18919.0,Maddison,
ESP,1903,1820-1913,gdppc,2708.8139901148097,Maddison,
ESP,1903,1820-1913,v2x_libdem,0.164,V-Dem,
ESP,1903,1820-1913,v2x_polyarchy,0.182,V-Dem,
ESP,1903,1820-1913,cinc,0.014084276,COW,
ESP,1904,1820-1913,pop,19050.0,Maddison,
ESP,1904,1820-1913,gdppc,2657.078907099109,Maddison,
ESP,1904,1820-1913,v2x_libdem,0.164,V-Dem,
ESP,1904,1820-1913,v2x_polyarchy,0.182,V-Dem,
ESP,1904,1820-1913,cinc,0.01406482,COW,
ESP,1905,1820-1913,pop,19133.0,Maddison,
ESP,1905,1820-1913,gdppc,2618.8733699084255,Maddison,
ESP,1905,1820-1913,v2x_libdem,0.164,V-Dem,
ESP,1905,1820-1913,v2x_polyarchy,0.183,V-Dem,
ESP,1905,1820-1913,cinc,0.012588767,COW,
ESP,1906,1820-1913,pop,19316.0,Maddison,
ESP,1906,1820-1913,gdppc,2770.938309954853,Maddison,
ESP,1906,1820-1913,v2x_libdem,0.164,V-Dem,
ESP,1906,1820-1913,v2x_polyarchy,0.184,V-Dem,
ESP,1906,1820-1913,cinc,0.013708876,COW,
ESP,1907,1820-1913,pop,19450.0,Maddison,
ESP,1907,1820-1913,gdppc,2824.1585309385746,Maddison,
ESP,1907,1820-1913,v2x_libdem,0.164,V-Dem,
ESP,1907,1820-1913,v2x_polyarchy,0.183,V-Dem,
ESP,1907,1820-1913,cinc,0.014558038,COW,
ESP,1908,1820-1913,pop,19585.0,Maddison,
ESP,1908,1820-1913,gdppc,2912.796968932279,Maddison,
ESP,1908,1820-1913,v2x_libdem,0.163,V-Dem,
ESP,1908,1820-1913,v2x_polyarchy,0.182,V-Dem,
ESP,1908,1820-1913,cinc,0.014454043,COW,
ESP,1909,1820-1913,pop,19721.0,Maddison,
ESP,1909,1820-1913,gdppc,2974.25662855563,Maddison,
ESP,1909,1820-1913,v2x_libdem,0.163,V-Dem,
ESP,1909,1820-1913,v2x_polyarchy,0.182,V-Dem,
ESP,1909,1820-1913,cinc,0.014516886,COW,
ESP,1910,1820-1913,pop,19858.0,Maddison,
ESP,1910,1820-1913,gdppc,2819.2628921578753,Maddison,
ESP,1910,1820-1913,v2x_libdem,0.163,V-Dem,
ESP,1910,1820-1913,v2x_polyarchy,0.181,V-Dem,
ESP,1910,1820-1913,cinc,0.014651992,COW,
ESP,1911,1820-1913,pop,19994.0,Maddison,
ESP,1911,1820-1913,gdppc,3023.661607604876,Maddison,
ESP,1911,1820-1913,v2x_libdem,0.163,V-Dem,
ESP,1911,1820-1913,v2x_polyarchy,0.18,V-Dem,
ESP,1911,1820-1913,cinc,0.014743097,COW,
ESP,1912,1820-1913,pop,20128.0,Maddison,
ESP,1912,1820-1913,gdppc,2911.0817455801007,Maddison,
ESP,1912,1820-1913,v2x_libdem,0.163,V-Dem,
ESP,1912,1820-1913,v2x_polyarchy,0.18,V-Dem,
ESP,1912,1820-1913,cinc,0.014705612,COW,
ESP,1913,1820-1913,pop,20263.0,Maddison,
ESP,1913,1820-1913,gdppc,3063.3094675396433,Maddison,
ESP,1913,1820-1913,v2x_libdem,0.163,V-Dem,
ESP,1913,1820-1913,v2x_polyarchy,0.18,V-Dem,
ESP,1913,1820-1913,cinc,0.014811927,COW,
ESP,1945,1945-2020,pop,26802.0,Maddison,
ESP,1945,1945-2020,gdppc,3352.929199664521,Maddison,
ESP,1945,1945-2020,v2x_libdem,0.057,V-Dem,
ESP,1945,1945-2020,v2x_polyarchy,0.069,V-Dem,
ESP,1945,1945-2020,cinc,0.010472073,COW,
ESP,1946,1945-2020,pop,27012.0,Maddison,
ESP,1946,1945-2020,gdppc,3468.203208391766,Maddison,
ESP,1946,1945-2020,v2x_libdem,0.059,V-Dem,
ESP,1946,1945-2020,v2x_polyarchy,0.069,V-Dem,
ESP,1946,1945-2020,cinc,0.015371992,COW,
ESP,1947,1945-2020,pop,27223.0,Maddison,
ESP,1947,1945-2020,gdppc,3509.0785095363885,Maddison,
ESP,1947,1945-2020,v2x_libdem,0.059,V-Dem,
ESP,1947,1945-2020,v2x_polyarchy,0.069,V-Dem,
ESP,1947,1945-2020,cinc,0.014866414,COW,
ESP,1948,1945-2020,pop,27437.0,Maddison,
ESP,1948,1945-2020,gdppc,3473.9224482392974,Maddison,
ESP,1948,1945-2020,v2x_libdem,0.059,V-Dem,
ESP,1948,1945-2020,v2x_polyarchy,0.069,V-Dem,
ESP,1948,1945-2020,cinc,0.014860287,COW,
ESP,1949,1945-2020,pop,27651.0,Maddison,
ESP,1949,1945-2020,gdppc,3430.704215209045,Maddison,
ESP,1949,1945-2020,v2x_libdem,0.059,V-Dem,
ESP,1949,1945-2020,v2x_polyarchy,0.069,V-Dem,
ESP,1949,1945-2020,cinc,0.013822625,COW,
ESP,1950,1945-2020,pop,28062.963,Maddison,
ESP,1950,1945-2020,gdppc,3459.4402519107953,Maddison,
ESP,1950,1945-2020,v2x_libdem,0.061,V-Dem,
ESP,1950,1945-2020,v2x_polyarchy,0.069,V-Dem,
ESP,1950,1945-2020,cinc,0.013112396,COW,
ESP,1951,1945-2020,pop,28298.01,Maddison,
ESP,1951,1945-2020,gdppc,3785.959339163142,Maddison,
ESP,1951,1945-2020,v2x_libdem,0.061,V-Dem,
ESP,1951,1945-2020,v2x_polyarchy,0.069,V-Dem,
ESP,1951,1945-2020,cinc,0.012514353,COW,
ESP,1952,1945-2020,pop,28549.87,Maddison,
ESP,1952,1945-2020,gdppc,4099.399226578744,Maddison,
ESP,1952,1945-2020,v2x_libdem,0.061,V-Dem,
ESP,1952,1945-2020,v2x_polyarchy,0.069,V-Dem,
ESP,1952,1945-2020,cinc,0.011893775,COW,
ESP,1953,1945-2020,pop,28804.128,Maddison,
ESP,1953,1945-2020,gdppc,4061.817352781037,Maddison,
ESP,1953,1945-2020,v2x_libdem,0.061,V-Dem,
ESP,1953,1945-2020,v2x_polyarchy,0.069,V-Dem,
ESP,1953,1945-2020,cinc,0.011480809,COW,
ESP,1954,1945-2020,pop,29060.413,Maddison,
ESP,1954,1945-2020,gdppc,4322.0123122369005,Maddison,
ESP,1954,1945-2020,v2x_libdem,0.061,V-Dem,
ESP,1954,1945-2020,v2x_polyarchy,0.069,V-Dem,
ESP,1954,1945-2020,cinc,0.011478437,COW,
ESP,1955,1945-2020,pop,29318.745,Maddison,
ESP,1955,1945-2020,gdppc,4436.737873348313,Maddison,
ESP,1955,1945-2020,v2x_libdem,0.061,V-Dem,
ESP,1955,1945-2020,v2x_polyarchy,0.069,V-Dem,
ESP,1955,1945-2020,cinc,0.010908903,COW,
ESP,1956,1945-2020,pop,29579.142,Maddison,
ESP,1956,1945-2020,gdppc,4763.962602957628,Maddison,
ESP,1956,1945-2020,v2x_libdem,0.06,V-Dem,
ESP,1956,1945-2020,v2x_polyarchy,0.069,V-Dem,
ESP,1956,1945-2020,cinc,0.010713694,COW,
ESP,1957,1945-2020,pop,29841.614,Maddison,
ESP,1957,1945-2020,gdppc,4893.488966334898,Maddison,
ESP,1957,1945-2020,v2x_libdem,0.06,V-Dem,
ESP,1957,1945-2020,v2x_polyarchy,0.069,V-Dem,
ESP,1957,1945-2020,cinc,0.010724442,COW,
ESP,1958,1945-2020,pop,30106.188,Maddison,
ESP,1958,1945-2020,gdppc,5168.911087050902,Maddison,
ESP,1958,1945-2020,v2x_libdem,0.062,V-Dem,
ESP,1958,1945-2020,v2x_polyarchy,0.069,V-Dem,
ESP,1958,1945-2020,cinc,0.010771476,COW,
ESP,1959,1945-2020,pop,30372.877,Maddison,
ESP,1959,1945-2020,gdppc,5079.299937825947,Maddison,
ESP,1959,1945-2020,v2x_libdem,0.062,V-Dem,
ESP,1959,1945-2020,v2x_polyarchy,0.07,V-Dem,
ESP,1959,1945-2020,cinc,0.010407722,COW,
ESP,1960,1945-2020,pop,30641.187,Maddison,
ESP,1960,1945-2020,gdppc,5031.566581572437,Maddison,
ESP,1960,1945-2020,v2x_libdem,0.066,V-Dem,
ESP,1960,1945-2020,v2x_polyarchy,0.07,V-Dem,
ESP,1960,1945-2020,cinc,0.0097790137,COW,
ESP,1961,1945-2020,pop,30903.894,Maddison,
ESP,1961,1945-2020,gdppc,5581.437566911612,Maddison,
ESP,1961,1945-2020,v2x_libdem,0.066,V-Dem,
ESP,1961,1945-2020,v2x_polyarchy,0.07,V-Dem,
ESP,1961,1945-2020,cinc,0.0098128486,COW,
ESP,1962,1945-2020,pop,31158.061,Maddison,
ESP,1962,1945-2020,gdppc,6075.909555034676,Maddison,
ESP,1962,1945-2020,v2x_libdem,0.066,V-Dem,
ESP,1962,1945-2020,v2x_polyarchy,0.07,V-Dem,
ESP,1962,1945-2020,cinc,0.0096202148,COW,
ESP,1963,1945-2020,pop,31429.834,Maddison,
ESP,1963,1945-2020,gdppc,6631.572696635345,Maddison,
ESP,1963,1945-2020,v2x_libdem,0.066,V-Dem,
ESP,1963,1945-2020,v2x_polyarchy,0.072,V-Dem,
ESP,1963,1945-2020,cinc,0.0096331686,COW,
ESP,1964,1945-2020,pop,31740.862,Maddison,
ESP,1964,1945-2020,gdppc,6938.491843635209,Maddison,
ESP,1964,1945-2020,v2x_libdem,0.066,V-Dem,
ESP,1964,1945-2020,v2x_polyarchy,0.072,V-Dem,
ESP,1964,1945-2020,cinc,0.0096911089,COW,
ESP,1965,1945-2020,pop,32084.511,Maddison,
ESP,1965,1945-2020,gdppc,7411.984782945171,Maddison,
ESP,1965,1945-2020,v2x_libdem,0.066,V-Dem,
ESP,1965,1945-2020,v2x_polyarchy,0.072,V-Dem,
ESP,1965,1945-2020,cinc,0.0099110045,COW,
ESP,1966,1945-2020,pop,32451.975,Maddison,
ESP,1966,1945-2020,gdppc,7872.849372810183,Maddison,
ESP,1966,1945-2020,v2x_libdem,0.067,V-Dem,
ESP,1966,1945-2020,v2x_polyarchy,0.077,V-Dem,
ESP,1966,1945-2020,cinc,0.0097764088,COW,
ESP,1967,1945-2020,pop,32850.275,Maddison,
ESP,1967,1945-2020,gdppc,8207.074373638408,Maddison,
ESP,1967,1945-2020,v2x_libdem,0.068,V-Dem,
ESP,1967,1945-2020,v2x_polyarchy,0.086,V-Dem,
ESP,1967,1945-2020,cinc,0.010003808,COW,
ESP,1968,1945-2020,pop,33239.301,Maddison,
ESP,1968,1945-2020,gdppc,8598.88130808511,Maddison,
ESP,1968,1945-2020,v2x_libdem,0.071,V-Dem,
ESP,1968,1945-2020,v2x_polyarchy,0.104,V-Dem,
ESP,1968,1945-2020,cinc,0.010247918,COW,
ESP,1969,1945-2020,pop,33566.084,Maddison,
ESP,1969,1945-2020,gdppc,9299.070162620286,Maddison,
ESP,1969,1945-2020,v2x_libdem,0.071,V-Dem,
ESP,1969,1945-2020,v2x_polyarchy,0.104,V-Dem,
ESP,1969,1945-2020,cinc,0.010196801,COW,
ESP,1970,1945-2020,pop,33876.479,Maddison,
ESP,1970,1945-2020,gdppc,9502.939890629283,Maddison,
ESP,1970,1945-2020,v2x_libdem,0.072,V-Dem,
ESP,1970,1945-2020,v2x_polyarchy,0.104,V-Dem,
ESP,1970,1945-2020,cinc,0.010383336,COW,
ESP,1971,1945-2020,pop,34195.056,Maddison,
ESP,1971,1945-2020,gdppc,9885.877304701884,Maddison,
ESP,1971,1945-2020,v2x_libdem,0.072,V-Dem,
ESP,1971,1945-2020,v2x_polyarchy,0.106,V-Dem,
ESP,1971,1945-2020,cinc,0.010782651,COW,
ESP,1972,1945-2020,pop,34513.161,Maddison,
ESP,1972,1945-2020,gdppc,10787.692665989698,Maddison,
ESP,1972,1945-2020,v2x_libdem,0.073,V-Dem,
ESP,1972,1945-2020,v2x_polyarchy,0.112,V-Dem,
ESP,1972,1945-2020,cinc,0.011092824,COW,
ESP,1973,1945-2020,pop,34836.716,Maddison,
ESP,1973,1945-2020,gdppc,11629.701737238698,Maddison,
ESP,1973,1945-2020,v2x_libdem,0.073,V-Dem,
ESP,1973,1945-2020,v2x_polyarchy,0.112,V-Dem,
ESP,1973,1945-2020,cinc,0.011328856,COW,
ESP,1974,1945-2020,pop,35184.287,Maddison,
ESP,1974,1945-2020,gdppc,12379.949716151497,Maddison,
ESP,1974,1945-2020,v2x_libdem,0.073,V-Dem,
ESP,1974,1945-2020,v2x_polyarchy,0.113,V-Dem,
ESP,1974,1945-2020,cinc,0.011710375,COW,
ESP,1975,1945-2020,pop,35563.535,Maddison,
ESP,1975,1945-2020,gdppc,12613.324117916534,Maddison,
ESP,1975,1945-2020,v2x_libdem,0.095,V-Dem,
ESP,1975,1945-2020,v2x_polyarchy,0.118,V-Dem,
ESP,1975,1945-2020,cinc,0.012004889,COW,
ESP,1976,1945-2020,pop,35996.78,Maddison,
ESP,1976,1945-2020,gdppc,13044.985993676577,Maddison,
ESP,1976,1945-2020,v2x_libdem,0.109,V-Dem,
ESP,1976,1945-2020,v2x_polyarchy,0.145,V-Dem,
ESP,1976,1945-2020,cinc,0.011836438,COW,
ESP,1977,1945-2020,pop,36439.0,Maddison,
ESP,1977,1945-2020,gdppc,13335.21213888847,Maddison,
ESP,1977,1945-2020,v2x_libdem,0.276,V-Dem,
ESP,1977,1945-2020,v2x_polyarchy,0.403,V-Dem,
ESP,1977,1945-2020,cinc,0.01178867,COW,
ESP,1978,1945-2020,pop,36861.034,Maddison,
ESP,1978,1945-2020,gdppc,13568.676117616169,Maddison,
ESP,1978,1945-2020,v2x_libdem,0.657,V-Dem,
ESP,1978,1945-2020,v2x_polyarchy,0.766,V-Dem,
ESP,1978,1945-2020,cinc,0.011586366,COW,
ESP,1979,1945-2020,pop,37200.014,Maddison,
ESP,1979,1945-2020,gdppc,13678.09341878673,Maddison,
ESP,1979,1945-2020,v2x_libdem,0.78,V-Dem,
ESP,1979,1945-2020,v2x_polyarchy,0.859,V-Dem,
ESP,1979,1945-2020,cinc,0.011780801,COW,
ESP,1980,1945-2020,pop,37488.36,Maddison,
ESP,1980,1945-2020,gdppc,14005.934595454468,Maddison,
ESP,1980,1945-2020,v2x_libdem,0.788,V-Dem,
ESP,1980,1945-2020,v2x_polyarchy,0.867,V-Dem,
ESP,1980,1945-2020,cinc,0.011842602,COW,
ESP,1981,1945-2020,pop,37750.8,Maddison,
ESP,1981,1945-2020,gdppc,13895.314484184273,Maddison,
ESP,1981,1945-2020,v2x_libdem,0.788,V-Dem,
ESP,1981,1945-2020,v2x_polyarchy,0.867,V-Dem,
ESP,1981,1945-2020,cinc,0.012048078,COW,
ESP,1982,1945-2020,pop,37983.31,Maddison,
ESP,1982,1945-2020,gdppc,14046.104162293825,Maddison,
ESP,1982,1945-2020,v2x_libdem,0.791,V-Dem,
ESP,1982,1945-2020,v2x_polyarchy,0.881,V-Dem,
ESP,1982,1945-2020,cinc,0.01227715,COW,
ESP,1983,1945-2020,pop,38184.166,Maddison,
ESP,1983,1945-2020,gdppc,14240.944745992354,Maddison,
ESP,1983,1945-2020,v2x_libdem,0.804,V-Dem,
ESP,1983,1945-2020,v2x_polyarchy,0.889,V-Dem,
ESP,1983,1945-2020,cinc,0.011804345,COW,
ESP,1984,1945-2020,pop,38362.861,Maddison,
ESP,1984,1945-2020,gdppc,14313.326648327431,Maddison,
ESP,1984,1945-2020,v2x_libdem,0.804,V-Dem,
ESP,1984,1945-2020,v2x_polyarchy,0.889,V-Dem,
ESP,1984,1945-2020,cinc,0.011351052,COW,
ESP,1985,1945-2020,pop,38534.853,Maddison,
ESP,1985,1945-2020,gdppc,14696.9656773837,Maddison,
ESP,1985,1945-2020,v2x_libdem,0.804,V-Dem,
ESP,1985,1945-2020,v2x_polyarchy,0.889,V-Dem,
ESP,1985,1945-2020,cinc,0.011156702,COW,
ESP,1986,1945-2020,pop,38707.556,Maddison,
ESP,1986,1945-2020,gdppc,15242.980691686094,Maddison,
ESP,1986,1945-2020,v2x_libdem,0.805,V-Dem,
ESP,1986,1945-2020,v2x_polyarchy,0.89,V-Dem,
ESP,1986,1945-2020,cinc,0.010493643,COW,
ESP,1987,1945-2020,pop,38880.702,Maddison,
ESP,1987,1945-2020,gdppc,16273.085083913356,Maddison,
ESP,1987,1945-2020,v2x_libdem,0.81,V-Dem,
ESP,1987,1945-2020,v2x_polyarchy,0.891,V-Dem,
ESP,1987,1945-2020,cinc,0.010433063,COW,
ESP,1988,1945-2020,pop,39053.881,Maddison,
ESP,1988,1945-2020,gdppc,17275.507552334802,Maddison,
ESP,1988,1945-2020,v2x_libdem,0.81,V-Dem,
ESP,1988,1945-2020,v2x_polyarchy,0.891,V-Dem,
ESP,1988,1945-2020,cinc,0.010326404,COW,
ESP,1989,1945-2020,pop,39214.523,Maddison,
ESP,1989,1945-2020,gdppc,18360.350662690114,Maddison,
ESP,1989,1945-2020,v2x_libdem,0.81,V-Dem,
ESP,1989,1945-2020,v2x_polyarchy,0.891,V-Dem,
ESP,1989,1945-2020,cinc,0.010825827,COW,
ESP,1990,1945-2020,pop,39350.769,Maddison,
ESP,1990,1945-2020,gdppc,19214.999999999996,Maddison,
ESP,1990,1945-2020,v2x_libdem,0.811,V-Dem,
ESP,1990,1945-2020,v2x_polyarchy,0.892,V-Dem,
ESP,1990,1945-2020,cinc,0.010900912,COW,
ESP,1991,1945-2020,pop,39420.56,Maddison,
ESP,1991,1945-2020,gdppc,19958.05964269484,Maddison,
ESP,1991,1945-2020,v2x_libdem,0.811,V-Dem,
ESP,1991,1945-2020,v2x_polyarchy,0.892,V-Dem,
ESP,1991,1945-2020,cinc,0.011350317,COW,
ESP,1992,1945-2020,pop,39512.73,Maddison,
ESP,1992,1945-2020,gdppc,20329.167740836685,Maddison,
ESP,1992,1945-2020,v2x_libdem,0.811,V-Dem,
ESP,1992,1945-2020,v2x_polyarchy,0.892,V-Dem,
ESP,1992,1945-2020,cinc,0.011002198,COW,
ESP,1993,1945-2020,pop,39599.12,Maddison,
ESP,1993,1945-2020,gdppc,20056.539615511396,Maddison,
ESP,1993,1945-2020,v2x_libdem,0.818,V-Dem,
ESP,1993,1945-2020,v2x_polyarchy,0.892,V-Dem,
ESP,1993,1945-2020,cinc,0.010978862,COW,
ESP,1994,1945-2020,pop,39670.12,Maddison,
ESP,1994,1945-2020,gdppc,20673.954415535798,Maddison,
ESP,1994,1945-2020,v2x_libdem,0.818,V-Dem,
ESP,1994,1945-2020,v2x_polyarchy,0.892,V-Dem,
ESP,1994,1945-2020,cinc,0.010886195,COW,
ESP,1995,1945-2020,pop,39727.55,Maddison,
ESP,1995,1945-2020,gdppc,21522.096788725685,Maddison,
ESP,1995,1945-2020,v2x_libdem,0.818,V-Dem,
ESP,1995,1945-2020,v2x_polyarchy,0.892,V-Dem,
ESP,1995,1945-2020,cinc,0.010921729,COW,
ESP,1996,1945-2020,pop,39892.94,Maddison,
ESP,1996,1945-2020,gdppc,22185.06675997645,Maddison,
ESP,1996,1945-2020,v2x_libdem,0.82,V-Dem,
ESP,1996,1945-2020,v2x_polyarchy,0.893,V-Dem,
ESP,1996,1945-2020,cinc,0.010289663,COW,
ESP,1997,1945-2020,pop,40058.7,Maddison,
ESP,1997,1945-2020,gdppc,23113.615070459808,Maddison,
ESP,1997,1945-2020,v2x_libdem,0.82,V-Dem,
ESP,1997,1945-2020,v2x_polyarchy,0.894,V-Dem,
ESP,1997,1945-2020,cinc,0.010244569,COW,
ESP,1998,1945-2020,pop,40222.83,Maddison,
ESP,1998,1945-2020,gdppc,24284.861317461928,Maddison,
ESP,1998,1945-2020,v2x_libdem,0.82,V-Dem,
ESP,1998,1945-2020,v2x_polyarchy,0.894,V-Dem,
ESP,1998,1945-2020,cinc,0.010528285,COW,
ESP,1999,1945-2020,pop,40378.47,Maddison,
ESP,1999,1945-2020,gdppc,25549.53964290926,Maddison,
ESP,1999,1945-2020,v2x_libdem,0.82,V-Dem,
ESP,1999,1945-2020,v2x_polyarchy,0.894,V-Dem,
ESP,1999,1945-2020,cinc,0.010115552,COW,
ESP,2000,1945-2020,pop,40563.23,Maddison,
ESP,2000,1945-2020,gdppc,26994.86012029174,Maddison,
ESP,2000,1945-2020,v2x_libdem,0.817,V-Dem,
ESP,2000,1945-2020,v2x_polyarchy,0.893,V-Dem,
ESP,2000,1945-2020,cinc,0.010014599,COW,
ESP,2001,1945-2020,pop,40774.93,Maddison,
ESP,2001,1945-2020,gdppc,28153.55361296604,Maddison,
ESP,2001,1945-2020,v2x_libdem,0.817,V-Dem,
ESP,2001,1945-2020,v2x_polyarchy,0.893,V-Dem,
ESP,2001,1945-2020,cinc,0.0098870695,COW,
ESP,2002,1945-2020,pop,41432.55,Maddison,
ESP,2002,1945-2020,gdppc,28753.322752068387,Maddison,
ESP,2002,1945-2020,v2x_libdem,0.817,V-Dem,
ESP,2002,1945-2020,v2x_polyarchy,0.893,V-Dem,
ESP,2002,1945-2020,cinc,0.010759861,COW,
ESP,2003,1945-2020,pop,42205.42,Maddison,
ESP,2003,1945-2020,gdppc,29371.86492785975,Maddison,
ESP,2003,1945-2020,v2x_libdem,0.796,V-Dem,
ESP,2003,1945-2020,v2x_polyarchy,0.875,V-Dem,
ESP,2003,1945-2020,cinc,0.010334353,COW,
ESP,2004,1945-2020,pop,42868.51,Maddison,
ESP,2004,1945-2020,gdppc,30088.09263524994,Maddison,
ESP,2004,1945-2020,v2x_libdem,0.808,V-Dem,
ESP,2004,1945-2020,v2x_polyarchy,0.875,V-Dem,
ESP,2004,1945-2020,cinc,0.010420955,COW,
ESP,2005,1945-2020,pop,43672.12,Maddison,
ESP,2005,1945-2020,gdppc,30885.602039559926,Maddison,
ESP,2005,1945-2020,v2x_libdem,0.811,V-Dem,
ESP,2005,1945-2020,v2x_polyarchy,0.879,V-Dem,
ESP,2005,1945-2020,cinc,0.010383561,COW,
ESP,2006,1945-2020,pop,44370.19,Maddison,
ESP,2006,1945-2020,gdppc,31907.423509758653,Maddison,
ESP,2006,1945-2020,v2x_libdem,0.812,V-Dem,
ESP,2006,1945-2020,v2x_polyarchy,0.879,V-Dem,
ESP,2006,1945-2020,cinc,0.010232573,COW,
ESP,2007,1945-2020,pop,45245.87,Maddison,
ESP,2007,1945-2020,gdppc,32735.433097933867,Maddison,
ESP,2007,1945-2020,v2x_libdem,0.808,V-Dem,
ESP,2007,1945-2020,v2x_polyarchy,0.876,V-Dem,
ESP,2007,1945-2020,cinc,0.010302461,COW,
ESP,2008,1945-2020,pop,45993.19,Maddison,
ESP,2008,1945-2020,gdppc,32844.326112024,Maddison,
ESP,2008,1945-2020,v2x_libdem,0.819,V-Dem,
ESP,2008,1945-2020,v2x_polyarchy,0.886,V-Dem,
ESP,2008,1945-2020,cinc,0.010121673,COW,
ESP,2009,1945-2020,pop,46377.65,Maddison,
ESP,2009,1945-2020,gdppc,31669.69062082153,Maddison,
ESP,2009,1945-2020,v2x_libdem,0.821,V-Dem,
ESP,2009,1945-2020,v2x_polyarchy,0.888,V-Dem,
ESP,2009,1945-2020,cinc,0.0097874599,COW,
ESP,2010,1945-2020,pop,46572.63,Maddison,
ESP,2010,1945-2020,gdppc,31786.404048037002,Maddison,
ESP,2010,1945-2020,v2x_libdem,0.825,V-Dem,
ESP,2010,1945-2020,v2x_polyarchy,0.892,V-Dem,
ESP,2010,1945-2020,cinc,0.0085143261,COW,
ESP,2011,1945-2020,pop,46746.44,Maddison,
ESP,2011,1945-2020,gdppc,31600.0,Maddison,
ESP,2011,1945-2020,v2x_libdem,0.821,V-Dem,
ESP,2011,1945-2020,v2x_polyarchy,0.893,V-Dem,
ESP,2011,1945-2020,cinc,0.0083869891,COW,
ESP,2012,1945-2020,pop,46776.59,Maddison,
ESP,2012,1945-2020,gdppc,30645.215366245026,Maddison,
ESP,2012,1945-2020,v2x_libdem,0.799,V-Dem,
ESP,2012,1945-2020,v2x_polyarchy,0.889,V-Dem,
ESP,2012,1945-2020,cinc,0.0080714766,COW,
ESP,2013,1945-2020,pop,46603.39,Maddison,
ESP,2013,1945-2020,gdppc,30327.451849054178,Maddison,
ESP,2013,1945-2020,v2x_libdem,0.778,V-Dem,
ESP,2013,1945-2020,v2x_polyarchy,0.875,V-Dem,
ESP,2013,1945-2020,cinc,0.0075848456,COW,
ESP,2014,1945-2020,pop,46465.24,Maddison,
ESP,2014,1945-2020,gdppc,30842.182876356037,Maddison,
ESP,2014,1945-2020,v2x_libdem,0.774,V-Dem,
ESP,2014,1945-2020,v2x_polyarchy,0.871,V-Dem,
ESP,2014,1945-2020,cinc,0.0078359991,COW,
ESP,2015,1945-2020,pop,46420.26,Maddison,
ESP,2015,1945-2020,gdppc,32057.098255641897,Maddison,
ESP,2015,1945-2020,v2x_libdem,0.759,V-Dem,
ESP,2015,1945-2020,v2x_polyarchy,0.856,V-Dem,
ESP,2015,1945-2020,cinc,0.0076193735,COW,
ESP,2016,1945-2020,pop,46459.99,Maddison,
ESP,2016,1945-2020,gdppc,33002.67434707953,Maddison,
ESP,2016,1945-2020,v2x_libdem,0.766,V-Dem,
ESP,2016,1945-2020,v2x_polyarchy,0.847,V-Dem,
ESP,2016,1945-2020,cinc,0.0075121229,COW,
ESP,2017,1945-2020,pop,46543.01,Maddison,
ESP,2017,1945-2020,gdppc,33924.13541909865,Maddison,
ESP,2017,1945-2020,v2x_libdem,0.757,V-Dem,
ESP,2017,1945-2020,v2x_polyarchy,0.835,V-Dem,
ESP,2017,1945-2020,cinc,,COW,
ESP,2018,1945-2020,pop,46738.99,Maddison,
ESP,2018,1945-2020,gdppc,34553.62592797743,Maddison,
ESP,2018,1945-2020,v2x_libdem,0.776,V-Dem,
ESP,2018,1945-2020,v2x_polyarchy,0.851,V-Dem,
ESP,2018,1945-2020,cinc,,COW,
ESP,2019,1945-2020,pop,47115.62,Maddison,
ESP,2019,1945-2020,gdppc,34957.465528221546,Maddison,
ESP,2019,1945-2020,v2x_libdem,0.804,V-Dem,
ESP,2019,1945-2020,v2x_polyarchy,0.871,V-Dem,
ESP,2019,1945-2020,cinc,,COW,
ESP,2020,1945-2020,pop,47366.01,Maddison,
ESP,2020,1945-2020,gdppc,30834.51319742432,Maddison,
ESP,2020,1945-2020,v2x_libdem,0.786,V-Dem,
ESP,2020,1945-2020,v2x_polyarchy,0.874,V-Dem,
ESP,2020,1945-2020,cinc,,COW,
FRA,1820,1820-1913,pop,31250.0,Maddison,
FRA,1820,1820-1913,gdppc,1809.1044968870872,Maddison,
FRA,1820,1820-1913,v2x_libdem,0.154,V-Dem,
FRA,1820,1820-1913,v2x_polyarchy,0.13,V-Dem,
FRA,1820,1820-1913,cinc,0.12334281,COW,
FRA,1821,1820-1913,pop,31460.0,Maddison,
FRA,1821,1820-1913,gdppc,1951.8643455708705,Maddison,
FRA,1821,1820-1913,v2x_libdem,0.165,V-Dem,
FRA,1821,1820-1913,v2x_polyarchy,0.186,V-Dem,
FRA,1821,1820-1913,cinc,0.12044277,COW,
FRA,1822,1820-1913,pop,31685.0,Maddison,
FRA,1822,1820-1913,gdppc,1874.7687119590742,Maddison,
FRA,1822,1820-1913,v2x_libdem,0.163,V-Dem,
FRA,1822,1820-1913,v2x_polyarchy,0.176,V-Dem,
FRA,1822,1820-1913,cinc,0.13191886,COW,
FRA,1823,1820-1913,pop,31905.0,Maddison,
FRA,1823,1820-1913,gdppc,1933.7330429497054,Maddison,
FRA,1823,1820-1913,v2x_libdem,0.163,V-Dem,
FRA,1823,1820-1913,v2x_polyarchy,0.176,V-Dem,
FRA,1823,1820-1913,cinc,0.14634448,COW,
FRA,1824,1820-1913,pop,32127.0,Maddison,
FRA,1824,1820-1913,gdppc,1985.8120530268163,Maddison,
FRA,1824,1820-1913,v2x_libdem,0.163,V-Dem,
FRA,1824,1820-1913,v2x_polyarchy,0.174,V-Dem,
FRA,1824,1820-1913,cinc,0.13659611,COW,
FRA,1825,1820-1913,pop,32350.0,Maddison,
FRA,1825,1820-1913,gdppc,1898.2639946956106,Maddison,
FRA,1825,1820-1913,v2x_libdem,0.163,V-Dem,
FRA,1825,1820-1913,v2x_polyarchy,0.174,V-Dem,
FRA,1825,1820-1913,cinc,0.13539125,COW,
FRA,1826,1820-1913,pop,32538.0,Maddison,
FRA,1826,1820-1913,gdppc,1948.87349872885,Maddison,
FRA,1826,1820-1913,v2x_libdem,0.163,V-Dem,
FRA,1826,1820-1913,v2x_polyarchy,0.174,V-Dem,
FRA,1826,1820-1913,cinc,0.13833293,COW,
FRA,1827,1820-1913,pop,32727.0,Maddison,
FRA,1827,1820-1913,gdppc,1908.2010280541444,Maddison,
FRA,1827,1820-1913,v2x_libdem,0.162,V-Dem,
FRA,1827,1820-1913,v2x_polyarchy,0.174,V-Dem,
FRA,1827,1820-1913,cinc,0.13470338,COW,
FRA,1828,1820-1913,pop,32917.0,Maddison,
FRA,1828,1820-1913,gdppc,1896.1698186141543,Maddison,
FRA,1828,1820-1913,v2x_libdem,0.162,V-Dem,
FRA,1828,1820-1913,v2x_polyarchy,0.173,V-Dem,
FRA,1828,1820-1913,cinc,0.14371914,COW,
FRA,1829,1820-1913,pop,33108.0,Maddison,
FRA,1829,1820-1913,gdppc,1945.7480848302057,Maddison,
FRA,1829,1820-1913,v2x_libdem,0.162,V-Dem,
FRA,1829,1820-1913,v2x_polyarchy,0.173,V-Dem,
FRA,1829,1820-1913,cinc,0.13611235,COW,
FRA,1830,1820-1913,pop,33300.0,Maddison,
FRA,1830,1820-1913,gdppc,1898.150727629452,Maddison,
FRA,1830,1820-1913,v2x_libdem,0.195,V-Dem,
FRA,1830,1820-1913,v2x_polyarchy,0.205,V-Dem,
FRA,1830,1820-1913,cinc,0.14012429,COW,
FRA,1831,1820-1913,pop,33439.0,Maddison,
FRA,1831,1820-1913,gdppc,1924.7241584020235,Maddison,
FRA,1831,1820-1913,v2x_libdem,0.195,V-Dem,
FRA,1831,1820-1913,v2x_polyarchy,0.206,V-Dem,
FRA,1831,1820-1913,cinc,0.14994995,COW,
FRA,1832,1820-1913,pop,33598.0,Maddison,
FRA,1832,1820-1913,gdppc,2091.720477664846,Maddison,
FRA,1832,1820-1913,v2x_libdem,0.195,V-Dem,
FRA,1832,1820-1913,v2x_polyarchy,0.206,V-Dem,
FRA,1832,1820-1913,cinc,0.14152753,COW,
FRA,1833,1820-1913,pop,33718.0,Maddison,
FRA,1833,1820-1913,gdppc,2052.4140419376195,Maddison,
FRA,1833,1820-1913,v2x_libdem,0.195,V-Dem,
FRA,1833,1820-1913,v2x_polyarchy,0.206,V-Dem,
FRA,1833,1820-1913,cinc,0.13856739,COW,
FRA,1834,1820-1913,pop,33859.0,Maddison,
FRA,1834,1820-1913,gdppc,2055.49497574838,Maddison,
FRA,1834,1820-1913,v2x_libdem,0.195,V-Dem,
FRA,1834,1820-1913,v2x_polyarchy,0.206,V-Dem,
FRA,1834,1820-1913,cinc,0.13724898,COW,
FRA,1835,1820-1913,pop,34000.0,Maddison,
FRA,1835,1820-1913,gdppc,2124.277698200296,Maddison,
FRA,1835,1820-1913,v2x_libdem,0.195,V-Dem,
FRA,1835,1820-1913,v2x_polyarchy,0.206,V-Dem,
FRA,1835,1820-1913,cinc,0.13641316,COW,
FRA,1836,1820-1913,pop,34178.0,Maddison,
FRA,1836,1820-1913,gdppc,2089.476181391859,Maddison,
FRA,1836,1820-1913,v2x_libdem,0.195,V-Dem,
FRA,1836,1820-1913,v2x_polyarchy,0.206,V-Dem,
FRA,1836,1820-1913,cinc,0.13215245,COW,
FRA,1837,1820-1913,pop,34357.0,Maddison,
FRA,1837,1820-1913,gdppc,2118.7672054460413,Maddison,
FRA,1837,1820-1913,v2x_libdem,0.195,V-Dem,
FRA,1837,1820-1913,v2x_polyarchy,0.206,V-Dem,
FRA,1837,1820-1913,cinc,0.13733016,COW,
FRA,1838,1820-1913,pop,34537.0,Maddison,
FRA,1838,1820-1913,gdppc,2210.6440063241553,Maddison,
FRA,1838,1820-1913,v2x_libdem,0.195,V-Dem,
FRA,1838,1820-1913,v2x_polyarchy,0.206,V-Dem,
FRA,1838,1820-1913,cinc,0.13651399,COW,
FRA,1839,1820-1913,pop,34718.0,Maddison,
FRA,1839,1820-1913,gdppc,2128.782413185134,Maddison,
FRA,1839,1820-1913,v2x_libdem,0.195,V-Dem,
FRA,1839,1820-1913,v2x_polyarchy,0.205,V-Dem,
FRA,1839,1820-1913,cinc,0.13286948,COW,
FRA,1840,1820-1913,pop,34900.0,Maddison,
FRA,1840,1820-1913,gdppc,2275.752370929545,Maddison,
FRA,1840,1820-1913,v2x_libdem,0.195,V-Dem,
FRA,1840,1820-1913,v2x_polyarchy,0.205,V-Dem,
FRA,1840,1820-1913,cinc,0.15030976,COW,
FRA,1841,1820-1913,pop,35059.0,Maddison,
FRA,1841,1820-1913,gdppc,2320.7622888219616,Maddison,
FRA,1841,1820-1913,v2x_libdem,0.195,V-Dem,
FRA,1841,1820-1913,v2x_polyarchy,0.205,V-Dem,
FRA,1841,1820-1913,cinc,0.15787783,COW,
FRA,1842,1820-1913,pop,35218.0,Maddison,
FRA,1842,1820-1913,gdppc,2259.9558002859453,Maddison,
FRA,1842,1820-1913,v2x_libdem,0.195,V-Dem,
FRA,1842,1820-1913,v2x_polyarchy,0.206,V-Dem,
FRA,1842,1820-1913,cinc,0.15799318,COW,
FRA,1843,1820-1913,pop,35378.0,Maddison,
FRA,1843,1820-1913,gdppc,2369.6715631170723,Maddison,
FRA,1843,1820-1913,v2x_libdem,0.195,V-Dem,
FRA,1843,1820-1913,v2x_polyarchy,0.207,V-Dem,
FRA,1843,1820-1913,cinc,0.14974315,COW,
FRA,1844,1820-1913,pop,35539.0,Maddison,
FRA,1844,1820-1913,gdppc,2444.2429270081725,Maddison,
FRA,1844,1820-1913,v2x_libdem,0.195,V-Dem,
FRA,1844,1820-1913,v2x_polyarchy,0.207,V-Dem,
FRA,1844,1820-1913,cinc,0.14351484,COW,
FRA,1845,1820-1913,pop,35700.0,Maddison,
FRA,1845,1820-1913,gdppc,2358.924444045439,Maddison,
FRA,1845,1820-1913,v2x_libdem,0.195,V-Dem,
FRA,1845,1820-1913,v2x_polyarchy,0.207,V-Dem,
FRA,1845,1820-1913,cinc,0.14144173,COW,
FRA,1846,1820-1913,pop,35829.0,Maddison,
FRA,1846,1820-1913,gdppc,2356.3036969350965,Maddison,
FRA,1846,1820-1913,v2x_libdem,0.195,V-Dem,
FRA,1846,1820-1913,v2x_polyarchy,0.207,V-Dem,
FRA,1846,1820-1913,cinc,0.13734689,COW,
FRA,1847,1820-1913,pop,35959.0,Maddison,
FRA,1847,1820-1913,gdppc,2606.6997415565243,Maddison,
FRA,1847,1820-1913,v2x_libdem,0.195,V-Dem,
FRA,1847,1820-1913,v2x_polyarchy,0.206,V-Dem,
FRA,1847,1820-1913,cinc,0.14644141,COW,
FRA,1848,1820-1913,pop,36089.0,Maddison,
FRA,1848,1820-1913,gdppc,2437.9537865141847,Maddison,
FRA,1848,1820-1913,v2x_libdem,0.338,V-Dem,
FRA,1848,1820-1913,v2x_polyarchy,0.398,V-Dem,
FRA,1848,1820-1913,cinc,0.1356841,COW,
FRA,1849,1820-1913,pop,36219.0,Maddison,
FRA,1849,1820-1913,gdppc,2505.5587392369453,Maddison,
FRA,1849,1820-1913,v2x_libdem,0.384,V-Dem,
FRA,1849,1820-1913,v2x_polyarchy,0.479,V-Dem,
FRA,1849,1820-1913,cinc,0.13217121,COW,
FRA,1850,1820-1913,pop,36350.0,Maddison,
FRA,1850,1820-1913,gdppc,2545.027508542817,Maddison,
FRA,1850,1820-1913,v2x_libdem,0.384,V-Dem,
FRA,1850,1820-1913,v2x_polyarchy,0.479,V-Dem,
FRA,1850,1820-1913,cinc,0.12703255,COW,
FRA,1851,1820-1913,pop,36479.0,Maddison,
FRA,1851,1820-1913,gdppc,2498.842933227564,Maddison,
FRA,1851,1820-1913,v2x_libdem,0.186,V-Dem,
FRA,1851,1820-1913,v2x_polyarchy,0.294,V-Dem,
FRA,1851,1820-1913,cinc,0.12775838,COW,
FRA,1852,1820-1913,pop,36609.0,Maddison,
FRA,1852,1820-1913,gdppc,2652.939920416003,Maddison,
FRA,1852,1820-1913,v2x_libdem,0.145,V-Dem,
FRA,1852,1820-1913,v2x_polyarchy,0.161,V-Dem,
FRA,1852,1820-1913,cinc,0.12766138,COW,
FRA,1853,1820-1913,pop,36739.0,Maddison,
FRA,1853,1820-1913,gdppc,2515.0432197259547,Maddison,
FRA,1853,1820-1913,v2x_libdem,0.148,V-Dem,
FRA,1853,1820-1913,v2x_polyarchy,0.175,V-Dem,
FRA,1853,1820-1913,cinc,0.13097121,COW,
FRA,1854,1820-1913,pop,36869.0,Maddison,
FRA,1854,1820-1913,gdppc,2626.968253548038,Maddison,
FRA,1854,1820-1913,v2x_libdem,0.148,V-Dem,
FRA,1854,1820-1913,v2x_polyarchy,0.175,V-Dem,
FRA,1854,1820-1913,cinc,0.1253639,COW,
FRA,1855,1820-1913,pop,37000.0,Maddison,
FRA,1855,1820-1913,gdppc,2577.990726478919,Maddison,
FRA,1855,1820-1913,v2x_libdem,0.148,V-Dem,
FRA,1855,1820-1913,v2x_polyarchy,0.175,V-Dem,
FRA,1855,1820-1913,cinc,0.14639424,COW,
FRA,1856,1820-1913,pop,37060.0,Maddison,
FRA,1856,1820-1913,gdppc,2686.804790129401,Maddison,
FRA,1856,1820-1913,v2x_libdem,0.148,V-Dem,
FRA,1856,1820-1913,v2x_polyarchy,0.175,V-Dem,
FRA,1856,1820-1913,cinc,0.14040212,COW,
FRA,1857,1820-1913,pop,37120.0,Maddison,
FRA,1857,1820-1913,gdppc,2835.717213114754,Maddison,
FRA,1857,1820-1913,v2x_libdem,0.149,V-Dem,
FRA,1857,1820-1913,v2x_polyarchy,0.175,V-Dem,
FRA,1857,1820-1913,cinc,0.13946189,COW,
FRA,1858,1820-1913,pop,37180.0,Maddison,
FRA,1858,1820-1913,gdppc,3028.6495204216276,Maddison,
FRA,1858,1820-1913,v2x_libdem,0.149,V-Dem,
FRA,1858,1820-1913,v2x_polyarchy,0.175,V-Dem,
FRA,1858,1820-1913,cinc,0.13142549,COW,
FRA,1859,1820-1913,pop,37240.0,Maddison,
FRA,1859,1820-1913,gdppc,2826.921982217866,Maddison,
FRA,1859,1820-1913,v2x_libdem,0.149,V-Dem,
FRA,1859,1820-1913,v2x_polyarchy,0.175,V-Dem,
FRA,1859,1820-1913,cinc,0.13871507,COW,
FRA,1860,1820-1913,pop,37300.0,Maddison,
FRA,1860,1820-1913,gdppc,3016.0,Maddison,
FRA,1860,1820-1913,v2x_libdem,0.149,V-Dem,
FRA,1860,1820-1913,v2x_polyarchy,0.175,V-Dem,
FRA,1860,1820-1913,cinc,0.12207968,COW,
FRA,1861,1820-1913,pop,37390.0,Maddison,
FRA,1861,1820-1913,gdppc,2820.0,Maddison,
FRA,1861,1820-1913,v2x_libdem,0.165,V-Dem,
FRA,1861,1820-1913,v2x_polyarchy,0.197,V-Dem,
FRA,1861,1820-1913,cinc,0.10858,COW,
FRA,1862,1820-1913,pop,37520.0,Maddison,
FRA,1862,1820-1913,gdppc,3051.0,Maddison,
FRA,1862,1820-1913,v2x_libdem,0.166,V-Dem,
FRA,1862,1820-1913,v2x_polyarchy,0.203,V-Dem,
FRA,1862,1820-1913,cinc,0.10611962,COW,
FRA,1863,1820-1913,pop,37710.0,Maddison,
FRA,1863,1820-1913,gdppc,3145.0,Maddison,
FRA,1863,1820-1913,v2x_libdem,0.166,V-Dem,
FRA,1863,1820-1913,v2x_polyarchy,0.202,V-Dem,
FRA,1863,1820-1913,cinc,0.10237439,COW,
FRA,1864,1820-1913,pop,37860.0,Maddison,
FRA,1864,1820-1913,gdppc,3169.0,Maddison,
FRA,1864,1820-1913,v2x_libdem,0.166,V-Dem,
FRA,1864,1820-1913,v2x_polyarchy,0.202,V-Dem,
FRA,1864,1820-1913,cinc,0.097338997,COW,
FRA,1865,1820-1913,pop,38020.0,Maddison,
FRA,1865,1820-1913,gdppc,3067.0,Maddison,
FRA,1865,1820-1913,v2x_libdem,0.166,V-Dem,
FRA,1865,1820-1913,v2x_polyarchy,0.202,V-Dem,
FRA,1865,1820-1913,cinc,0.11067817,COW,
FRA,1866,1820-1913,pop,38080.0,Maddison,
FRA,1866,1820-1913,gdppc,3083.0,Maddison,
FRA,1866,1820-1913,v2x_libdem,0.166,V-Dem,
FRA,1866,1820-1913,v2x_polyarchy,0.202,V-Dem,
FRA,1866,1820-1913,cinc,0.10932036,COW,
FRA,1867,1820-1913,pop,38230.0,Maddison,
FRA,1867,1820-1913,gdppc,2890.0,Maddison,
FRA,1867,1820-1913,v2x_libdem,0.166,V-Dem,
FRA,1867,1820-1913,v2x_polyarchy,0.202,V-Dem,
FRA,1867,1820-1913,cinc,0.1166648,COW,
FRA,1868,1820-1913,pop,38330.0,Maddison,
FRA,1868,1820-1913,gdppc,3159.0,Maddison,
FRA,1868,1820-1913,v2x_libdem,0.166,V-Dem,
FRA,1868,1820-1913,v2x_polyarchy,0.202,V-Dem,
FRA,1868,1820-1913,cinc,0.11405138,COW,
FRA,1869,1820-1913,pop,38890.0,Maddison,
FRA,1869,1820-1913,gdppc,3198.0,Maddison,
FRA,1869,1820-1913,v2x_libdem,0.173,V-Dem,
FRA,1869,1820-1913,v2x_polyarchy,0.203,V-Dem,
FRA,1869,1820-1913,cinc,0.11330133,COW,
FRA,1870,1820-1913,pop,38440.0,Maddison,
FRA,1870,1820-1913,gdppc,2990.0,Maddison,
FRA,1870,1820-1913,v2x_libdem,0.242,V-Dem,
FRA,1870,1820-1913,v2x_polyarchy,0.319,V-Dem,
FRA,1870,1820-1913,cinc,0.12739821,COW,
FRA,1871,1820-1913,pop,37731.0,Maddison,
FRA,1871,1820-1913,gdppc,3027.0,Maddison,
FRA,1871,1820-1913,v2x_libdem,0.308,V-Dem,
FRA,1871,1820-1913,v2x_polyarchy,0.449,V-Dem,
FRA,1871,1820-1913,cinc,0.13732347,COW,
FRA,1872,1820-1913,pop,37679.0,Maddison,
FRA,1872,1820-1913,gdppc,3312.0,Maddison,
FRA,1872,1820-1913,v2x_libdem,0.365,V-Dem,
FRA,1872,1820-1913,v2x_polyarchy,0.48,V-Dem,
FRA,1872,1820-1913,cinc,0.10322177,COW,
FRA,1873,1820-1913,pop,37887.0,Maddison,
FRA,1873,1820-1913,gdppc,3064.0,Maddison,
FRA,1873,1820-1913,v2x_libdem,0.365,V-Dem,
FRA,1873,1820-1913,v2x_polyarchy,0.48,V-Dem,
FRA,1873,1820-1913,cinc,0.1059417,COW,
FRA,1874,1820-1913,pop,38044.0,Maddison,
FRA,1874,1820-1913,gdppc,3438.0,Maddison,
FRA,1874,1820-1913,v2x_libdem,0.382,V-Dem,
FRA,1874,1820-1913,v2x_polyarchy,0.505,V-Dem,
FRA,1874,1820-1913,cinc,0.10459169,COW,
FRA,1875,1820-1913,pop,38221.0,Maddison,
FRA,1875,1820-1913,gdppc,3537.0,Maddison,
FRA,1875,1820-1913,v2x_libdem,0.394,V-Dem,
FRA,1875,1820-1913,v2x_polyarchy,0.505,V-Dem,
FRA,1875,1820-1913,cinc,0.10544706,COW,
FRA,1876,1820-1913,pop,38398.0,Maddison,
FRA,1876,1820-1913,gdppc,3233.0,Maddison,
FRA,1876,1820-1913,v2x_libdem,0.396,V-Dem,
FRA,1876,1820-1913,v2x_polyarchy,0.508,V-Dem,
FRA,1876,1820-1913,cinc,0.10198574,COW,
FRA,1877,1820-1913,pop,38576.0,Maddison,
FRA,1877,1820-1913,gdppc,3390.0,Maddison,
FRA,1877,1820-1913,v2x_libdem,0.396,V-Dem,
FRA,1877,1820-1913,v2x_polyarchy,0.509,V-Dem,
FRA,1877,1820-1913,cinc,0.10031287,COW,
FRA,1878,1820-1913,pop,38763.0,Maddison,
FRA,1878,1820-1913,gdppc,3333.0,Maddison,
FRA,1878,1820-1913,v2x_libdem,0.43,V-Dem,
FRA,1878,1820-1913,v2x_polyarchy,0.522,V-Dem,
FRA,1878,1820-1913,cinc,0.10080682,COW,
FRA,1879,1820-1913,pop,38909.0,Maddison,
FRA,1879,1820-1913,gdppc,3113.0,Maddison,
FRA,1879,1820-1913,v2x_libdem,0.44,V-Dem,
FRA,1879,1820-1913,v2x_polyarchy,0.538,V-Dem,
FRA,1879,1820-1913,cinc,0.10443855,COW,
FRA,1880,1820-1913,pop,39045.0,Maddison,
FRA,1880,1820-1913,gdppc,3379.0,Maddison,
FRA,1880,1820-1913,v2x_libdem,0.449,V-Dem,
FRA,1880,1820-1913,v2x_polyarchy,0.548,V-Dem,
FRA,1880,1820-1913,cinc,0.10831094,COW,
FRA,1881,1820-1913,pop,39191.0,Maddison,
FRA,1881,1820-1913,gdppc,3497.0,Maddison,
FRA,1881,1820-1913,v2x_libdem,0.448,V-Dem,
FRA,1881,1820-1913,v2x_polyarchy,0.547,V-Dem,
FRA,1881,1820-1913,cinc,0.11053617,COW,
FRA,1882,1820-1913,pop,39337.0,Maddison,
FRA,1882,1820-1913,gdppc,3647.0,Maddison,
FRA,1882,1820-1913,v2x_libdem,0.447,V-Dem,
FRA,1882,1820-1913,v2x_polyarchy,0.545,V-Dem,
FRA,1882,1820-1913,cinc,0.11164106,COW,
FRA,1883,1820-1913,pop,39472.0,Maddison,
FRA,1883,1820-1913,gdppc,3647.0,Maddison,
FRA,1883,1820-1913,v2x_libdem,0.447,V-Dem,
FRA,1883,1820-1913,v2x_polyarchy,0.545,V-Dem,
FRA,1883,1820-1913,cinc,0.11087704,COW,
FRA,1884,1820-1913,pop,39629.0,Maddison,
FRA,1884,1820-1913,gdppc,3591.0,Maddison,
FRA,1884,1820-1913,v2x_libdem,0.447,V-Dem,
FRA,1884,1820-1913,v2x_polyarchy,0.545,V-Dem,
FRA,1884,1820-1913,cinc,0.10452312,COW,
FRA,1885,1820-1913,pop,39733.0,Maddison,
FRA,1885,1820-1913,gdppc,3518.0,Maddison,
FRA,1885,1820-1913,v2x_libdem,0.448,V-Dem,
FRA,1885,1820-1913,v2x_polyarchy,0.546,V-Dem,
FRA,1885,1820-1913,cinc,0.10103118,COW,
FRA,1886,1820-1913,pop,39858.0,Maddison,
FRA,1886,1820-1913,gdppc,3566.0,Maddison,
FRA,1886,1820-1913,v2x_libdem,0.449,V-Dem,
FRA,1886,1820-1913,v2x_polyarchy,0.547,V-Dem,
FRA,1886,1820-1913,cinc,0.099005818,COW,
FRA,1887,1820-1913,pop,39889.0,Maddison,
FRA,1887,1820-1913,gdppc,3585.0,Maddison,
FRA,1887,1820-1913,v2x_libdem,0.449,V-Dem,
FRA,1887,1820-1913,v2x_polyarchy,0.547,V-Dem,
FRA,1887,1820-1913,cinc,0.096357249,COW,
FRA,1888,1820-1913,pop,39920.0,Maddison,
FRA,1888,1820-1913,gdppc,3617.0,Maddison,
FRA,1888,1820-1913,v2x_libdem,0.449,V-Dem,
FRA,1888,1820-1913,v2x_polyarchy,0.547,V-Dem,
FRA,1888,1820-1913,cinc,0.093499266,COW,
FRA,1889,1820-1913,pop,40004.0,Maddison,
FRA,1889,1820-1913,gdppc,3701.0,Maddison,
FRA,1889,1820-1913,v2x_libdem,0.448,V-Dem,
FRA,1889,1820-1913,v2x_polyarchy,0.546,V-Dem,
FRA,1889,1820-1913,cinc,0.095539734,COW,
FRA,1890,1820-1913,pop,40014.0,Maddison,
FRA,1890,1820-1913,gdppc,3787.0,Maddison,
FRA,1890,1820-1913,v2x_libdem,0.446,V-Dem,
FRA,1890,1820-1913,v2x_polyarchy,0.545,V-Dem,
FRA,1890,1820-1913,cinc,0.095301703,COW,
FRA,1891,1820-1913,pop,39983.0,Maddison,
FRA,1891,1820-1913,gdppc,3877.0,Maddison,
FRA,1891,1820-1913,v2x_libdem,0.446,V-Dem,
FRA,1891,1820-1913,v2x_polyarchy,0.545,V-Dem,
FRA,1891,1820-1913,cinc,0.096423917,COW,
FRA,1892,1820-1913,pop,39993.0,Maddison,
FRA,1892,1820-1913,gdppc,3974.0,Maddison,
FRA,1892,1820-1913,v2x_libdem,0.446,V-Dem,
FRA,1892,1820-1913,v2x_polyarchy,0.545,V-Dem,
FRA,1892,1820-1913,cinc,0.093824074,COW,
FRA,1893,1820-1913,pop,40014.0,Maddison,
FRA,1893,1820-1913,gdppc,4041.0,Maddison,
FRA,1893,1820-1913,v2x_libdem,0.444,V-Dem,
FRA,1893,1820-1913,v2x_polyarchy,0.541,V-Dem,
FRA,1893,1820-1913,cinc,0.094615422,COW,
FRA,1894,1820-1913,pop,40056.0,Maddison,
FRA,1894,1820-1913,gdppc,4186.0,Maddison,
FRA,1894,1820-1913,v2x_libdem,0.447,V-Dem,
FRA,1894,1820-1913,v2x_polyarchy,0.542,V-Dem,
FRA,1894,1820-1913,cinc,0.093133435,COW,
FRA,1895,1820-1913,pop,40098.0,Maddison,
FRA,1895,1820-1913,gdppc,4095.0,Maddison,
FRA,1895,1820-1913,v2x_libdem,0.447,V-Dem,
FRA,1895,1820-1913,v2x_polyarchy,0.542,V-Dem,
FRA,1895,1820-1913,cinc,0.088578321,COW,
FRA,1896,1820-1913,pop,40192.0,Maddison,
FRA,1896,1820-1913,gdppc,4280.0,Maddison,
FRA,1896,1820-1913,v2x_libdem,0.447,V-Dem,
FRA,1896,1820-1913,v2x_polyarchy,0.542,V-Dem,
FRA,1896,1820-1913,cinc,0.090413094,COW,
FRA,1897,1820-1913,pop,40348.0,Maddison,
FRA,1897,1820-1913,gdppc,4207.0,Maddison,
FRA,1897,1820-1913,v2x_libdem,0.447,V-Dem,
FRA,1897,1820-1913,v2x_polyarchy,0.542,V-Dem,
FRA,1897,1820-1913,cinc,0.08693561,COW,
FRA,1898,1820-1913,pop,40473.0,Maddison,
FRA,1898,1820-1913,gdppc,4399.0,Maddison,
FRA,1898,1820-1913,v2x_libdem,0.453,V-Dem,
FRA,1898,1820-1913,v2x_polyarchy,0.551,V-Dem,
FRA,1898,1820-1913,cinc,0.082131833,COW,
FRA,1899,1820-1913,pop,40546.0,Maddison,
FRA,1899,1820-1913,gdppc,4640.0,Maddison,
FRA,1899,1820-1913,v2x_libdem,0.454,V-Dem,
FRA,1899,1820-1913,v2x_polyarchy,0.55,V-Dem,
FRA,1899,1820-1913,cinc,0.081703275,COW,
FRA,1900,1820-1913,pop,40598.0,Maddison,
FRA,1900,1820-1913,gdppc,4584.0,Maddison,
FRA,1900,1820-1913,v2x_libdem,0.456,V-Dem,
FRA,1900,1820-1913,v2x_polyarchy,0.555,V-Dem,
FRA,1900,1820-1913,cinc,0.074714355,COW,
FRA,1901,1820-1913,pop,40640.0,Maddison,
FRA,1901,1820-1913,gdppc,4505.0,Maddison,
FRA,1901,1820-1913,v2x_libdem,0.46,V-Dem,
FRA,1901,1820-1913,v2x_polyarchy,0.562,V-Dem,
FRA,1901,1820-1913,cinc,0.073027797,COW,
FRA,1902,1820-1913,pop,40713.0,Maddison,
FRA,1902,1820-1913,gdppc,4423.0,Maddison,
FRA,1902,1820-1913,v2x_libdem,0.46,V-Dem,
FRA,1902,1820-1913,v2x_polyarchy,0.561,V-Dem,
FRA,1902,1820-1913,cinc,0.071741864,COW,
FRA,1903,1820-1913,pop,40786.0,Maddison,
FRA,1903,1820-1913,gdppc,4513.0,Maddison,
FRA,1903,1820-1913,v2x_libdem,0.46,V-Dem,
FRA,1903,1820-1913,v2x_polyarchy,0.561,V-Dem,
FRA,1903,1820-1913,cinc,0.072874635,COW,
FRA,1904,1820-1913,pop,40859.0,Maddison,
FRA,1904,1820-1913,gdppc,4538.0,Maddison,
FRA,1904,1820-1913,v2x_libdem,0.46,V-Dem,
FRA,1904,1820-1913,v2x_polyarchy,0.561,V-Dem,
FRA,1904,1820-1913,cinc,0.0702518,COW,
FRA,1905,1820-1913,pop,40890.0,Maddison,
FRA,1905,1820-1913,gdppc,4613.0,Maddison,
FRA,1905,1820-1913,v2x_libdem,0.463,V-Dem,
FRA,1905,1820-1913,v2x_polyarchy,0.561,V-Dem,
FRA,1905,1820-1913,cinc,0.062362906,COW,
FRA,1906,1820-1913,pop,40942.0,Maddison,
FRA,1906,1820-1913,gdppc,4691.0,Maddison,
FRA,1906,1820-1913,v2x_libdem,0.463,V-Dem,
FRA,1906,1820-1913,v2x_polyarchy,0.56,V-Dem,
FRA,1906,1820-1913,cinc,0.069414817,COW,
FRA,1907,1820-1913,pop,40942.0,Maddison,
FRA,1907,1820-1913,gdppc,4894.0,Maddison,
FRA,1907,1820-1913,v2x_libdem,0.462,V-Dem,
FRA,1907,1820-1913,v2x_polyarchy,0.559,V-Dem,
FRA,1907,1820-1913,cinc,0.070359178,COW,
FRA,1908,1820-1913,pop,41046.0,Maddison,
FRA,1908,1820-1913,gdppc,4854.0,Maddison,
FRA,1908,1820-1913,v2x_libdem,0.462,V-Dem,
FRA,1908,1820-1913,v2x_polyarchy,0.559,V-Dem,
FRA,1908,1820-1913,cinc,0.072249435,COW,
FRA,1909,1820-1913,pop,41109.0,Maddison,
FRA,1909,1820-1913,gdppc,5048.0,Maddison,
FRA,1909,1820-1913,v2x_libdem,0.462,V-Dem,
FRA,1909,1820-1913,v2x_polyarchy,0.559,V-Dem,
FRA,1909,1820-1913,cinc,0.070060745,COW,
FRA,1910,1820-1913,pop,41224.0,Maddison,
FRA,1910,1820-1913,gdppc,4726.0,Maddison,
FRA,1910,1820-1913,v2x_libdem,0.466,V-Dem,
FRA,1910,1820-1913,v2x_polyarchy,0.564,V-Dem,
FRA,1910,1820-1913,cinc,0.070466116,COW,
FRA,1911,1820-1913,pop,41307.0,Maddison,
FRA,1911,1820-1913,gdppc,5180.0,Maddison,
FRA,1911,1820-1913,v2x_libdem,0.467,V-Dem,
FRA,1911,1820-1913,v2x_polyarchy,0.566,V-Dem,
FRA,1911,1820-1913,cinc,0.071317449,COW,
FRA,1912,1820-1913,pop,41359.0,Maddison,
FRA,1912,1820-1913,gdppc,5601.0,Maddison,
FRA,1912,1820-1913,v2x_libdem,0.467,V-Dem,
FRA,1912,1820-1913,v2x_polyarchy,0.566,V-Dem,
FRA,1912,1820-1913,cinc,0.072193287,COW,
FRA,1913,1820-1913,pop,41463.0,Maddison,
FRA,1913,1820-1913,gdppc,5555.0,Maddison,
FRA,1913,1820-1913,v2x_libdem,0.467,V-Dem,
FRA,1913,1820-1913,v2x_polyarchy,0.566,V-Dem,
FRA,1913,1820-1913,cinc,0.068043686,COW,
FRA,1945,1945-2020,pop,39700.0,Maddison,
FRA,1945,1945-2020,gdppc,4101.0,Maddison,
FRA,1945,1945-2020,v2x_libdem,0.179,V-Dem,
FRA,1945,1945-2020,v2x_polyarchy,0.208,V-Dem,
FRA,1945,1945-2020,cinc,0.017945377,COW,
FRA,1946,1945-2020,pop,40290.0,Maddison,
FRA,1946,1945-2020,gdppc,6145.0,Maddison,
FRA,1946,1945-2020,v2x_libdem,0.267,V-Dem,
FRA,1946,1945-2020,v2x_polyarchy,0.362,V-Dem,
FRA,1946,1945-2020,cinc,0.031308327,COW,
FRA,1947,1945-2020,pop,40680.0,Maddison,
FRA,1947,1945-2020,gdppc,6596.0,Maddison,
FRA,1947,1945-2020,v2x_libdem,0.596,V-Dem,
FRA,1947,1945-2020,v2x_polyarchy,0.705,V-Dem,
FRA,1947,1945-2020,cinc,0.034978829,COW,
FRA,1948,1945-2020,pop,41110.0,Maddison,
FRA,1948,1945-2020,gdppc,7002.0,Maddison,
FRA,1948,1945-2020,v2x_libdem,0.621,V-Dem,
FRA,1948,1945-2020,v2x_polyarchy,0.737,V-Dem,
FRA,1948,1945-2020,cinc,0.032588579,COW,
FRA,1949,1945-2020,pop,41480.0,Maddison,
FRA,1949,1945-2020,gdppc,7884.0,Maddison,
FRA,1949,1945-2020,v2x_libdem,0.621,V-Dem,
FRA,1949,1945-2020,v2x_polyarchy,0.737,V-Dem,
FRA,1949,1945-2020,cinc,0.035492346,COW,
FRA,1950,1945-2020,pop,42518.0,Maddison,
FRA,1950,1945-2020,gdppc,8266.0,Maddison,
FRA,1950,1945-2020,v2x_libdem,0.629,V-Dem,
FRA,1950,1945-2020,v2x_polyarchy,0.747,V-Dem,
FRA,1950,1945-2020,cinc,0.033221595,COW,
FRA,1951,1945-2020,pop,42862.0,Maddison,
FRA,1951,1945-2020,gdppc,8705.0,Maddison,
FRA,1951,1945-2020,v2x_libdem,0.63,V-Dem,
FRA,1951,1945-2020,v2x_polyarchy,0.748,V-Dem,
FRA,1951,1945-2020,cinc,0.032991547,COW,
FRA,1952,1945-2020,pop,43184.0,Maddison,
FRA,1952,1945-2020,gdppc,8869.0,Maddison,
FRA,1952,1945-2020,v2x_libdem,0.63,V-Dem,
FRA,1952,1945-2020,v2x_polyarchy,0.748,V-Dem,
FRA,1952,1945-2020,cinc,0.033362042,COW,
FRA,1953,1945-2020,pop,43495.0,Maddison,
FRA,1953,1945-2020,gdppc,9060.0,Maddison,
FRA,1953,1945-2020,v2x_libdem,0.63,V-Dem,
FRA,1953,1945-2020,v2x_polyarchy,0.748,V-Dem,
FRA,1953,1945-2020,cinc,0.031759739,COW,
FRA,1954,1945-2020,pop,43822.0,Maddison,
FRA,1954,1945-2020,gdppc,9428.0,Maddison,
FRA,1954,1945-2020,v2x_libdem,0.601,V-Dem,
FRA,1954,1945-2020,v2x_polyarchy,0.722,V-Dem,
FRA,1954,1945-2020,cinc,0.032968372,COW,
FRA,1955,1945-2020,pop,44218.0,Maddison,
FRA,1955,1945-2020,gdppc,9881.0,Maddison,
FRA,1955,1945-2020,v2x_libdem,0.614,V-Dem,
FRA,1955,1945-2020,v2x_polyarchy,0.736,V-Dem,
FRA,1955,1945-2020,cinc,0.030630589,COW,
FRA,1956,1945-2020,pop,44657.0,Maddison,
FRA,1956,1945-2020,gdppc,10278.0,Maddison,
FRA,1956,1945-2020,v2x_libdem,0.62,V-Dem,
FRA,1956,1945-2020,v2x_polyarchy,0.743,V-Dem,
FRA,1956,1945-2020,cinc,0.032562353,COW,
FRA,1957,1945-2020,pop,45152.0,Maddison,
FRA,1957,1945-2020,gdppc,10779.0,Maddison,
FRA,1957,1945-2020,v2x_libdem,0.628,V-Dem,
FRA,1957,1945-2020,v2x_polyarchy,0.751,V-Dem,
FRA,1957,1945-2020,cinc,0.032730341,COW,
FRA,1958,1945-2020,pop,45654.0,Maddison,
FRA,1958,1945-2020,gdppc,10927.0,Maddison,
FRA,1958,1945-2020,v2x_libdem,0.63,V-Dem,
FRA,1958,1945-2020,v2x_polyarchy,0.754,V-Dem,
FRA,1958,1945-2020,cinc,0.033753257,COW,
FRA,1959,1945-2020,pop,46129.0,Maddison,
FRA,1959,1945-2020,gdppc,11124.0,Maddison,
FRA,1959,1945-2020,v2x_libdem,0.63,V-Dem,
FRA,1959,1945-2020,v2x_polyarchy,0.747,V-Dem,
FRA,1959,1945-2020,cinc,0.032590225,COW,
FRA,1960,1945-2020,pop,46584.0,Maddison,
FRA,1960,1945-2020,gdppc,11792.0,Maddison,
FRA,1960,1945-2020,v2x_libdem,0.633,V-Dem,
FRA,1960,1945-2020,v2x_polyarchy,0.748,V-Dem,
FRA,1960,1945-2020,cinc,0.032849308,COW,
FRA,1961,1945-2020,pop,47128.0,Maddison,
FRA,1961,1945-2020,gdppc,12302.0,Maddison,
FRA,1961,1945-2020,v2x_libdem,0.633,V-Dem,
FRA,1961,1945-2020,v2x_polyarchy,0.748,V-Dem,
FRA,1961,1945-2020,cinc,0.030387744,COW,
FRA,1962,1945-2020,pop,48089.0,Maddison,
FRA,1962,1945-2020,gdppc,12859.0,Maddison,
FRA,1962,1945-2020,v2x_libdem,0.636,V-Dem,
FRA,1962,1945-2020,v2x_polyarchy,0.749,V-Dem,
FRA,1962,1945-2020,cinc,0.029400688,COW,
FRA,1963,1945-2020,pop,48799.0,Maddison,
FRA,1963,1945-2020,gdppc,13330.0,Maddison,
FRA,1963,1945-2020,v2x_libdem,0.666,V-Dem,
FRA,1963,1945-2020,v2x_polyarchy,0.775,V-Dem,
FRA,1963,1945-2020,cinc,0.029225565,COW,
FRA,1964,1945-2020,pop,49357.0,Maddison,
FRA,1964,1945-2020,gdppc,14057.0,Maddison,
FRA,1964,1945-2020,v2x_libdem,0.666,V-Dem,
FRA,1964,1945-2020,v2x_polyarchy,0.775,V-Dem,
FRA,1964,1945-2020,cinc,0.028832881,COW,
FRA,1965,1945-2020,pop,49802.0,Maddison,
FRA,1965,1945-2020,gdppc,14609.0,Maddison,
FRA,1965,1945-2020,v2x_libdem,0.666,V-Dem,
FRA,1965,1945-2020,v2x_polyarchy,0.775,V-Dem,
FRA,1965,1945-2020,cinc,0.027735332,COW,
FRA,1966,1945-2020,pop,50254.0,Maddison,
FRA,1966,1945-2020,gdppc,15213.0,Maddison,
FRA,1966,1945-2020,v2x_libdem,0.666,V-Dem,
FRA,1966,1945-2020,v2x_polyarchy,0.775,V-Dem,
FRA,1966,1945-2020,cinc,0.026293693,COW,
FRA,1967,1945-2020,pop,50650.0,Maddison,
FRA,1967,1945-2020,gdppc,15792.0,Maddison,
FRA,1967,1945-2020,v2x_libdem,0.672,V-Dem,
FRA,1967,1945-2020,v2x_polyarchy,0.782,V-Dem,
FRA,1967,1945-2020,cinc,0.026074069,COW,
FRA,1968,1945-2020,pop,51034.0,Maddison,
FRA,1968,1945-2020,gdppc,16365.0,Maddison,
FRA,1968,1945-2020,v2x_libdem,0.672,V-Dem,
FRA,1968,1945-2020,v2x_polyarchy,0.78,V-Dem,
FRA,1968,1945-2020,cinc,0.02495471,COW,
FRA,1969,1945-2020,pop,51470.0,Maddison,
FRA,1969,1945-2020,gdppc,17352.0,Maddison,
FRA,1969,1945-2020,v2x_libdem,0.719,V-Dem,
FRA,1969,1945-2020,v2x_polyarchy,0.805,V-Dem,
FRA,1969,1945-2020,cinc,0.024646496,COW,
FRA,1970,1945-2020,pop,51918.0,Maddison,
FRA,1970,1945-2020,gdppc,18187.0,Maddison,
FRA,1970,1945-2020,v2x_libdem,0.75,V-Dem,
FRA,1970,1945-2020,v2x_polyarchy,0.829,V-Dem,
FRA,1970,1945-2020,cinc,0.024395268,COW,
FRA,1971,1945-2020,pop,52432.0,Maddison,
FRA,1971,1945-2020,gdppc,18881.0,Maddison,
FRA,1971,1945-2020,v2x_libdem,0.755,V-Dem,
FRA,1971,1945-2020,v2x_polyarchy,0.835,V-Dem,
FRA,1971,1945-2020,cinc,0.024150513,COW,
FRA,1972,1945-2020,pop,52894.0,Maddison,
FRA,1972,1945-2020,gdppc,19549.0,Maddison,
FRA,1972,1945-2020,v2x_libdem,0.748,V-Dem,
FRA,1972,1945-2020,v2x_polyarchy,0.828,V-Dem,
FRA,1972,1945-2020,cinc,0.024278672,COW,
FRA,1973,1945-2020,pop,53333.0,Maddison,
FRA,1973,1945-2020,gdppc,20441.0,Maddison,
FRA,1973,1945-2020,v2x_libdem,0.76,V-Dem,
FRA,1973,1945-2020,v2x_polyarchy,0.84,V-Dem,
FRA,1973,1945-2020,cinc,0.024798686,COW,
FRA,1974,1945-2020,pop,53690.0,Maddison,
FRA,1974,1945-2020,gdppc,20902.0,Maddison,
FRA,1974,1945-2020,v2x_libdem,0.763,V-Dem,
FRA,1974,1945-2020,v2x_polyarchy,0.844,V-Dem,
FRA,1974,1945-2020,cinc,0.024257071,COW,
FRA,1975,1945-2020,pop,53955.0,Maddison,
FRA,1975,1945-2020,gdppc,20653.0,Maddison,
FRA,1975,1945-2020,v2x_libdem,0.772,V-Dem,
FRA,1975,1945-2020,v2x_polyarchy,0.852,V-Dem,
FRA,1975,1945-2020,cinc,0.023470555,COW,
FRA,1976,1945-2020,pop,54159.0,Maddison,
FRA,1976,1945-2020,gdppc,21465.0,Maddison,
FRA,1976,1945-2020,v2x_libdem,0.772,V-Dem,
FRA,1976,1945-2020,v2x_polyarchy,0.852,V-Dem,
FRA,1976,1945-2020,cinc,0.02372063,COW,
FRA,1977,1945-2020,pop,54378.0,Maddison,
FRA,1977,1945-2020,gdppc,22177.0,Maddison,
FRA,1977,1945-2020,v2x_libdem,0.772,V-Dem,
FRA,1977,1945-2020,v2x_polyarchy,0.852,V-Dem,
FRA,1977,1945-2020,cinc,0.023332542,COW,
FRA,1978,1945-2020,pop,54602.0,Maddison,
FRA,1978,1945-2020,gdppc,22698.0,Maddison,
FRA,1978,1945-2020,v2x_libdem,0.773,V-Dem,
FRA,1978,1945-2020,v2x_polyarchy,0.854,V-Dem,
FRA,1978,1945-2020,cinc,0.023703795,COW,
FRA,1979,1945-2020,pop,54836.0,Maddison,
FRA,1979,1945-2020,gdppc,23326.0,Maddison,
FRA,1979,1945-2020,v2x_libdem,0.773,V-Dem,
FRA,1979,1945-2020,v2x_polyarchy,0.854,V-Dem,
FRA,1979,1945-2020,cinc,0.02421101,COW,
FRA,1980,1945-2020,pop,55110.0,Maddison,
FRA,1980,1945-2020,gdppc,23537.0,Maddison,
FRA,1980,1945-2020,v2x_libdem,0.773,V-Dem,
FRA,1980,1945-2020,v2x_polyarchy,0.854,V-Dem,
FRA,1980,1945-2020,cinc,0.024040133,COW,
FRA,1981,1945-2020,pop,55399.0,Maddison,
FRA,1981,1945-2020,gdppc,23655.0,Maddison,
FRA,1981,1945-2020,v2x_libdem,0.788,V-Dem,
FRA,1981,1945-2020,v2x_polyarchy,0.862,V-Dem,
FRA,1981,1945-2020,cinc,0.021946136,COW,
FRA,1982,1945-2020,pop,55697.0,Maddison,
FRA,1982,1945-2020,gdppc,24120.0,Maddison,
FRA,1982,1945-2020,v2x_libdem,0.793,V-Dem,
FRA,1982,1945-2020,v2x_polyarchy,0.867,V-Dem,
FRA,1982,1945-2020,cinc,0.020229265,COW,
FRA,1983,1945-2020,pop,55929.0,Maddison,
FRA,1983,1945-2020,gdppc,24300.0,Maddison,
FRA,1983,1945-2020,v2x_libdem,0.793,V-Dem,
FRA,1983,1945-2020,v2x_polyarchy,0.867,V-Dem,
FRA,1983,1945-2020,cinc,0.019225948,COW,
FRA,1984,1945-2020,pop,56246.0,Maddison,
FRA,1984,1945-2020,gdppc,24519.0,Maddison,
FRA,1984,1945-2020,v2x_libdem,0.793,V-Dem,
FRA,1984,1945-2020,v2x_polyarchy,0.867,V-Dem,
FRA,1984,1945-2020,cinc,0.018553305,COW,
FRA,1985,1945-2020,pop,56490.0,Maddison,
FRA,1985,1945-2020,gdppc,24755.0,Maddison,
FRA,1985,1945-2020,v2x_libdem,0.793,V-Dem,
FRA,1985,1945-2020,v2x_polyarchy,0.867,V-Dem,
FRA,1985,1945-2020,cinc,0.017772263,COW,
FRA,1986,1945-2020,pop,56725.0,Maddison,
FRA,1986,1945-2020,gdppc,25238.0,Maddison,
FRA,1986,1945-2020,v2x_libdem,0.79,V-Dem,
FRA,1986,1945-2020,v2x_polyarchy,0.864,V-Dem,
FRA,1986,1945-2020,cinc,0.018496968,COW,
FRA,1987,1945-2020,pop,56989.0,Maddison,
FRA,1987,1945-2020,gdppc,25756.0,Maddison,
FRA,1987,1945-2020,v2x_libdem,0.789,V-Dem,
FRA,1987,1945-2020,v2x_polyarchy,0.864,V-Dem,
FRA,1987,1945-2020,cinc,0.018743785,COW,
FRA,1988,1945-2020,pop,57255.0,Maddison,
FRA,1988,1945-2020,gdppc,26763.0,Maddison,
FRA,1988,1945-2020,v2x_libdem,0.8,V-Dem,
FRA,1988,1945-2020,v2x_polyarchy,0.874,V-Dem,
FRA,1988,1945-2020,cinc,0.018714683,COW,
FRA,1989,1945-2020,pop,57821.0,Maddison,
FRA,1989,1945-2020,gdppc,27576.0,Maddison,
FRA,1989,1945-2020,v2x_libdem,0.802,V-Dem,
FRA,1989,1945-2020,v2x_polyarchy,0.875,V-Dem,
FRA,1989,1945-2020,cinc,0.019117823,COW,
FRA,1990,1945-2020,pop,58168.0,Maddison,
FRA,1990,1945-2020,gdppc,28129.0,Maddison,
FRA,1990,1945-2020,v2x_libdem,0.802,V-Dem,
FRA,1990,1945-2020,v2x_polyarchy,0.875,V-Dem,
FRA,1990,1945-2020,cinc,0.020168373,COW,
FRA,1991,1945-2020,pop,58459.56,Maddison,
FRA,1991,1945-2020,gdppc,28294.26379228097,Maddison,
FRA,1991,1945-2020,v2x_libdem,0.802,V-Dem,
FRA,1991,1945-2020,v2x_polyarchy,0.875,V-Dem,
FRA,1991,1945-2020,cinc,0.021559888,COW,
FRA,1992,1945-2020,pop,58750.12,Maddison,
FRA,1992,1945-2020,gdppc,28619.804052963773,Maddison,
FRA,1992,1945-2020,v2x_libdem,0.803,V-Dem,
FRA,1992,1945-2020,v2x_polyarchy,0.875,V-Dem,
FRA,1992,1945-2020,cinc,0.021653056,COW,
FRA,1993,1945-2020,pop,59005.73,Maddison,
FRA,1993,1945-2020,gdppc,28336.160318360813,Maddison,
FRA,1993,1945-2020,v2x_libdem,0.798,V-Dem,
FRA,1993,1945-2020,v2x_polyarchy,0.875,V-Dem,
FRA,1993,1945-2020,cinc,0.021989603,COW,
FRA,1994,1945-2020,pop,59225.4,Maddison,
FRA,1994,1945-2020,gdppc,28907.977358135435,Maddison,
FRA,1994,1945-2020,v2x_libdem,0.801,V-Dem,
FRA,1994,1945-2020,v2x_polyarchy,0.875,V-Dem,
FRA,1994,1945-2020,cinc,0.022904044,COW,
FRA,1995,1945-2020,pop,59440.08,Maddison,
FRA,1995,1945-2020,gdppc,29418.864086617075,Maddison,
FRA,1995,1945-2020,v2x_libdem,0.798,V-Dem,
FRA,1995,1945-2020,v2x_polyarchy,0.869,V-Dem,
FRA,1995,1945-2020,cinc,0.023131192,COW,
FRA,1996,1945-2020,pop,59651.76,Maddison,
FRA,1996,1945-2020,gdppc,29736.64477865526,Maddison,
FRA,1996,1945-2020,v2x_libdem,0.802,V-Dem,
FRA,1996,1945-2020,v2x_polyarchy,0.874,V-Dem,
FRA,1996,1945-2020,cinc,0.022893263,COW,
FRA,1997,1945-2020,pop,59864.43,Maddison,
FRA,1997,1945-2020,gdppc,30341.805869105512,Maddison,
FRA,1997,1945-2020,v2x_libdem,0.8,V-Dem,
FRA,1997,1945-2020,v2x_polyarchy,0.874,V-Dem,
FRA,1997,1945-2020,cinc,0.021976389,COW,
FRA,1998,1945-2020,pop,60085.1,Maddison,
FRA,1998,1945-2020,gdppc,31323.077638975665,Maddison,
FRA,1998,1945-2020,v2x_libdem,0.798,V-Dem,
FRA,1998,1945-2020,v2x_polyarchy,0.873,V-Dem,
FRA,1998,1945-2020,cinc,0.022080885,COW,
FRA,1999,1945-2020,pop,60395.63,Maddison,
FRA,1999,1945-2020,gdppc,32284.611622135646,Maddison,
FRA,1999,1945-2020,v2x_libdem,0.798,V-Dem,
FRA,1999,1945-2020,v2x_polyarchy,0.873,V-Dem,
FRA,1999,1945-2020,cinc,0.020881752,COW,
FRA,2000,1945-2020,pop,60811.0,Maddison,
FRA,2000,1945-2020,gdppc,33409.68148293087,Maddison,
FRA,2000,1945-2020,v2x_libdem,0.798,V-Dem,
FRA,2000,1945-2020,v2x_polyarchy,0.873,V-Dem,
FRA,2000,1945-2020,cinc,0.01883278,COW,
FRA,2001,1945-2020,pop,61255.33,Maddison,
FRA,2001,1945-2020,gdppc,33920.097406561574,Maddison,
FRA,2001,1945-2020,v2x_libdem,0.798,V-Dem,
FRA,2001,1945-2020,v2x_polyarchy,0.873,V-Dem,
FRA,2001,1945-2020,cinc,0.018021695,COW,
FRA,2002,1945-2020,pop,61702.65,Maddison,
FRA,2002,1945-2020,gdppc,34152.77445600494,Maddison,
FRA,2002,1945-2020,v2x_libdem,0.801,V-Dem,
FRA,2002,1945-2020,v2x_polyarchy,0.874,V-Dem,
FRA,2002,1945-2020,cinc,0.019471815,COW,
FRA,2003,1945-2020,pop,62140.99,Maddison,
FRA,2003,1945-2020,gdppc,34292.030131448904,Maddison,
FRA,2003,1945-2020,v2x_libdem,0.802,V-Dem,
FRA,2003,1945-2020,v2x_polyarchy,0.874,V-Dem,
FRA,2003,1945-2020,cinc,0.019778015,COW,
FRA,2004,1945-2020,pop,62600.29,Maddison,
FRA,2004,1945-2020,gdppc,35093.824134976705,Maddison,
FRA,2004,1945-2020,v2x_libdem,0.802,V-Dem,
FRA,2004,1945-2020,v2x_polyarchy,0.874,V-Dem,
FRA,2004,1945-2020,cinc,0.019740557,COW,
FRA,2005,1945-2020,pop,63072.58,Maddison,
FRA,2005,1945-2020,gdppc,35495.46472917733,Maddison,
FRA,2005,1945-2020,v2x_libdem,0.802,V-Dem,
FRA,2005,1945-2020,v2x_polyarchy,0.874,V-Dem,
FRA,2005,1945-2020,cinc,0.019447366,COW,
FRA,2006,1945-2020,pop,63512.91,Maddison,
FRA,2006,1945-2020,gdppc,36166.15968100972,Maddison,
FRA,2006,1945-2020,v2x_libdem,0.802,V-Dem,
FRA,2006,1945-2020,v2x_polyarchy,0.874,V-Dem,
FRA,2006,1945-2020,cinc,0.018735487,COW,
FRA,2007,1945-2020,pop,63906.32,Maddison,
FRA,2007,1945-2020,gdppc,36845.68508689428,Maddison,
FRA,2007,1945-2020,v2x_libdem,0.807,V-Dem,
FRA,2007,1945-2020,v2x_polyarchy,0.877,V-Dem,
FRA,2007,1945-2020,cinc,0.018468909,COW,
FRA,2008,1945-2020,pop,64263.78,Maddison,
FRA,2008,1945-2020,gdppc,36761.792064608555,Maddison,
FRA,2008,1945-2020,v2x_libdem,0.816,V-Dem,
FRA,2008,1945-2020,v2x_polyarchy,0.885,V-Dem,
FRA,2008,1945-2020,cinc,0.018204316,COW,
FRA,2009,1945-2020,pop,64594.28,Maddison,
FRA,2009,1945-2020,gdppc,35534.92715160096,Maddison,
FRA,2009,1945-2020,v2x_libdem,0.816,V-Dem,
FRA,2009,1945-2020,v2x_polyarchy,0.885,V-Dem,
FRA,2009,1945-2020,cinc,0.016560782,COW,
FRA,2010,1945-2020,pop,64912.8,Maddison,
FRA,2010,1945-2020,gdppc,36086.726618151486,Maddison,
FRA,2010,1945-2020,v2x_libdem,0.816,V-Dem,
FRA,2010,1945-2020,v2x_polyarchy,0.885,V-Dem,
FRA,2010,1945-2020,cinc,0.015947869,COW,
FRA,2011,1945-2020,pop,65231.31,Maddison,
FRA,2011,1945-2020,gdppc,36691.0,Maddison,
FRA,2011,1945-2020,v2x_libdem,0.818,V-Dem,
FRA,2011,1945-2020,v2x_polyarchy,0.887,V-Dem,
FRA,2011,1945-2020,cinc,0.014671733,COW,
FRA,2012,1945-2020,pop,65551.83,Maddison,
FRA,2012,1945-2020,gdppc,36625.926898328944,Maddison,
FRA,2012,1945-2020,v2x_libdem,0.82,V-Dem,
FRA,2012,1945-2020,v2x_polyarchy,0.89,V-Dem,
FRA,2012,1945-2020,cinc,0.01417267,COW,
FRA,2013,1945-2020,pop,65891.32,Maddison,
FRA,2013,1945-2020,gdppc,36647.2178013021,Maddison,
FRA,2013,1945-2020,v2x_libdem,0.822,V-Dem,
FRA,2013,1945-2020,v2x_polyarchy,0.89,V-Dem,
FRA,2013,1945-2020,cinc,0.01422869,COW,
FRA,2014,1945-2020,pop,66211.83,Maddison,
FRA,2014,1945-2020,gdppc,36818.53947084249,Maddison,
FRA,2014,1945-2020,v2x_libdem,0.821,V-Dem,
FRA,2014,1945-2020,v2x_polyarchy,0.889,V-Dem,
FRA,2014,1945-2020,cinc,0.013928858,COW,
FRA,2015,1945-2020,pop,66480.42,Maddison,
FRA,2015,1945-2020,gdppc,37077.88969561081,Maddison,
FRA,2015,1945-2020,v2x_libdem,0.812,V-Dem,
FRA,2015,1945-2020,v2x_polyarchy,0.883,V-Dem,
FRA,2015,1945-2020,cinc,0.013420071,COW,
FRA,2016,1945-2020,pop,66730.05,Maddison,
FRA,2016,1945-2020,gdppc,37343.840237178665,Maddison,
FRA,2016,1945-2020,v2x_libdem,0.812,V-Dem,
FRA,2016,1945-2020,v2x_polyarchy,0.883,V-Dem,
FRA,2016,1945-2020,cinc,0.013378492,COW,
FRA,2017,1945-2020,pop,67014.62,Maddison,
FRA,2017,1945-2020,gdppc,38037.33518797257,Maddison,
FRA,2017,1945-2020,v2x_libdem,0.817,V-Dem,
FRA,2017,1945-2020,v2x_polyarchy,0.886,V-Dem,
FRA,2017,1945-2020,cinc,,COW,
FRA,2018,1945-2020,pop,67347.11,Maddison,
FRA,2018,1945-2020,gdppc,38555.46543208852,Maddison,
FRA,2018,1945-2020,v2x_libdem,0.802,V-Dem,
FRA,2018,1945-2020,v2x_polyarchy,0.874,V-Dem,
FRA,2018,1945-2020,cinc,,COW,
FRA,2019,1945-2020,pop,67659.64,Maddison,
FRA,2019,1945-2020,gdppc,39084.65542048323,Maddison,
FRA,2019,1945-2020,v2x_libdem,0.793,V-Dem,
FRA,2019,1945-2020,v2x_polyarchy,0.866,V-Dem,
FRA,2019,1945-2020,cinc,,COW,
FRA,2020,1945-2020,pop,67901.27,Maddison,
FRA,2020,1945-2020,gdppc,35913.81936941929,Maddison,
FRA,2020,1945-2020,v2x_libdem,0.789,V-Dem,
FRA,2020,1945-2020,v2x_polyarchy,0.866,V-Dem,
FRA,2020,1945-2020,cinc,,COW,
GBR,1820,1820-1913,pop,21239.0,Maddison,
GBR,1820,1820-1913,gdppc,3306.0,Maddison,
GBR,1820,1820-1913,v2x_libdem,0.245,V-Dem,
GBR,1820,1820-1913,v2x_polyarchy,0.267,V-Dem,
GBR,1820,1820-1913,cinc,0.31653079,COW,
GBR,1821,1820-1913,pop,21551.0,Maddison,
GBR,1821,1820-1913,gdppc,3308.0,Maddison,
GBR,1821,1820-1913,v2x_libdem,0.243,V-Dem,
GBR,1821,1820-1913,v2x_polyarchy,0.262,V-Dem,
GBR,1821,1820-1913,cinc,0.31734112,COW,
GBR,1822,1820-1913,pop,21832.0,Maddison,
GBR,1822,1820-1913,gdppc,3315.0,Maddison,
GBR,1822,1820-1913,v2x_libdem,0.243,V-Dem,
GBR,1822,1820-1913,v2x_polyarchy,0.262,V-Dem,
GBR,1822,1820-1913,cinc,0.31113026,COW,
GBR,1823,1820-1913,pop,22117.0,Maddison,
GBR,1823,1820-1913,gdppc,3359.0,Maddison,
GBR,1823,1820-1913,v2x_libdem,0.243,V-Dem,
GBR,1823,1820-1913,v2x_polyarchy,0.262,V-Dem,
GBR,1823,1820-1913,cinc,0.31781355,COW,
GBR,1824,1820-1913,pop,22407.0,Maddison,
GBR,1824,1820-1913,gdppc,3492.0,Maddison,
GBR,1824,1820-1913,v2x_libdem,0.243,V-Dem,
GBR,1824,1820-1913,v2x_polyarchy,0.262,V-Dem,
GBR,1824,1820-1913,cinc,0.32966271,COW,
GBR,1825,1820-1913,pop,22698.0,Maddison,
GBR,1825,1820-1913,gdppc,3521.0,Maddison,
GBR,1825,1820-1913,v2x_libdem,0.25,V-Dem,
GBR,1825,1820-1913,v2x_polyarchy,0.276,V-Dem,
GBR,1825,1820-1913,cinc,0.33095324,COW,
GBR,1826,1820-1913,pop,22996.0,Maddison,
GBR,1826,1820-1913,gdppc,3290.0,Maddison,
GBR,1826,1820-1913,v2x_libdem,0.255,V-Dem,
GBR,1826,1820-1913,v2x_polyarchy,0.288,V-Dem,
GBR,1826,1820-1913,cinc,0.32982478,COW,
GBR,1827,1820-1913,pop,23275.0,Maddison,
GBR,1827,1820-1913,gdppc,3499.0,Maddison,
GBR,1827,1820-1913,v2x_libdem,0.252,V-Dem,
GBR,1827,1820-1913,v2x_polyarchy,0.282,V-Dem,
GBR,1827,1820-1913,cinc,0.33283046,COW,
GBR,1828,1820-1913,pop,23560.0,Maddison,
GBR,1828,1820-1913,gdppc,3461.0,Maddison,
GBR,1828,1820-1913,v2x_libdem,0.252,V-Dem,
GBR,1828,1820-1913,v2x_polyarchy,0.282,V-Dem,
GBR,1828,1820-1913,cinc,0.32693341,COW,
GBR,1829,1820-1913,pop,23847.0,Maddison,
GBR,1829,1820-1913,gdppc,3443.0,Maddison,
GBR,1829,1820-1913,v2x_libdem,0.251,V-Dem,
GBR,1829,1820-1913,v2x_polyarchy,0.279,V-Dem,
GBR,1829,1820-1913,cinc,0.32304364,COW,
GBR,1830,1820-1913,pop,24139.0,Maddison,
GBR,1830,1820-1913,gdppc,3550.0,Maddison,
GBR,1830,1820-1913,v2x_libdem,0.261,V-Dem,
GBR,1830,1820-1913,v2x_polyarchy,0.285,V-Dem,
GBR,1830,1820-1913,cinc,0.30559736,COW,
GBR,1831,1820-1913,pop,24433.0,Maddison,
GBR,1831,1820-1913,gdppc,3545.0,Maddison,
GBR,1831,1820-1913,v2x_libdem,0.261,V-Dem,
GBR,1831,1820-1913,v2x_polyarchy,0.285,V-Dem,
GBR,1831,1820-1913,cinc,0.29890975,COW,
GBR,1832,1820-1913,pop,24684.0,Maddison,
GBR,1832,1820-1913,gdppc,3612.0,Maddison,
GBR,1832,1820-1913,v2x_libdem,0.265,V-Dem,
GBR,1832,1820-1913,v2x_polyarchy,0.293,V-Dem,
GBR,1832,1820-1913,cinc,0.30077034,COW,
GBR,1833,1820-1913,pop,24937.0,Maddison,
GBR,1833,1820-1913,gdppc,3599.0,Maddison,
GBR,1833,1820-1913,v2x_libdem,0.272,V-Dem,
GBR,1833,1820-1913,v2x_polyarchy,0.301,V-Dem,
GBR,1833,1820-1913,cinc,0.3034555,COW,
GBR,1834,1820-1913,pop,25194.0,Maddison,
GBR,1834,1820-1913,gdppc,3639.0,Maddison,
GBR,1834,1820-1913,v2x_libdem,0.275,V-Dem,
GBR,1834,1820-1913,v2x_polyarchy,0.301,V-Dem,
GBR,1834,1820-1913,cinc,0.30485412,COW,
GBR,1835,1820-1913,pop,25452.0,Maddison,
GBR,1835,1820-1913,gdppc,3861.0,Maddison,
GBR,1835,1820-1913,v2x_libdem,0.285,V-Dem,
GBR,1835,1820-1913,v2x_polyarchy,0.306,V-Dem,
GBR,1835,1820-1913,cinc,0.30514959,COW,
GBR,1836,1820-1913,pop,25715.0,Maddison,
GBR,1836,1820-1913,gdppc,3937.0,Maddison,
GBR,1836,1820-1913,v2x_libdem,0.282,V-Dem,
GBR,1836,1820-1913,v2x_polyarchy,0.301,V-Dem,
GBR,1836,1820-1913,cinc,0.29951063,COW,
GBR,1837,1820-1913,pop,25968.0,Maddison,
GBR,1837,1820-1913,gdppc,3857.0,Maddison,
GBR,1837,1820-1913,v2x_libdem,0.285,V-Dem,
GBR,1837,1820-1913,v2x_polyarchy,0.305,V-Dem,
GBR,1837,1820-1913,cinc,0.30079472,COW,
GBR,1838,1820-1913,pop,26223.0,Maddison,
GBR,1838,1820-1913,gdppc,3963.0,Maddison,
GBR,1838,1820-1913,v2x_libdem,0.283,V-Dem,
GBR,1838,1820-1913,v2x_polyarchy,0.3,V-Dem,
GBR,1838,1820-1913,cinc,0.30391559,COW,
GBR,1839,1820-1913,pop,26483.0,Maddison,
GBR,1839,1820-1913,gdppc,3881.0,Maddison,
GBR,1839,1820-1913,v2x_libdem,0.286,V-Dem,
GBR,1839,1820-1913,v2x_polyarchy,0.304,V-Dem,
GBR,1839,1820-1913,cinc,0.30937037,COW,
GBR,1840,1820-1913,pop,26745.0,Maddison,
GBR,1840,1820-1913,gdppc,4018.0,Maddison,
GBR,1840,1820-1913,v2x_libdem,0.289,V-Dem,
GBR,1840,1820-1913,v2x_polyarchy,0.311,V-Dem,
GBR,1840,1820-1913,cinc,0.31130517,COW,
GBR,1841,1820-1913,pop,27004.0,Maddison,
GBR,1841,1820-1913,gdppc,3894.0,Maddison,
GBR,1841,1820-1913,v2x_libdem,0.292,V-Dem,
GBR,1841,1820-1913,v2x_polyarchy,0.318,V-Dem,
GBR,1841,1820-1913,cinc,0.30774412,COW,
GBR,1842,1820-1913,pop,27277.0,Maddison,
GBR,1842,1820-1913,gdppc,3808.0,Maddison,
GBR,1842,1820-1913,v2x_libdem,0.289,V-Dem,
GBR,1842,1820-1913,v2x_polyarchy,0.311,V-Dem,
GBR,1842,1820-1913,cinc,0.29763517,COW,
GBR,1843,1820-1913,pop,27511.0,Maddison,
GBR,1843,1820-1913,gdppc,3950.0,Maddison,
GBR,1843,1820-1913,v2x_libdem,0.289,V-Dem,
GBR,1843,1820-1913,v2x_polyarchy,0.311,V-Dem,
GBR,1843,1820-1913,cinc,0.2985971,COW,
GBR,1844,1820-1913,pop,27785.0,Maddison,
GBR,1844,1820-1913,gdppc,4245.0,Maddison,
GBR,1844,1820-1913,v2x_libdem,0.29,V-Dem,
GBR,1844,1820-1913,v2x_polyarchy,0.311,V-Dem,
GBR,1844,1820-1913,cinc,0.30550161,COW,
GBR,1845,1820-1913,pop,28040.0,Maddison,
GBR,1845,1820-1913,gdppc,4387.0,Maddison,
GBR,1845,1820-1913,v2x_libdem,0.29,V-Dem,
GBR,1845,1820-1913,v2x_polyarchy,0.311,V-Dem,
GBR,1845,1820-1913,cinc,0.31820506,COW,
GBR,1846,1820-1913,pop,28272.0,Maddison,
GBR,1846,1820-1913,gdppc,4334.0,Maddison,
GBR,1846,1820-1913,v2x_libdem,0.29,V-Dem,
GBR,1846,1820-1913,v2x_polyarchy,0.311,V-Dem,
GBR,1846,1820-1913,cinc,0.30288824,COW,
GBR,1847,1820-1913,pop,28118.0,Maddison,
GBR,1847,1820-1913,gdppc,4234.0,Maddison,
GBR,1847,1820-1913,v2x_libdem,0.294,V-Dem,
GBR,1847,1820-1913,v2x_polyarchy,0.317,V-Dem,
GBR,1847,1820-1913,cinc,0.29752919,COW,
GBR,1848,1820-1913,pop,27683.0,Maddison,
GBR,1848,1820-1913,gdppc,4361.0,Maddison,
GBR,1848,1820-1913,v2x_libdem,0.291,V-Dem,
GBR,1848,1820-1913,v2x_polyarchy,0.312,V-Dem,
GBR,1848,1820-1913,cinc,0.3041608,COW,
GBR,1849,1820-1913,pop,27429.0,Maddison,
GBR,1849,1820-1913,gdppc,4422.0,Maddison,
GBR,1849,1820-1913,v2x_libdem,0.291,V-Dem,
GBR,1849,1820-1913,v2x_polyarchy,0.312,V-Dem,
GBR,1849,1820-1913,cinc,0.30476904,COW,
GBR,1850,1820-1913,pop,27181.0,Maddison,
GBR,1850,1820-1913,gdppc,4332.0,Maddison,
GBR,1850,1820-1913,v2x_libdem,0.292,V-Dem,
GBR,1850,1820-1913,v2x_polyarchy,0.314,V-Dem,
GBR,1850,1820-1913,cinc,0.30417126,COW,
GBR,1851,1820-1913,pop,26945.0,Maddison,
GBR,1851,1820-1913,gdppc,4477.0,Maddison,
GBR,1851,1820-1913,v2x_libdem,0.293,V-Dem,
GBR,1851,1820-1913,v2x_polyarchy,0.316,V-Dem,
GBR,1851,1820-1913,cinc,0.30549419,COW,
GBR,1852,1820-1913,pop,27076.0,Maddison,
GBR,1852,1820-1913,gdppc,4626.0,Maddison,
GBR,1852,1820-1913,v2x_libdem,0.296,V-Dem,
GBR,1852,1820-1913,v2x_polyarchy,0.322,V-Dem,
GBR,1852,1820-1913,cinc,0.29861397,COW,
GBR,1853,1820-1913,pop,27248.0,Maddison,
GBR,1853,1820-1913,gdppc,4734.0,Maddison,
GBR,1853,1820-1913,v2x_libdem,0.292,V-Dem,
GBR,1853,1820-1913,v2x_polyarchy,0.314,V-Dem,
GBR,1853,1820-1913,cinc,0.28743204,COW,
GBR,1854,1820-1913,pop,27446.0,Maddison,
GBR,1854,1820-1913,gdppc,4909.0,Maddison,
GBR,1854,1820-1913,v2x_libdem,0.292,V-Dem,
GBR,1854,1820-1913,v2x_polyarchy,0.314,V-Dem,
GBR,1854,1820-1913,cinc,0.33608904,COW,
GBR,1855,1820-1913,pop,27697.0,Maddison,
GBR,1855,1820-1913,gdppc,4748.0,Maddison,
GBR,1855,1820-1913,v2x_libdem,0.292,V-Dem,
GBR,1855,1820-1913,v2x_polyarchy,0.314,V-Dem,
GBR,1855,1820-1913,cinc,0.29753003,COW,
GBR,1856,1820-1913,pop,27978.0,Maddison,
GBR,1856,1820-1913,gdppc,5013.0,Maddison,
GBR,1856,1820-1913,v2x_libdem,0.292,V-Dem,
GBR,1856,1820-1913,v2x_polyarchy,0.314,V-Dem,
GBR,1856,1820-1913,cinc,0.29569957,COW,
GBR,1857,1820-1913,pop,28186.0,Maddison,
GBR,1857,1820-1913,gdppc,5019.0,Maddison,
GBR,1857,1820-1913,v2x_libdem,0.295,V-Dem,
GBR,1857,1820-1913,v2x_polyarchy,0.32,V-Dem,
GBR,1857,1820-1913,cinc,0.2900489,COW,
GBR,1858,1820-1913,pop,28422.0,Maddison,
GBR,1858,1820-1913,gdppc,4879.0,Maddison,
GBR,1858,1820-1913,v2x_libdem,0.293,V-Dem,
GBR,1858,1820-1913,v2x_polyarchy,0.314,V-Dem,
GBR,1858,1820-1913,cinc,0.2895613,COW,
GBR,1859,1820-1913,pop,28660.0,Maddison,
GBR,1859,1820-1913,gdppc,5031.0,Maddison,
GBR,1859,1820-1913,v2x_libdem,0.296,V-Dem,
GBR,1859,1820-1913,v2x_polyarchy,0.321,V-Dem,
GBR,1859,1820-1913,cinc,0.29049847,COW,
GBR,1860,1820-1913,pop,28888.0,Maddison,
GBR,1860,1820-1913,gdppc,5086.0,Maddison,
GBR,1860,1820-1913,v2x_libdem,0.293,V-Dem,
GBR,1860,1820-1913,v2x_polyarchy,0.316,V-Dem,
GBR,1860,1820-1913,cinc,0.27644563,COW,
GBR,1861,1820-1913,pop,29128.0,Maddison,
GBR,1861,1820-1913,gdppc,5024.0,Maddison,
GBR,1861,1820-1913,v2x_libdem,0.298,V-Dem,
GBR,1861,1820-1913,v2x_polyarchy,0.316,V-Dem,
GBR,1861,1820-1913,cinc,0.25838923,COW,
GBR,1862,1820-1913,pop,29401.0,Maddison,
GBR,1862,1820-1913,gdppc,4764.0,Maddison,
GBR,1862,1820-1913,v2x_libdem,0.298,V-Dem,
GBR,1862,1820-1913,v2x_polyarchy,0.316,V-Dem,
GBR,1862,1820-1913,cinc,0.25059426,COW,
GBR,1863,1820-1913,pop,29630.0,Maddison,
GBR,1863,1820-1913,gdppc,5165.0,Maddison,
GBR,1863,1820-1913,v2x_libdem,0.298,V-Dem,
GBR,1863,1820-1913,v2x_polyarchy,0.316,V-Dem,
GBR,1863,1820-1913,cinc,0.25099146,COW,
GBR,1864,1820-1913,pop,29842.0,Maddison,
GBR,1864,1820-1913,gdppc,5255.0,Maddison,
GBR,1864,1820-1913,v2x_libdem,0.298,V-Dem,
GBR,1864,1820-1913,v2x_polyarchy,0.316,V-Dem,
GBR,1864,1820-1913,cinc,0.24339506,COW,
GBR,1865,1820-1913,pop,30089.0,Maddison,
GBR,1865,1820-1913,gdppc,5333.0,Maddison,
GBR,1865,1820-1913,v2x_libdem,0.305,V-Dem,
GBR,1865,1820-1913,v2x_polyarchy,0.327,V-Dem,
GBR,1865,1820-1913,cinc,0.25641209,COW,
GBR,1866,1820-1913,pop,30315.0,Maddison,
GBR,1866,1820-1913,gdppc,5451.0,Maddison,
GBR,1866,1820-1913,v2x_libdem,0.305,V-Dem,
GBR,1866,1820-1913,v2x_polyarchy,0.327,V-Dem,
GBR,1866,1820-1913,cinc,0.2482816,COW,
GBR,1867,1820-1913,pop,30572.0,Maddison,
GBR,1867,1820-1913,gdppc,5424.0,Maddison,
GBR,1867,1820-1913,v2x_libdem,0.314,V-Dem,
GBR,1867,1820-1913,v2x_polyarchy,0.345,V-Dem,
GBR,1867,1820-1913,cinc,0.25313851,COW,
GBR,1868,1820-1913,pop,30845.0,Maddison,
GBR,1868,1820-1913,gdppc,5636.0,Maddison,
GBR,1868,1820-1913,v2x_libdem,0.318,V-Dem,
GBR,1868,1820-1913,v2x_polyarchy,0.348,V-Dem,
GBR,1868,1820-1913,cinc,0.25310051,COW,
GBR,1869,1820-1913,pop,31127.0,Maddison,
GBR,1869,1820-1913,gdppc,5635.0,Maddison,
GBR,1869,1820-1913,v2x_libdem,0.314,V-Dem,
GBR,1869,1820-1913,v2x_polyarchy,0.345,V-Dem,
GBR,1869,1820-1913,cinc,0.24635541,COW,
GBR,1870,1820-1913,pop,31400.0,Maddison,
GBR,1870,1820-1913,gdppc,5829.0,Maddison,
GBR,1870,1820-1913,v2x_libdem,0.318,V-Dem,
GBR,1870,1820-1913,v2x_polyarchy,0.345,V-Dem,
GBR,1870,1820-1913,cinc,0.24163413,COW,
GBR,1871,1820-1913,pop,31685.0,Maddison,
GBR,1871,1820-1913,gdppc,5797.0,Maddison,
GBR,1871,1820-1913,v2x_libdem,0.319,V-Dem,
GBR,1871,1820-1913,v2x_polyarchy,0.345,V-Dem,
GBR,1871,1820-1913,cinc,0.24156334,COW,
GBR,1872,1820-1913,pop,31874.0,Maddison,
GBR,1872,1820-1913,gdppc,5769.0,Maddison,
GBR,1872,1820-1913,v2x_libdem,0.319,V-Dem,
GBR,1872,1820-1913,v2x_polyarchy,0.345,V-Dem,
GBR,1872,1820-1913,cinc,0.23775452,COW,
GBR,1873,1820-1913,pop,32177.0,Maddison,
GBR,1873,1820-1913,gdppc,5842.0,Maddison,
GBR,1873,1820-1913,v2x_libdem,0.321,V-Dem,
GBR,1873,1820-1913,v2x_polyarchy,0.35,V-Dem,
GBR,1873,1820-1913,cinc,0.2324554,COW,
GBR,1874,1820-1913,pop,32501.0,Maddison,
GBR,1874,1820-1913,gdppc,5874.0,Maddison,
GBR,1874,1820-1913,v2x_libdem,0.33,V-Dem,
GBR,1874,1820-1913,v2x_polyarchy,0.365,V-Dem,
GBR,1874,1820-1913,cinc,0.23162983,COW,
GBR,1875,1820-1913,pop,32839.0,Maddison,
GBR,1875,1820-1913,gdppc,5950.0,Maddison,
GBR,1875,1820-1913,v2x_libdem,0.328,V-Dem,
GBR,1875,1820-1913,v2x_polyarchy,0.36,V-Dem,
GBR,1875,1820-1913,cinc,0.23551512,COW,
GBR,1876,1820-1913,pop,33200.0,Maddison,
GBR,1876,1820-1913,gdppc,5938.0,Maddison,
GBR,1876,1820-1913,v2x_libdem,0.328,V-Dem,
GBR,1876,1820-1913,v2x_polyarchy,0.36,V-Dem,
GBR,1876,1820-1913,cinc,0.23495723,COW,
GBR,1877,1820-1913,pop,33576.0,Maddison,
GBR,1877,1820-1913,gdppc,5923.0,Maddison,
GBR,1877,1820-1913,v2x_libdem,0.328,V-Dem,
GBR,1877,1820-1913,v2x_polyarchy,0.36,V-Dem,
GBR,1877,1820-1913,cinc,0.23322026,COW,
GBR,1878,1820-1913,pop,33932.0,Maddison,
GBR,1878,1820-1913,gdppc,5879.0,Maddison,
GBR,1878,1820-1913,v2x_libdem,0.328,V-Dem,
GBR,1878,1820-1913,v2x_polyarchy,0.36,V-Dem,
GBR,1878,1820-1913,cinc,0.2282531,COW,
GBR,1879,1820-1913,pop,34304.0,Maddison,
GBR,1879,1820-1913,gdppc,5786.0,Maddison,
GBR,1879,1820-1913,v2x_libdem,0.328,V-Dem,
GBR,1879,1820-1913,v2x_polyarchy,0.36,V-Dem,
GBR,1879,1820-1913,cinc,0.22366062,COW,
GBR,1880,1820-1913,pop,34623.0,Maddison,
GBR,1880,1820-1913,gdppc,5997.0,Maddison,
GBR,1880,1820-1913,v2x_libdem,0.339,V-Dem,
GBR,1880,1820-1913,v2x_polyarchy,0.373,V-Dem,
GBR,1880,1820-1913,cinc,0.21847081,COW,
GBR,1881,1820-1913,pop,34935.0,Maddison,
GBR,1881,1820-1913,gdppc,6146.0,Maddison,
GBR,1881,1820-1913,v2x_libdem,0.339,V-Dem,
GBR,1881,1820-1913,v2x_polyarchy,0.375,V-Dem,
GBR,1881,1820-1913,cinc,0.21647711,COW,
GBR,1882,1820-1913,pop,35206.0,Maddison,
GBR,1882,1820-1913,gdppc,6269.0,Maddison,
GBR,1882,1820-1913,v2x_libdem,0.339,V-Dem,
GBR,1882,1820-1913,v2x_polyarchy,0.375,V-Dem,
GBR,1882,1820-1913,cinc,0.21167623,COW,
GBR,1883,1820-1913,pop,35450.0,Maddison,
GBR,1883,1820-1913,gdppc,6264.0,Maddison,
GBR,1883,1820-1913,v2x_libdem,0.348,V-Dem,
GBR,1883,1820-1913,v2x_polyarchy,0.375,V-Dem,
GBR,1883,1820-1913,cinc,0.21137862,COW,
GBR,1884,1820-1913,pop,35724.0,Maddison,
GBR,1884,1820-1913,gdppc,6220.0,Maddison,
GBR,1884,1820-1913,v2x_libdem,0.368,V-Dem,
GBR,1884,1820-1913,v2x_polyarchy,0.409,V-Dem,
GBR,1884,1820-1913,cinc,0.20805319,COW,
GBR,1885,1820-1913,pop,36015.0,Maddison,
GBR,1885,1820-1913,gdppc,6132.0,Maddison,
GBR,1885,1820-1913,v2x_libdem,0.37,V-Dem,
GBR,1885,1820-1913,v2x_polyarchy,0.413,V-Dem,
GBR,1885,1820-1913,cinc,0.21573649,COW,
GBR,1886,1820-1913,pop,36313.0,Maddison,
GBR,1886,1820-1913,gdppc,6170.0,Maddison,
GBR,1886,1820-1913,v2x_libdem,0.386,V-Dem,
GBR,1886,1820-1913,v2x_polyarchy,0.437,V-Dem,
GBR,1886,1820-1913,cinc,0.20053303,COW,
GBR,1887,1820-1913,pop,36598.0,Maddison,
GBR,1887,1820-1913,gdppc,6358.0,Maddison,
GBR,1887,1820-1913,v2x_libdem,0.388,V-Dem,
GBR,1887,1820-1913,v2x_polyarchy,0.442,V-Dem,
GBR,1887,1820-1913,cinc,0.19465719,COW,
GBR,1888,1820-1913,pop,36881.0,Maddison,
GBR,1888,1820-1913,gdppc,6585.0,Maddison,
GBR,1888,1820-1913,v2x_libdem,0.388,V-Dem,
GBR,1888,1820-1913,v2x_polyarchy,0.442,V-Dem,
GBR,1888,1820-1913,cinc,0.18865056,COW,
GBR,1889,1820-1913,pop,37178.0,Maddison,
GBR,1889,1820-1913,gdppc,6876.0,Maddison,
GBR,1889,1820-1913,v2x_libdem,0.388,V-Dem,
GBR,1889,1820-1913,v2x_polyarchy,0.442,V-Dem,
GBR,1889,1820-1913,cinc,0.18929829,COW,
GBR,1890,1820-1913,pop,37485.0,Maddison,
GBR,1890,1820-1913,gdppc,6845.0,Maddison,
GBR,1890,1820-1913,v2x_libdem,0.388,V-Dem,
GBR,1890,1820-1913,v2x_polyarchy,0.442,V-Dem,
GBR,1890,1820-1913,cinc,0.17947489,COW,
GBR,1891,1820-1913,pop,37802.0,Maddison,
GBR,1891,1820-1913,gdppc,6781.0,Maddison,
GBR,1891,1820-1913,v2x_libdem,0.388,V-Dem,
GBR,1891,1820-1913,v2x_polyarchy,0.442,V-Dem,
GBR,1891,1820-1913,cinc,0.17837462,COW,
GBR,1892,1820-1913,pop,38134.0,Maddison,
GBR,1892,1820-1913,gdppc,6553.0,Maddison,
GBR,1892,1820-1913,v2x_libdem,0.393,V-Dem,
GBR,1892,1820-1913,v2x_polyarchy,0.448,V-Dem,
GBR,1892,1820-1913,cinc,0.17299923,COW,
GBR,1893,1820-1913,pop,38490.0,Maddison,
GBR,1893,1820-1913,gdppc,6486.0,Maddison,
GBR,1893,1820-1913,v2x_libdem,0.402,V-Dem,
GBR,1893,1820-1913,v2x_polyarchy,0.464,V-Dem,
GBR,1893,1820-1913,cinc,0.17039311,COW,
GBR,1894,1820-1913,pop,38859.0,Maddison,
GBR,1894,1820-1913,gdppc,6851.0,Maddison,
GBR,1894,1820-1913,v2x_libdem,0.402,V-Dem,
GBR,1894,1820-1913,v2x_polyarchy,0.464,V-Dem,
GBR,1894,1820-1913,cinc,0.17792574,COW,
GBR,1895,1820-1913,pop,39221.0,Maddison,
GBR,1895,1820-1913,gdppc,6996.0,Maddison,
GBR,1895,1820-1913,v2x_libdem,0.399,V-Dem,
GBR,1895,1820-1913,v2x_polyarchy,0.459,V-Dem,
GBR,1895,1820-1913,cinc,0.17192414,COW,
GBR,1896,1820-1913,pop,39599.0,Maddison,
GBR,1896,1820-1913,gdppc,7211.0,Maddison,
GBR,1896,1820-1913,v2x_libdem,0.402,V-Dem,
GBR,1896,1820-1913,v2x_polyarchy,0.463,V-Dem,
GBR,1896,1820-1913,cinc,0.17365743,COW,
GBR,1897,1820-1913,pop,39987.0,Maddison,
GBR,1897,1820-1913,gdppc,7229.0,Maddison,
GBR,1897,1820-1913,v2x_libdem,0.402,V-Dem,
GBR,1897,1820-1913,v2x_polyarchy,0.463,V-Dem,
GBR,1897,1820-1913,cinc,0.16582127,COW,
GBR,1898,1820-1913,pop,40381.0,Maddison,
GBR,1898,1820-1913,gdppc,7500.0,Maddison,
GBR,1898,1820-1913,v2x_libdem,0.405,V-Dem,
GBR,1898,1820-1913,v2x_polyarchy,0.466,V-Dem,
GBR,1898,1820-1913,cinc,0.15743132,COW,
GBR,1899,1820-1913,pop,40773.0,Maddison,
GBR,1899,1820-1913,gdppc,7729.0,Maddison,
GBR,1899,1820-1913,v2x_libdem,0.405,V-Dem,
GBR,1899,1820-1913,v2x_polyarchy,0.466,V-Dem,
GBR,1899,1820-1913,cinc,0.16864486,COW,
GBR,1900,1820-1913,pop,41155.0,Maddison,
GBR,1900,1820-1913,gdppc,7594.0,Maddison,
GBR,1900,1820-1913,v2x_libdem,0.412,V-Dem,
GBR,1900,1820-1913,v2x_polyarchy,0.471,V-Dem,
GBR,1900,1820-1913,cinc,0.17752758,COW,
GBR,1901,1820-1913,pop,41538.0,Maddison,
GBR,1901,1820-1913,gdppc,7516.0,Maddison,
GBR,1901,1820-1913,v2x_libdem,0.416,V-Dem,
GBR,1901,1820-1913,v2x_polyarchy,0.477,V-Dem,
GBR,1901,1820-1913,cinc,0.17421079,COW,
GBR,1902,1820-1913,pop,41893.0,Maddison,
GBR,1902,1820-1913,gdppc,7635.0,Maddison,
GBR,1902,1820-1913,v2x_libdem,0.416,V-Dem,
GBR,1902,1820-1913,v2x_polyarchy,0.477,V-Dem,
GBR,1902,1820-1913,cinc,0.16125357,COW,
GBR,1903,1820-1913,pop,42246.0,Maddison,
GBR,1903,1820-1913,gdppc,7482.0,Maddison,
GBR,1903,1820-1913,v2x_libdem,0.416,V-Dem,
GBR,1903,1820-1913,v2x_polyarchy,0.477,V-Dem,
GBR,1903,1820-1913,cinc,0.14297678,COW,
GBR,1904,1820-1913,pop,42611.0,Maddison,
GBR,1904,1820-1913,gdppc,7455.0,Maddison,
GBR,1904,1820-1913,v2x_libdem,0.416,V-Dem,
GBR,1904,1820-1913,v2x_polyarchy,0.477,V-Dem,
GBR,1904,1820-1913,cinc,0.13484053,COW,
GBR,1905,1820-1913,pop,42981.0,Maddison,
GBR,1905,1820-1913,gdppc,7603.0,Maddison,
GBR,1905,1820-1913,v2x_libdem,0.416,V-Dem,
GBR,1905,1820-1913,v2x_polyarchy,0.477,V-Dem,
GBR,1905,1820-1913,cinc,0.12066734,COW,
GBR,1906,1820-1913,pop,43361.0,Maddison,
GBR,1906,1820-1913,gdppc,7782.0,Maddison,
GBR,1906,1820-1913,v2x_libdem,0.415,V-Dem,
GBR,1906,1820-1913,v2x_polyarchy,0.477,V-Dem,
GBR,1906,1820-1913,cinc,0.12337847,COW,
GBR,1907,1820-1913,pop,43737.0,Maddison,
GBR,1907,1820-1913,gdppc,7855.0,Maddison,
GBR,1907,1820-1913,v2x_libdem,0.415,V-Dem,
GBR,1907,1820-1913,v2x_polyarchy,0.477,V-Dem,
GBR,1907,1820-1913,cinc,0.12187503,COW,
GBR,1908,1820-1913,pop,44124.0,Maddison,
GBR,1908,1820-1913,gdppc,7461.0,Maddison,
GBR,1908,1820-1913,v2x_libdem,0.415,V-Dem,
GBR,1908,1820-1913,v2x_polyarchy,0.477,V-Dem,
GBR,1908,1820-1913,cinc,0.12142919,COW,
GBR,1909,1820-1913,pop,44520.0,Maddison,
GBR,1909,1820-1913,gdppc,7557.0,Maddison,
GBR,1909,1820-1913,v2x_libdem,0.415,V-Dem,
GBR,1909,1820-1913,v2x_polyarchy,0.477,V-Dem,
GBR,1909,1820-1913,cinc,0.11707886,COW,
GBR,1910,1820-1913,pop,44916.0,Maddison,
GBR,1910,1820-1913,gdppc,7718.0,Maddison,
GBR,1910,1820-1913,v2x_libdem,0.416,V-Dem,
GBR,1910,1820-1913,v2x_polyarchy,0.477,V-Dem,
GBR,1910,1820-1913,cinc,0.11631605,COW,
GBR,1911,1820-1913,pop,45268.0,Maddison,
GBR,1911,1820-1913,gdppc,7874.0,Maddison,
GBR,1911,1820-1913,v2x_libdem,0.417,V-Dem,
GBR,1911,1820-1913,v2x_polyarchy,0.477,V-Dem,
GBR,1911,1820-1913,cinc,0.11844888,COW,
GBR,1912,1820-1913,pop,45426.0,Maddison,
GBR,1912,1820-1913,gdppc,7954.0,Maddison,
GBR,1912,1820-1913,v2x_libdem,0.417,V-Dem,
GBR,1912,1820-1913,v2x_polyarchy,0.477,V-Dem,
GBR,1912,1820-1913,cinc,0.11680599,COW,
GBR,1913,1820-1913,pop,45649.0,Maddison,
GBR,1913,1820-1913,gdppc,8212.0,Maddison,
GBR,1913,1820-1913,v2x_libdem,0.417,V-Dem,
GBR,1913,1820-1913,v2x_polyarchy,0.477,V-Dem,
GBR,1913,1820-1913,cinc,0.11274751,COW,
GBR,1945,1945-2020,pop,49182.0,Maddison,
GBR,1945,1945-2020,gdppc,11247.0,Maddison,
GBR,1945,1945-2020,v2x_libdem,0.596,V-Dem,
GBR,1945,1945-2020,v2x_polyarchy,0.709,V-Dem,
GBR,1945,1945-2020,cinc,0.087990418,COW,
GBR,1946,1945-2020,pop,49217.0,Maddison,
GBR,1946,1945-2020,gdppc,10751.0,Maddison,
GBR,1946,1945-2020,v2x_libdem,0.679,V-Dem,
GBR,1946,1945-2020,v2x_polyarchy,0.784,V-Dem,
GBR,1946,1945-2020,cinc,0.11617274,COW,
GBR,1947,1945-2020,pop,49519.0,Maddison,
GBR,1947,1945-2020,gdppc,10527.0,Maddison,
GBR,1947,1945-2020,v2x_libdem,0.682,V-Dem,
GBR,1947,1945-2020,v2x_polyarchy,0.791,V-Dem,
GBR,1947,1945-2020,cinc,0.091218181,COW,
GBR,1948,1945-2020,pop,50014.0,Maddison,
GBR,1948,1945-2020,gdppc,10753.0,Maddison,
GBR,1948,1945-2020,v2x_libdem,0.682,V-Dem,
GBR,1948,1945-2020,v2x_polyarchy,0.791,V-Dem,
GBR,1948,1945-2020,cinc,0.075426005,COW,
GBR,1949,1945-2020,pop,50312.0,Maddison,
GBR,1949,1945-2020,gdppc,11088.0,Maddison,
GBR,1949,1945-2020,v2x_libdem,0.682,V-Dem,
GBR,1949,1945-2020,v2x_polyarchy,0.791,V-Dem,
GBR,1949,1945-2020,cinc,0.070787571,COW,
GBR,1950,1945-2020,pop,50127.0,Maddison,
GBR,1950,1945-2020,gdppc,11061.0,Maddison,
GBR,1950,1945-2020,v2x_libdem,0.699,V-Dem,
GBR,1950,1945-2020,v2x_polyarchy,0.811,V-Dem,
GBR,1950,1945-2020,cinc,0.061348703,COW,
GBR,1951,1945-2020,pop,50290.0,Maddison,
GBR,1951,1945-2020,gdppc,11354.0,Maddison,
GBR,1951,1945-2020,v2x_libdem,0.699,V-Dem,
GBR,1951,1945-2020,v2x_polyarchy,0.81,V-Dem,
GBR,1951,1945-2020,cinc,0.058534522,COW,
GBR,1952,1945-2020,pop,50430.0,Maddison,
GBR,1952,1945-2020,gdppc,11303.0,Maddison,
GBR,1952,1945-2020,v2x_libdem,0.698,V-Dem,
GBR,1952,1945-2020,v2x_polyarchy,0.808,V-Dem,
GBR,1952,1945-2020,cinc,0.057508342,COW,
GBR,1953,1945-2020,pop,50593.0,Maddison,
GBR,1953,1945-2020,gdppc,11709.0,Maddison,
GBR,1953,1945-2020,v2x_libdem,0.698,V-Dem,
GBR,1953,1945-2020,v2x_polyarchy,0.808,V-Dem,
GBR,1953,1945-2020,cinc,0.0560323,COW,
GBR,1954,1945-2020,pop,50765.0,Maddison,
GBR,1954,1945-2020,gdppc,12145.0,Maddison,
GBR,1954,1945-2020,v2x_libdem,0.698,V-Dem,
GBR,1954,1945-2020,v2x_polyarchy,0.808,V-Dem,
GBR,1954,1945-2020,cinc,0.056514081,COW,
GBR,1955,1945-2020,pop,50946.0,Maddison,
GBR,1955,1945-2020,gdppc,12541.0,Maddison,
GBR,1955,1945-2020,v2x_libdem,0.695,V-Dem,
GBR,1955,1945-2020,v2x_polyarchy,0.804,V-Dem,
GBR,1955,1945-2020,cinc,0.050592918,COW,
GBR,1956,1945-2020,pop,51184.0,Maddison,
GBR,1956,1945-2020,gdppc,12639.0,Maddison,
GBR,1956,1945-2020,v2x_libdem,0.693,V-Dem,
GBR,1956,1945-2020,v2x_polyarchy,0.802,V-Dem,
GBR,1956,1945-2020,cinc,0.049223699,COW,
GBR,1957,1945-2020,pop,51430.0,Maddison,
GBR,1957,1945-2020,gdppc,12779.0,Maddison,
GBR,1957,1945-2020,v2x_libdem,0.693,V-Dem,
GBR,1957,1945-2020,v2x_polyarchy,0.802,V-Dem,
GBR,1957,1945-2020,cinc,0.04731892,COW,
GBR,1958,1945-2020,pop,51652.0,Maddison,
GBR,1958,1945-2020,gdppc,12698.0,Maddison,
GBR,1958,1945-2020,v2x_libdem,0.693,V-Dem,
GBR,1958,1945-2020,v2x_polyarchy,0.802,V-Dem,
GBR,1958,1945-2020,cinc,0.045203067,COW,
GBR,1959,1945-2020,pop,51956.0,Maddison,
GBR,1959,1945-2020,gdppc,13134.0,Maddison,
GBR,1959,1945-2020,v2x_libdem,0.694,V-Dem,
GBR,1959,1945-2020,v2x_polyarchy,0.803,V-Dem,
GBR,1959,1945-2020,cinc,0.042031895,COW,
GBR,1960,1945-2020,pop,52372.0,Maddison,
GBR,1960,1945-2020,gdppc,13780.0,Maddison,
GBR,1960,1945-2020,v2x_libdem,0.698,V-Dem,
GBR,1960,1945-2020,v2x_polyarchy,0.808,V-Dem,
GBR,1960,1945-2020,cinc,0.042334341,COW,
GBR,1961,1945-2020,pop,52807.0,Maddison,
GBR,1961,1945-2020,gdppc,14118.0,Maddison,
GBR,1961,1945-2020,v2x_libdem,0.699,V-Dem,
GBR,1961,1945-2020,v2x_polyarchy,0.808,V-Dem,
GBR,1961,1945-2020,cinc,0.040090885,COW,
GBR,1962,1945-2020,pop,53292.0,Maddison,
GBR,1962,1945-2020,gdppc,14131.0,Maddison,
GBR,1962,1945-2020,v2x_libdem,0.699,V-Dem,
GBR,1962,1945-2020,v2x_polyarchy,0.808,V-Dem,
GBR,1962,1945-2020,cinc,0.037689179,COW,
GBR,1963,1945-2020,pop,53625.0,Maddison,
GBR,1963,1945-2020,gdppc,14583.0,Maddison,
GBR,1963,1945-2020,v2x_libdem,0.699,V-Dem,
GBR,1963,1945-2020,v2x_polyarchy,0.808,V-Dem,
GBR,1963,1945-2020,cinc,0.037132248,COW,
GBR,1964,1945-2020,pop,53991.0,Maddison,
GBR,1964,1945-2020,gdppc,15251.0,Maddison,
GBR,1964,1945-2020,v2x_libdem,0.714,V-Dem,
GBR,1964,1945-2020,v2x_polyarchy,0.81,V-Dem,
GBR,1964,1945-2020,cinc,0.036883671,COW,
GBR,1965,1945-2020,pop,54350.0,Maddison,
GBR,1965,1945-2020,gdppc,15545.0,Maddison,
GBR,1965,1945-2020,v2x_libdem,0.729,V-Dem,
GBR,1965,1945-2020,v2x_polyarchy,0.825,V-Dem,
GBR,1965,1945-2020,cinc,0.037077088,COW,
GBR,1966,1945-2020,pop,54643.0,Maddison,
GBR,1966,1945-2020,gdppc,15757.0,Maddison,
GBR,1966,1945-2020,v2x_libdem,0.728,V-Dem,
GBR,1966,1945-2020,v2x_polyarchy,0.824,V-Dem,
GBR,1966,1945-2020,cinc,0.035364255,COW,
GBR,1967,1945-2020,pop,54959.0,Maddison,
GBR,1967,1945-2020,gdppc,16018.0,Maddison,
GBR,1967,1945-2020,v2x_libdem,0.731,V-Dem,
GBR,1967,1945-2020,v2x_polyarchy,0.829,V-Dem,
GBR,1967,1945-2020,cinc,0.032703549,COW,
GBR,1968,1945-2020,pop,55214.0,Maddison,
GBR,1968,1945-2020,gdppc,16593.0,Maddison,
GBR,1968,1945-2020,v2x_libdem,0.721,V-Dem,
GBR,1968,1945-2020,v2x_polyarchy,0.819,V-Dem,
GBR,1968,1945-2020,cinc,0.03224675,COW,
GBR,1969,1945-2020,pop,55461.0,Maddison,
GBR,1969,1945-2020,gdppc,16820.0,Maddison,
GBR,1969,1945-2020,v2x_libdem,0.722,V-Dem,
GBR,1969,1945-2020,v2x_polyarchy,0.819,V-Dem,
GBR,1969,1945-2020,cinc,0.030919744,COW,
GBR,1970,1945-2020,pop,55632.0,Maddison,
GBR,1970,1945-2020,gdppc,17162.0,Maddison,
GBR,1970,1945-2020,v2x_libdem,0.729,V-Dem,
GBR,1970,1945-2020,v2x_polyarchy,0.823,V-Dem,
GBR,1970,1945-2020,cinc,0.030100347,COW,
GBR,1971,1945-2020,pop,55907.0,Maddison,
GBR,1971,1945-2020,gdppc,17440.0,Maddison,
GBR,1971,1945-2020,v2x_libdem,0.734,V-Dem,
GBR,1971,1945-2020,v2x_polyarchy,0.822,V-Dem,
GBR,1971,1945-2020,cinc,0.029027199,COW,
GBR,1972,1945-2020,pop,56079.0,Maddison,
GBR,1972,1945-2020,gdppc,18002.0,Maddison,
GBR,1972,1945-2020,v2x_libdem,0.734,V-Dem,
GBR,1972,1945-2020,v2x_polyarchy,0.822,V-Dem,
GBR,1972,1945-2020,cinc,0.028456321,COW,
GBR,1973,1945-2020,pop,56210.0,Maddison,
GBR,1973,1945-2020,gdppc,19168.0,Maddison,
GBR,1973,1945-2020,v2x_libdem,0.734,V-Dem,
GBR,1973,1945-2020,v2x_polyarchy,0.822,V-Dem,
GBR,1973,1945-2020,cinc,0.0276301,COW,
GBR,1974,1945-2020,pop,56224.0,Maddison,
GBR,1974,1945-2020,gdppc,18903.0,Maddison,
GBR,1974,1945-2020,v2x_libdem,0.741,V-Dem,
GBR,1974,1945-2020,v2x_polyarchy,0.824,V-Dem,
GBR,1974,1945-2020,cinc,0.028552137,COW,
GBR,1975,1945-2020,pop,56215.0,Maddison,
GBR,1975,1945-2020,gdppc,18884.0,Maddison,
GBR,1975,1945-2020,v2x_libdem,0.742,V-Dem,
GBR,1975,1945-2020,v2x_polyarchy,0.825,V-Dem,
GBR,1975,1945-2020,cinc,0.028055243,COW,
GBR,1976,1945-2020,pop,56206.0,Maddison,
GBR,1976,1945-2020,gdppc,19311.0,Maddison,
GBR,1976,1945-2020,v2x_libdem,0.742,V-Dem,
GBR,1976,1945-2020,v2x_polyarchy,0.825,V-Dem,
GBR,1976,1945-2020,cinc,0.027410002,COW,
GBR,1977,1945-2020,pop,56179.0,Maddison,
GBR,1977,1945-2020,gdppc,19740.0,Maddison,
GBR,1977,1945-2020,v2x_libdem,0.742,V-Dem,
GBR,1977,1945-2020,v2x_polyarchy,0.825,V-Dem,
GBR,1977,1945-2020,cinc,0.026294015,COW,
GBR,1978,1945-2020,pop,56167.0,Maddison,
GBR,1978,1945-2020,gdppc,20448.0,Maddison,
GBR,1978,1945-2020,v2x_libdem,0.742,V-Dem,
GBR,1978,1945-2020,v2x_polyarchy,0.825,V-Dem,
GBR,1978,1945-2020,cinc,0.026024332,COW,
GBR,1979,1945-2020,pop,56228.0,Maddison,
GBR,1979,1945-2020,gdppc,20988.0,Maddison,
GBR,1979,1945-2020,v2x_libdem,0.732,V-Dem,
GBR,1979,1945-2020,v2x_polyarchy,0.821,V-Dem,
GBR,1979,1945-2020,cinc,0.026726052,COW,
GBR,1980,1945-2020,pop,56314.0,Maddison,
GBR,1980,1945-2020,gdppc,20612.0,Maddison,
GBR,1980,1945-2020,v2x_libdem,0.719,V-Dem,
GBR,1980,1945-2020,v2x_polyarchy,0.805,V-Dem,
GBR,1980,1945-2020,cinc,0.025267087,COW,
GBR,1981,1945-2020,pop,56382.597,Maddison,
GBR,1981,1945-2020,gdppc,20319.0,Maddison,
GBR,1981,1945-2020,v2x_libdem,0.726,V-Dem,
GBR,1981,1945-2020,v2x_polyarchy,0.805,V-Dem,
GBR,1981,1945-2020,cinc,0.025179429,COW,
GBR,1982,1945-2020,pop,56339.704,Maddison,
GBR,1982,1945-2020,gdppc,20650.0,Maddison,
GBR,1982,1945-2020,v2x_libdem,0.726,V-Dem,
GBR,1982,1945-2020,v2x_polyarchy,0.805,V-Dem,
GBR,1982,1945-2020,cinc,0.023727851,COW,
GBR,1983,1945-2020,pop,56382.623,Maddison,
GBR,1983,1945-2020,gdppc,21366.0,Maddison,
GBR,1983,1945-2020,v2x_libdem,0.724,V-Dem,
GBR,1983,1945-2020,v2x_polyarchy,0.803,V-Dem,
GBR,1983,1945-2020,cinc,0.023615718,COW,
GBR,1984,1945-2020,pop,56462.228,Maddison,
GBR,1984,1945-2020,gdppc,21869.0,Maddison,
GBR,1984,1945-2020,v2x_libdem,0.723,V-Dem,
GBR,1984,1945-2020,v2x_polyarchy,0.802,V-Dem,
GBR,1984,1945-2020,cinc,0.022145307,COW,
GBR,1985,1945-2020,pop,56620.24,Maddison,
GBR,1985,1945-2020,gdppc,22579.0,Maddison,
GBR,1985,1945-2020,v2x_libdem,0.723,V-Dem,
GBR,1985,1945-2020,v2x_polyarchy,0.802,V-Dem,
GBR,1985,1945-2020,cinc,0.022880143,COW,
GBR,1986,1945-2020,pop,56796.26,Maddison,
GBR,1986,1945-2020,gdppc,23498.0,Maddison,
GBR,1986,1945-2020,v2x_libdem,0.723,V-Dem,
GBR,1986,1945-2020,v2x_polyarchy,0.802,V-Dem,
GBR,1986,1945-2020,cinc,0.023358725,COW,
GBR,1987,1945-2020,pop,56981.62,Maddison,
GBR,1987,1945-2020,gdppc,24536.0,Maddison,
GBR,1987,1945-2020,v2x_libdem,0.724,V-Dem,
GBR,1987,1945-2020,v2x_polyarchy,0.803,V-Dem,
GBR,1987,1945-2020,cinc,0.024666317,COW,
GBR,1988,1945-2020,pop,57159.603,Maddison,
GBR,1988,1945-2020,gdppc,25679.0,Maddison,
GBR,1988,1945-2020,v2x_libdem,0.726,V-Dem,
GBR,1988,1945-2020,v2x_polyarchy,0.804,V-Dem,
GBR,1988,1945-2020,cinc,0.024329383,COW,
GBR,1989,1945-2020,pop,57324.472,Maddison,
GBR,1989,1945-2020,gdppc,26164.0,Maddison,
GBR,1989,1945-2020,v2x_libdem,0.726,V-Dem,
GBR,1989,1945-2020,v2x_polyarchy,0.804,V-Dem,
GBR,1989,1945-2020,cinc,0.025360327,COW,
GBR,1990,1945-2020,pop,57493.307,Maddison,
GBR,1990,1945-2020,gdppc,26189.0,Maddison,
GBR,1990,1945-2020,v2x_libdem,0.742,V-Dem,
GBR,1990,1945-2020,v2x_polyarchy,0.816,V-Dem,
GBR,1990,1945-2020,cinc,0.02515359,COW,
GBR,1991,1945-2020,pop,57695.2,Maddison,
GBR,1991,1945-2020,gdppc,25792.012779108438,Maddison,
GBR,1991,1945-2020,v2x_libdem,0.742,V-Dem,
GBR,1991,1945-2020,v2x_polyarchy,0.816,V-Dem,
GBR,1991,1945-2020,cinc,0.026299302,COW,
GBR,1992,1945-2020,pop,57841.85,Maddison,
GBR,1992,1945-2020,gdppc,25790.184687995672,Maddison,
GBR,1992,1945-2020,v2x_libdem,0.742,V-Dem,
GBR,1992,1945-2020,v2x_polyarchy,0.815,V-Dem,
GBR,1992,1945-2020,cinc,0.027364021,COW,
GBR,1993,1945-2020,pop,57971.43,Maddison,
GBR,1993,1945-2020,gdppc,26349.341965887485,Maddison,
GBR,1993,1945-2020,v2x_libdem,0.747,V-Dem,
GBR,1993,1945-2020,v2x_polyarchy,0.814,V-Dem,
GBR,1993,1945-2020,cinc,0.025521658,COW,
GBR,1994,1945-2020,pop,58120.09,Maddison,
GBR,1994,1945-2020,gdppc,27277.542761025838,Maddison,
GBR,1994,1945-2020,v2x_libdem,0.751,V-Dem,
GBR,1994,1945-2020,v2x_polyarchy,0.814,V-Dem,
GBR,1994,1945-2020,cinc,0.024923373,COW,
GBR,1995,1945-2020,pop,58283.82,Maddison,
GBR,1995,1945-2020,gdppc,27861.21578257752,Maddison,
GBR,1995,1945-2020,v2x_libdem,0.751,V-Dem,
GBR,1995,1945-2020,v2x_polyarchy,0.814,V-Dem,
GBR,1995,1945-2020,cinc,0.023635319,COW,
GBR,1996,1945-2020,pop,58423.44,Maddison,
GBR,1996,1945-2020,gdppc,28472.248239067303,Maddison,
GBR,1996,1945-2020,v2x_libdem,0.751,V-Dem,
GBR,1996,1945-2020,v2x_polyarchy,0.814,V-Dem,
GBR,1996,1945-2020,cinc,0.02405473,COW,
GBR,1997,1945-2020,pop,58574.11,Maddison,
GBR,1997,1945-2020,gdppc,29259.763819527383,Maddison,
GBR,1997,1945-2020,v2x_libdem,0.746,V-Dem,
GBR,1997,1945-2020,v2x_polyarchy,0.811,V-Dem,
GBR,1997,1945-2020,cinc,0.023836318,COW,
GBR,1998,1945-2020,pop,58735.82,Maddison,
GBR,1998,1945-2020,gdppc,30077.38451998016,Maddison,
GBR,1998,1945-2020,v2x_libdem,0.749,V-Dem,
GBR,1998,1945-2020,v2x_polyarchy,0.814,V-Dem,
GBR,1998,1945-2020,cinc,0.024106532,COW,
GBR,1999,1945-2020,pop,58945.76,Maddison,
GBR,1999,1945-2020,gdppc,30932.53623756816,Maddison,
GBR,1999,1945-2020,v2x_libdem,0.77,V-Dem,
GBR,1999,1945-2020,v2x_polyarchy,0.835,V-Dem,
GBR,1999,1945-2020,cinc,0.023144318,COW,
GBR,2000,1945-2020,pop,59148.66,Maddison,
GBR,2000,1945-2020,gdppc,31946.036339441373,Maddison,
GBR,2000,1945-2020,v2x_libdem,0.785,V-Dem,
GBR,2000,1945-2020,v2x_polyarchy,0.848,V-Dem,
GBR,2000,1945-2020,cinc,0.022179939,COW,
GBR,2001,1945-2020,pop,59376.67,Maddison,
GBR,2001,1945-2020,gdppc,32660.441370022447,Maddison,
GBR,2001,1945-2020,v2x_libdem,0.792,V-Dem,
GBR,2001,1945-2020,v2x_polyarchy,0.856,V-Dem,
GBR,2001,1945-2020,cinc,0.02134474,COW,
GBR,2002,1945-2020,pop,59630.8,Maddison,
GBR,2002,1945-2020,gdppc,33271.302547788306,Maddison,
GBR,2002,1945-2020,v2x_libdem,0.793,V-Dem,
GBR,2002,1945-2020,v2x_polyarchy,0.857,V-Dem,
GBR,2002,1945-2020,cinc,0.01926473,COW,
GBR,2003,1945-2020,pop,59903.01,Maddison,
GBR,2003,1945-2020,gdppc,34232.42666000616,Maddison,
GBR,2003,1945-2020,v2x_libdem,0.793,V-Dem,
GBR,2003,1945-2020,v2x_polyarchy,0.857,V-Dem,
GBR,2003,1945-2020,cinc,0.01914165,COW,
GBR,2004,1945-2020,pop,60217.4,Maddison,
GBR,2004,1945-2020,gdppc,34865.78267808615,Maddison,
GBR,2004,1945-2020,v2x_libdem,0.793,V-Dem,
GBR,2004,1945-2020,v2x_polyarchy,0.857,V-Dem,
GBR,2004,1945-2020,cinc,0.01919131,COW,
GBR,2005,1945-2020,pop,60682.47,Maddison,
GBR,2005,1945-2020,gdppc,35623.6255859275,Maddison,
GBR,2005,1945-2020,v2x_libdem,0.8,V-Dem,
GBR,2005,1945-2020,v2x_polyarchy,0.863,V-Dem,
GBR,2005,1945-2020,cinc,0.019929947,COW,
GBR,2006,1945-2020,pop,61098.32,Maddison,
GBR,2006,1945-2020,gdppc,36214.06879467632,Maddison,
GBR,2006,1945-2020,v2x_libdem,0.807,V-Dem,
GBR,2006,1945-2020,v2x_polyarchy,0.87,V-Dem,
GBR,2006,1945-2020,cinc,0.019661628,COW,
GBR,2007,1945-2020,pop,61592.51,Maddison,
GBR,2007,1945-2020,gdppc,36816.677075128326,Maddison,
GBR,2007,1945-2020,v2x_libdem,0.807,V-Dem,
GBR,2007,1945-2020,v2x_polyarchy,0.87,V-Dem,
GBR,2007,1945-2020,cinc,0.018874692,COW,
GBR,2008,1945-2020,pop,62099.76,Maddison,
GBR,2008,1945-2020,gdppc,36264.790557788256,Maddison,
GBR,2008,1945-2020,v2x_libdem,0.807,V-Dem,
GBR,2008,1945-2020,v2x_polyarchy,0.87,V-Dem,
GBR,2008,1945-2020,cinc,0.017427566,COW,
GBR,2009,1945-2020,pop,62538.71,Maddison,
GBR,2009,1945-2020,gdppc,34402.357978781125,Maddison,
GBR,2009,1945-2020,v2x_libdem,0.807,V-Dem,
GBR,2009,1945-2020,v2x_polyarchy,0.87,V-Dem,
GBR,2009,1945-2020,cinc,0.016214643,COW,
GBR,2010,1945-2020,pop,63039.94,Maddison,
GBR,2010,1945-2020,gdppc,34754.472260543975,Maddison,
GBR,2010,1945-2020,v2x_libdem,0.802,V-Dem,
GBR,2010,1945-2020,v2x_polyarchy,0.866,V-Dem,
GBR,2010,1945-2020,cinc,0.01559524,COW,
GBR,2011,1945-2020,pop,63567.28,Maddison,
GBR,2011,1945-2020,gdppc,34971.0,Maddison,
GBR,2011,1945-2020,v2x_libdem,0.801,V-Dem,
GBR,2011,1945-2020,v2x_polyarchy,0.865,V-Dem,
GBR,2011,1945-2020,cinc,0.015217654,COW,
GBR,2012,1945-2020,pop,63989.15,Maddison,
GBR,2012,1945-2020,gdppc,35243.64214254814,Maddison,
GBR,2012,1945-2020,v2x_libdem,0.804,V-Dem,
GBR,2012,1945-2020,v2x_polyarchy,0.868,V-Dem,
GBR,2012,1945-2020,cinc,0.015242264,COW,
GBR,2013,1945-2020,pop,64391.94,Maddison,
GBR,2013,1945-2020,gdppc,35660.55716703867,Maddison,
GBR,2013,1945-2020,v2x_libdem,0.796,V-Dem,
GBR,2013,1945-2020,v2x_polyarchy,0.864,V-Dem,
GBR,2013,1945-2020,cinc,0.014700845,COW,
GBR,2014,1945-2020,pop,64885.13,Maddison,
GBR,2014,1945-2020,gdppc,36521.86116460704,Maddison,
GBR,2014,1945-2020,v2x_libdem,0.794,V-Dem,
GBR,2014,1945-2020,v2x_polyarchy,0.861,V-Dem,
GBR,2014,1945-2020,cinc,0.014876427,COW,
GBR,2015,1945-2020,pop,65400.42,Maddison,
GBR,2015,1945-2020,gdppc,37101.22493847404,Maddison,
GBR,2015,1945-2020,v2x_libdem,0.788,V-Dem,
GBR,2015,1945-2020,v2x_polyarchy,0.855,V-Dem,
GBR,2015,1945-2020,cinc,0.014322306,COW,
GBR,2016,1945-2020,pop,65940.82,Maddison,
GBR,2016,1945-2020,gdppc,37593.90658353903,Maddison,
GBR,2016,1945-2020,v2x_libdem,0.787,V-Dem,
GBR,2016,1945-2020,v2x_polyarchy,0.854,V-Dem,
GBR,2016,1945-2020,cinc,0.013423994,COW,
GBR,2017,1945-2020,pop,66334.57,Maddison,
GBR,2017,1945-2020,gdppc,38283.93671698943,Maddison,
GBR,2017,1945-2020,v2x_libdem,0.801,V-Dem,
GBR,2017,1945-2020,v2x_polyarchy,0.865,V-Dem,
GBR,2017,1945-2020,cinc,,COW,
GBR,2018,1945-2020,pop,66732.33,Maddison,
GBR,2018,1945-2020,gdppc,38704.602674613714,Maddison,
GBR,2018,1945-2020,v2x_libdem,0.811,V-Dem,
GBR,2018,1945-2020,v2x_polyarchy,0.875,V-Dem,
GBR,2018,1945-2020,cinc,,COW,
GBR,2019,1945-2020,pop,67094.94,Maddison,
GBR,2019,1945-2020,gdppc,39113.01173266413,Maddison,
GBR,2019,1945-2020,v2x_libdem,0.787,V-Dem,
GBR,2019,1945-2020,v2x_polyarchy,0.854,V-Dem,
GBR,2019,1945-2020,cinc,,COW,
GBR,2020,1945-2020,pop,67380.21,Maddison,
GBR,2020,1945-2020,gdppc,34651.183049111096,Maddison,
GBR,2020,1945-2020,v2x_libdem,0.8,V-Dem,
GBR,2020,1945-2020,v2x_polyarchy,0.871,V-Dem,
GBR,2020,1945-2020,cinc,,COW,
ITA,1820,1820-1913,pop,20176.0,Maddison,
ITA,1820,1820-1913,gdppc,2522.5723369997195,Maddison,
ITA,1820,1820-1913,v2x_libdem,,V-Dem,pre-unification (Italian state from 1861); V-Dem first year 1862
ITA,1820,1820-1913,v2x_polyarchy,,V-Dem,pre-unification (Italian state from 1861); V-Dem first year 1862
ITA,1820,1820-1913,cinc,0.0092054997,COW,
ITA,1821,1820-1913,pop,20306.0,Maddison,
ITA,1821,1820-1913,gdppc,2521.5124326564423,Maddison,
ITA,1821,1820-1913,v2x_libdem,,V-Dem,pre-unification (Italian state from 1861); V-Dem first year 1862
ITA,1821,1820-1913,v2x_polyarchy,,V-Dem,pre-unification (Italian state from 1861); V-Dem first year 1862
ITA,1821,1820-1913,cinc,0.010869882,COW,
ITA,1822,1820-1913,pop,20437.0,Maddison,
ITA,1822,1820-1913,gdppc,2521.5124326564423,Maddison,
ITA,1822,1820-1913,v2x_libdem,,V-Dem,pre-unification (Italian state from 1861); V-Dem first year 1862
ITA,1822,1820-1913,v2x_polyarchy,,V-Dem,pre-unification (Italian state from 1861); V-Dem first year 1862
ITA,1822,1820-1913,cinc,0.011979829,COW,
ITA,1823,1820-1913,pop,20568.0,Maddison,
ITA,1823,1820-1913,gdppc,2520.452528313165,Maddison,
ITA,1823,1820-1913,v2x_libdem,,V-Dem,pre-unification (Italian state from 1861); V-Dem first year 1862
ITA,1823,1820-1913,v2x_polyarchy,,V-Dem,pre-unification (Italian state from 1861); V-Dem first year 1862
ITA,1823,1820-1913,cinc,0.0092126038,COW,
ITA,1824,1820-1913,pop,20701.0,Maddison,
ITA,1824,1820-1913,gdppc,2532.111476089214,Maddison,
ITA,1824,1820-1913,v2x_libdem,,V-Dem,pre-unification (Italian state from 1861); V-Dem first year 1862
ITA,1824,1820-1913,v2x_polyarchy,,V-Dem,pre-unification (Italian state from 1861); V-Dem first year 1862
ITA,1824,1820-1913,cinc,0.0099204155,COW,
ITA,1825,1820-1913,pop,20834.0,Maddison,
ITA,1825,1820-1913,gdppc,2541.650615178709,Maddison,
ITA,1825,1820-1913,v2x_libdem,,V-Dem,pre-unification (Italian state from 1861); V-Dem first year 1862
ITA,1825,1820-1913,v2x_polyarchy,,V-Dem,pre-unification (Italian state from 1861); V-Dem first year 1862
ITA,1825,1820-1913,cinc,0.010164818,COW,
ITA,1826,1820-1913,pop,20968.0,Maddison,
ITA,1826,1820-1913,gdppc,2537.4109978056003,Maddison,
ITA,1826,1820-1913,v2x_libdem,,V-Dem,pre-unification (Italian state from 1861); V-Dem first year 1862
ITA,1826,1820-1913,v2x_polyarchy,,V-Dem,pre-unification (Italian state from 1861); V-Dem first year 1862
ITA,1826,1820-1913,cinc,0.010473724,COW,
ITA,1827,1820-1913,pop,21103.0,Maddison,
ITA,1827,1820-1913,gdppc,2529.99166740266,Maddison,
ITA,1827,1820-1913,v2x_libdem,,V-Dem,pre-unification (Italian state from 1861); V-Dem first year 1862
ITA,1827,1820-1913,v2x_polyarchy,,V-Dem,pre-unification (Italian state from 1861); V-Dem first year 1862
ITA,1827,1820-1913,cinc,0.012420513,COW,
ITA,1828,1820-1913,pop,21239.0,Maddison,
ITA,1828,1820-1913,gdppc,2523.6322413429966,Maddison,
ITA,1828,1820-1913,v2x_libdem,,V-Dem,pre-unification (Italian state from 1861); V-Dem first year 1862
ITA,1828,1820-1913,v2x_polyarchy,,V-Dem,pre-unification (Italian state from 1861); V-Dem first year 1862
ITA,1828,1820-1913,cinc,0.012856016,COW,
ITA,1829,1820-1913,pop,21376.0,Maddison,
ITA,1829,1820-1913,gdppc,2516.212910940056,Maddison,
ITA,1829,1820-1913,v2x_libdem,,V-Dem,pre-unification (Italian state from 1861); V-Dem first year 1862
ITA,1829,1820-1913,v2x_polyarchy,,V-Dem,pre-unification (Italian state from 1861); V-Dem first year 1862
ITA,1829,1820-1913,cinc,0.012716059,COW,
ITA,1830,1820-1913,pop,21513.0,Maddison,
ITA,1830,1820-1913,gdppc,2513.0331979102248,Maddison,
ITA,1830,1820-1913,v2x_libdem,,V-Dem,pre-unification (Italian state from 1861); V-Dem first year 1862
ITA,1830,1820-1913,v2x_polyarchy,,V-Dem,pre-unification (Italian state from 1861); V-Dem first year 1862
ITA,1830,1820-1913,cinc,0.012334516,COW,
ITA,1831,1820-1913,pop,21652.0,Maddison,
ITA,1831,1820-1913,gdppc,2510.9133892236705,Maddison,
ITA,1831,1820-1913,v2x_libdem,,V-Dem,pre-unification (Italian state from 1861); V-Dem first year 1862
ITA,1831,1820-1913,v2x_polyarchy,,V-Dem,pre-unification (Italian state from 1861); V-Dem first year 1862
ITA,1831,1820-1913,cinc,0.01259157,COW,
ITA,1832,1820-1913,pop,21791.0,Maddison,
ITA,1832,1820-1913,gdppc,2506.673771850562,Maddison,
ITA,1832,1820-1913,v2x_libdem,,V-Dem,pre-unification (Italian state from 1861); V-Dem first year 1862
ITA,1832,1820-1913,v2x_polyarchy,,V-Dem,pre-unification (Italian state from 1861); V-Dem first year 1862
ITA,1832,1820-1913,cinc,0.012531201,COW,
ITA,1833,1820-1913,pop,21932.0,Maddison,
ITA,1833,1820-1913,gdppc,2513.033197910225,Maddison,
ITA,1833,1820-1913,v2x_libdem,,V-Dem,pre-unification (Italian state from 1861); V-Dem first year 1862
ITA,1833,1820-1913,v2x_polyarchy,,V-Dem,pre-unification (Italian state from 1861); V-Dem first year 1862
ITA,1833,1820-1913,cinc,0.012617742,COW,
ITA,1834,1820-1913,pop,22073.0,Maddison,
ITA,1834,1820-1913,gdppc,2520.4525283131657,Maddison,
ITA,1834,1820-1913,v2x_libdem,,V-Dem,pre-unification (Italian state from 1861); V-Dem first year 1862
ITA,1834,1820-1913,v2x_polyarchy,,V-Dem,pre-unification (Italian state from 1861); V-Dem first year 1862
ITA,1834,1820-1913,cinc,0.013353845,COW,
ITA,1835,1820-1913,pop,22215.0,Maddison,
ITA,1835,1820-1913,gdppc,2531.0515717459375,Maddison,
ITA,1835,1820-1913,v2x_libdem,,V-Dem,pre-unification (Italian state from 1861); V-Dem first year 1862
ITA,1835,1820-1913,v2x_polyarchy,,V-Dem,pre-unification (Italian state from 1861); V-Dem first year 1862
ITA,1835,1820-1913,cinc,0.013804441,COW,
ITA,1836,1820-1913,pop,22358.0,Maddison,
ITA,1836,1820-1913,gdppc,2524.6921456862747,Maddison,
ITA,1836,1820-1913,v2x_libdem,,V-Dem,pre-unification (Italian state from 1861); V-Dem first year 1862
ITA,1836,1820-1913,v2x_polyarchy,,V-Dem,pre-unification (Italian state from 1861); V-Dem first year 1862
ITA,1836,1820-1913,cinc,0.013258953,COW,
ITA,1837,1820-1913,pop,22502.0,Maddison,
ITA,1837,1820-1913,gdppc,2525.752050029552,Maddison,
ITA,1837,1820-1913,v2x_libdem,,V-Dem,pre-unification (Italian state from 1861); V-Dem first year 1862
ITA,1837,1820-1913,v2x_polyarchy,,V-Dem,pre-unification (Italian state from 1861); V-Dem first year 1862
ITA,1837,1820-1913,cinc,0.013682416,COW,
ITA,1838,1820-1913,pop,22647.0,Maddison,
ITA,1838,1820-1913,gdppc,2514.093102253503,Maddison,
ITA,1838,1820-1913,v2x_libdem,,V-Dem,pre-unification (Italian state from 1861); V-Dem first year 1862
ITA,1838,1820-1913,v2x_polyarchy,,V-Dem,pre-unification (Italian state from 1861); V-Dem first year 1862
ITA,1838,1820-1913,cinc,0.013390771,COW,
ITA,1839,1820-1913,pop,22793.0,Maddison,
ITA,1839,1820-1913,gdppc,2511.9732935669485,Maddison,
ITA,1839,1820-1913,v2x_libdem,,V-Dem,pre-unification (Italian state from 1861); V-Dem first year 1862
ITA,1839,1820-1913,v2x_polyarchy,,V-Dem,pre-unification (Italian state from 1861); V-Dem first year 1862
ITA,1839,1820-1913,cinc,0.013402776,COW,
ITA,1840,1820-1913,pop,22939.0,Maddison,
ITA,1840,1820-1913,gdppc,2513.0331979102257,Maddison,
ITA,1840,1820-1913,v2x_libdem,,V-Dem,pre-unification (Italian state from 1861); V-Dem first year 1862
ITA,1840,1820-1913,v2x_polyarchy,,V-Dem,pre-unification (Italian state from 1861); V-Dem first year 1862
ITA,1840,1820-1913,cinc,0.013284139,COW,
ITA,1841,1820-1913,pop,23087.0,Maddison,
ITA,1841,1820-1913,gdppc,2514.093102253503,Maddison,
ITA,1841,1820-1913,v2x_libdem,,V-Dem,pre-unification (Italian state from 1861); V-Dem first year 1862
ITA,1841,1820-1913,v2x_polyarchy,,V-Dem,pre-unification (Italian state from 1861); V-Dem first year 1862
ITA,1841,1820-1913,cinc,0.012560867,COW,
ITA,1842,1820-1913,pop,23236.0,Maddison,
ITA,1842,1820-1913,gdppc,2506.6737718505624,Maddison,
ITA,1842,1820-1913,v2x_libdem,,V-Dem,pre-unification (Italian state from 1861); V-Dem first year 1862
ITA,1842,1820-1913,v2x_polyarchy,,V-Dem,pre-unification (Italian state from 1861); V-Dem first year 1862
ITA,1842,1820-1913,cinc,0.012118696,COW,
ITA,1843,1820-1913,pop,23385.0,Maddison,
ITA,1843,1820-1913,gdppc,2507.7336761938395,Maddison,
ITA,1843,1820-1913,v2x_libdem,,V-Dem,pre-unification (Italian state from 1861); V-Dem first year 1862
ITA,1843,1820-1913,v2x_polyarchy,,V-Dem,pre-unification (Italian state from 1861); V-Dem first year 1862
ITA,1843,1820-1913,cinc,0.011675111,COW,
ITA,1844,1820-1913,pop,23536.0,Maddison,
ITA,1844,1820-1913,gdppc,2540.5907108354327,Maddison,
ITA,1844,1820-1913,v2x_libdem,,V-Dem,pre-unification (Italian state from 1861); V-Dem first year 1862
ITA,1844,1820-1913,v2x_polyarchy,,V-Dem,pre-unification (Italian state from 1861); V-Dem first year 1862
ITA,1844,1820-1913,cinc,0.01177948,COW,
ITA,1845,1820-1913,pop,23687.0,Maddison,
ITA,1845,1820-1913,gdppc,2542.7105195219874,Maddison,
ITA,1845,1820-1913,v2x_libdem,,V-Dem,pre-unification (Italian state from 1861); V-Dem first year 1862
ITA,1845,1820-1913,v2x_polyarchy,,V-Dem,pre-unification (Italian state from 1861); V-Dem first year 1862
ITA,1845,1820-1913,cinc,0.011600398,COW,
ITA,1846,1820-1913,pop,23840.0,Maddison,
ITA,1846,1820-1913,gdppc,2538.470902148879,Maddison,
ITA,1846,1820-1913,v2x_libdem,,V-Dem,pre-unification (Italian state from 1861); V-Dem first year 1862
ITA,1846,1820-1913,v2x_polyarchy,,V-Dem,pre-unification (Italian state from 1861); V-Dem first year 1862
ITA,1846,1820-1913,cinc,0.011094116,COW,
ITA,1847,1820-1913,pop,23993.0,Maddison,
ITA,1847,1820-1913,gdppc,2536.3510934623246,Maddison,
ITA,1847,1820-1913,v2x_libdem,,V-Dem,pre-unification (Italian state from 1861); V-Dem first year 1862
ITA,1847,1820-1913,v2x_polyarchy,,V-Dem,pre-unification (Italian state from 1861); V-Dem first year 1862
ITA,1847,1820-1913,cinc,0.011383209,COW,
ITA,1848,1820-1913,pop,24148.0,Maddison,
ITA,1848,1820-1913,gdppc,2536.3510934623246,Maddison,
ITA,1848,1820-1913,v2x_libdem,,V-Dem,pre-unification (Italian state from 1861); V-Dem first year 1862
ITA,1848,1820-1913,v2x_polyarchy,,V-Dem,pre-unification (Italian state from 1861); V-Dem first year 1862
ITA,1848,1820-1913,cinc,0.018390941,COW,
ITA,1849,1820-1913,pop,24303.0,Maddison,
ITA,1849,1820-1913,gdppc,2538.470902148879,Maddison,
ITA,1849,1820-1913,v2x_libdem,,V-Dem,pre-unification (Italian state from 1861); V-Dem first year 1862
ITA,1849,1820-1913,v2x_polyarchy,,V-Dem,pre-unification (Italian state from 1861); V-Dem first year 1862
ITA,1849,1820-1913,cinc,0.017559942,COW,
ITA,1850,1820-1913,pop,24460.0,Maddison,
ITA,1850,1820-1913,gdppc,2540.590710835433,Maddison,
ITA,1850,1820-1913,v2x_libdem,,V-Dem,pre-unification (Italian state from 1861); V-Dem first year 1862
ITA,1850,1820-1913,v2x_polyarchy,,V-Dem,pre-unification (Italian state from 1861); V-Dem first year 1862
ITA,1850,1820-1913,cinc,0.011952404,COW,
ITA,1851,1820-1913,pop,24617.0,Maddison,
ITA,1851,1820-1913,gdppc,2542.710519521988,Maddison,
ITA,1851,1820-1913,v2x_libdem,,V-Dem,pre-unification (Italian state from 1861); V-Dem first year 1862
ITA,1851,1820-1913,v2x_polyarchy,,V-Dem,pre-unification (Italian state from 1861); V-Dem first year 1862
ITA,1851,1820-1913,cinc,0.012931786,COW,
ITA,1852,1820-1913,pop,24776.0,Maddison,
ITA,1852,1820-1913,gdppc,2540.5907108354336,Maddison,
ITA,1852,1820-1913,v2x_libdem,,V-Dem,pre-unification (Italian state from 1861); V-Dem first year 1862
ITA,1852,1820-1913,v2x_polyarchy,,V-Dem,pre-unification (Italian state from 1861); V-Dem first year 1862
ITA,1852,1820-1913,cinc,0.012285295,COW,
ITA,1853,1820-1913,pop,24935.0,Maddison,
ITA,1853,1820-1913,gdppc,2549.069945581651,Maddison,
ITA,1853,1820-1913,v2x_libdem,,V-Dem,pre-unification (Italian state from 1861); V-Dem first year 1862
ITA,1853,1820-1913,v2x_polyarchy,,V-Dem,pre-unification (Italian state from 1861); V-Dem first year 1862
ITA,1853,1820-1913,cinc,0.011540403,COW,
ITA,1854,1820-1913,pop,25096.0,Maddison,
ITA,1854,1820-1913,gdppc,2548.010041238374,Maddison,
ITA,1854,1820-1913,v2x_libdem,,V-Dem,pre-unification (Italian state from 1861); V-Dem first year 1862
ITA,1854,1820-1913,v2x_polyarchy,,V-Dem,pre-unification (Italian state from 1861); V-Dem first year 1862
ITA,1854,1820-1913,cinc,0.0095716938,COW,
ITA,1855,1820-1913,pop,25257.0,Maddison,
ITA,1855,1820-1913,gdppc,2570.268032447195,Maddison,
ITA,1855,1820-1913,v2x_libdem,,V-Dem,pre-unification (Italian state from 1861); V-Dem first year 1862
ITA,1855,1820-1913,v2x_polyarchy,,V-Dem,pre-unification (Italian state from 1861); V-Dem first year 1862
ITA,1855,1820-1913,cinc,0.0097849537,COW,
ITA,1856,1820-1913,pop,25420.0,Maddison,
ITA,1856,1820-1913,gdppc,2562.8487020442544,Maddison,
ITA,1856,1820-1913,v2x_libdem,,V-Dem,pre-unification (Italian state from 1861); V-Dem first year 1862
ITA,1856,1820-1913,v2x_polyarchy,,V-Dem,pre-unification (Italian state from 1861); V-Dem first year 1862
ITA,1856,1820-1913,cinc,0.010030236,COW,
ITA,1857,1820-1913,pop,25584.0,Maddison,
ITA,1857,1820-1913,gdppc,2557.5491803278687,Maddison,
ITA,1857,1820-1913,v2x_libdem,,V-Dem,pre-unification (Italian state from 1861); V-Dem first year 1862
ITA,1857,1820-1913,v2x_polyarchy,,V-Dem,pre-unification (Italian state from 1861); V-Dem first year 1862
ITA,1857,1820-1913,cinc,0.010384034,COW,
ITA,1858,1820-1913,pop,25748.0,Maddison,
ITA,1858,1820-1913,gdppc,2551.189754268206,Maddison,
ITA,1858,1820-1913,v2x_libdem,,V-Dem,pre-unification (Italian state from 1861); V-Dem first year 1862
ITA,1858,1820-1913,v2x_polyarchy,,V-Dem,pre-unification (Italian state from 1861); V-Dem first year 1862
ITA,1858,1820-1913,cinc,0.010522448,COW,
ITA,1859,1820-1913,pop,25914.0,Maddison,
ITA,1859,1820-1913,gdppc,2544.8303282085426,Maddison,
ITA,1859,1820-1913,v2x_libdem,,V-Dem,pre-unification (Italian state from 1861); V-Dem first year 1862
ITA,1859,1820-1913,v2x_polyarchy,,V-Dem,pre-unification (Italian state from 1861); V-Dem first year 1862
ITA,1859,1820-1913,cinc,0.01479145,COW,
ITA,1860,1820-1913,pop,26081.0,Maddison,
ITA,1860,1820-1913,gdppc,2538.4709021488793,Maddison,
ITA,1860,1820-1913,v2x_libdem,,V-Dem,pre-unification (Italian state from 1861); V-Dem first year 1862
ITA,1860,1820-1913,v2x_polyarchy,,V-Dem,pre-unification (Italian state from 1861); V-Dem first year 1862
ITA,1860,1820-1913,cinc,0.028627535,COW,
ITA,1861,1820-1913,pop,26249.0,Maddison,
ITA,1861,1820-1913,gdppc,2558.0,Maddison,
ITA,1861,1820-1913,v2x_libdem,,V-Dem,pre-unification (Italian state from 1861); V-Dem first year 1862
ITA,1861,1820-1913,v2x_polyarchy,,V-Dem,pre-unification (Italian state from 1861); V-Dem first year 1862
ITA,1861,1820-1913,cinc,0.033831552,COW,
ITA,1862,1820-1913,pop,26418.0,Maddison,
ITA,1862,1820-1913,gdppc,2634.3524590163934,Maddison,
ITA,1862,1820-1913,v2x_libdem,0.195,V-Dem,
ITA,1862,1820-1913,v2x_polyarchy,0.207,V-Dem,
ITA,1862,1820-1913,cinc,0.034035634,COW,
ITA,1863,1820-1913,pop,26610.0,Maddison,
ITA,1863,1820-1913,gdppc,2688.1147540983607,Maddison,
ITA,1863,1820-1913,v2x_libdem,0.195,V-Dem,
ITA,1863,1820-1913,v2x_polyarchy,0.207,V-Dem,
ITA,1863,1820-1913,cinc,0.035056494,COW,
ITA,1864,1820-1913,pop,26814.0,Maddison,
ITA,1864,1820-1913,gdppc,2642.032786885246,Maddison,
ITA,1864,1820-1913,v2x_libdem,0.195,V-Dem,
ITA,1864,1820-1913,v2x_polyarchy,0.207,V-Dem,
ITA,1864,1820-1913,cinc,0.035745651,COW,
ITA,1865,1820-1913,pop,27023.0,Maddison,
ITA,1865,1820-1913,gdppc,2780.27868852459,Maddison,
ITA,1865,1820-1913,v2x_libdem,0.195,V-Dem,
ITA,1865,1820-1913,v2x_polyarchy,0.205,V-Dem,
ITA,1865,1820-1913,cinc,0.034381118,COW,
ITA,1866,1820-1913,pop,27256.0,Maddison,
ITA,1866,1820-1913,gdppc,2588.2704918032787,Maddison,
ITA,1866,1820-1913,v2x_libdem,0.221,V-Dem,
ITA,1866,1820-1913,v2x_polyarchy,0.272,V-Dem,
ITA,1866,1820-1913,cinc,0.050006986,COW,
ITA,1867,1820-1913,pop,27411.0,Maddison,
ITA,1867,1820-1913,gdppc,2611.311475409836,Maddison,
ITA,1867,1820-1913,v2x_libdem,0.22,V-Dem,
ITA,1867,1820-1913,v2x_polyarchy,0.27,V-Dem,
ITA,1867,1820-1913,cinc,0.040646281,COW,
ITA,1868,1820-1913,pop,27501.0,Maddison,
ITA,1868,1820-1913,gdppc,2626.6721311475408,Maddison,
ITA,1868,1820-1913,v2x_libdem,0.221,V-Dem,
ITA,1868,1820-1913,v2x_polyarchy,0.274,V-Dem,
ITA,1868,1820-1913,cinc,0.036712527,COW,
ITA,1869,1820-1913,pop,27681.0,Maddison,
ITA,1869,1820-1913,gdppc,2695.7950819672133,Maddison,
ITA,1869,1820-1913,v2x_libdem,0.221,V-Dem,
ITA,1869,1820-1913,v2x_polyarchy,0.274,V-Dem,
ITA,1869,1820-1913,cinc,0.03374061,COW,
ITA,1870,1820-1913,pop,27888.0,Maddison,
ITA,1870,1820-1913,gdppc,2826.3606557377047,Maddison,
ITA,1870,1820-1913,v2x_libdem,0.22,V-Dem,
ITA,1870,1820-1913,v2x_polyarchy,0.271,V-Dem,
ITA,1870,1820-1913,cinc,0.031308502,COW,
ITA,1871,1820-1913,pop,28063.0,Maddison,
ITA,1871,1820-1913,gdppc,2811.1200000000003,Maddison,
ITA,1871,1820-1913,v2x_libdem,0.214,V-Dem,
ITA,1871,1820-1913,v2x_polyarchy,0.241,V-Dem,
ITA,1871,1820-1913,cinc,0.035308041,COW,
ITA,1872,1820-1913,pop,28233.0,Maddison,
ITA,1872,1820-1913,gdppc,2593.0,Maddison,
ITA,1872,1820-1913,v2x_libdem,0.214,V-Dem,
ITA,1872,1820-1913,v2x_polyarchy,0.241,V-Dem,
ITA,1872,1820-1913,cinc,0.033640359,COW,
ITA,1873,1820-1913,pop,28387.0,Maddison,
ITA,1873,1820-1913,gdppc,2581.0,Maddison,
ITA,1873,1820-1913,v2x_libdem,0.214,V-Dem,
ITA,1873,1820-1913,v2x_polyarchy,0.241,V-Dem,
ITA,1873,1820-1913,cinc,0.033182494,COW,
ITA,1874,1820-1913,pop,28505.0,Maddison,
ITA,1874,1820-1913,gdppc,2715.0,Maddison,
ITA,1874,1820-1913,v2x_libdem,0.213,V-Dem,
ITA,1874,1820-1913,v2x_polyarchy,0.237,V-Dem,
ITA,1874,1820-1913,cinc,0.032856546,COW,
ITA,1875,1820-1913,pop,28630.0,Maddison,
ITA,1875,1820-1913,gdppc,2727.0,Maddison,
ITA,1875,1820-1913,v2x_libdem,0.214,V-Dem,
ITA,1875,1820-1913,v2x_polyarchy,0.24,V-Dem,
ITA,1875,1820-1913,cinc,0.033067279,COW,
ITA,1876,1820-1913,pop,28837.0,Maddison,
ITA,1876,1820-1913,gdppc,2662.0,Maddison,
ITA,1876,1820-1913,v2x_libdem,0.213,V-Dem,
ITA,1876,1820-1913,v2x_polyarchy,0.238,V-Dem,
ITA,1876,1820-1913,cinc,0.030690994,COW,
ITA,1877,1820-1913,pop,29067.0,Maddison,
ITA,1877,1820-1913,gdppc,2678.0,Maddison,
ITA,1877,1820-1913,v2x_libdem,0.214,V-Dem,
ITA,1877,1820-1913,v2x_polyarchy,0.24,V-Dem,
ITA,1877,1820-1913,cinc,0.030208644,COW,
ITA,1878,1820-1913,pop,29252.0,Maddison,
ITA,1878,1820-1913,gdppc,2745.0,Maddison,
ITA,1878,1820-1913,v2x_libdem,0.214,V-Dem,
ITA,1878,1820-1913,v2x_polyarchy,0.24,V-Dem,
ITA,1878,1820-1913,cinc,0.031478003,COW,
ITA,1879,1820-1913,pop,29425.0,Maddison,
ITA,1879,1820-1913,gdppc,2753.0,Maddison,
ITA,1879,1820-1913,v2x_libdem,0.214,V-Dem,
ITA,1879,1820-1913,v2x_polyarchy,0.24,V-Dem,
ITA,1879,1820-1913,cinc,0.03139193,COW,
ITA,1880,1820-1913,pop,29534.0,Maddison,
ITA,1880,1820-1913,gdppc,2796.0,Maddison,
ITA,1880,1820-1913,v2x_libdem,0.227,V-Dem,
ITA,1880,1820-1913,v2x_polyarchy,0.272,V-Dem,
ITA,1880,1820-1913,cinc,0.032166198,COW,
ITA,1881,1820-1913,pop,29672.0,Maddison,
ITA,1881,1820-1913,gdppc,2880.0,Maddison,
ITA,1881,1820-1913,v2x_libdem,0.229,V-Dem,
ITA,1881,1820-1913,v2x_polyarchy,0.276,V-Dem,
ITA,1881,1820-1913,cinc,0.032165471,COW,
ITA,1882,1820-1913,pop,29898.0,Maddison,
ITA,1882,1820-1913,gdppc,2915.0,Maddison,
ITA,1882,1820-1913,v2x_libdem,0.233,V-Dem,
ITA,1882,1820-1913,v2x_polyarchy,0.286,V-Dem,
ITA,1882,1820-1913,cinc,0.032406162,COW,
ITA,1883,1820-1913,pop,30113.0,Maddison,
ITA,1883,1820-1913,gdppc,2942.0,Maddison,
ITA,1883,1820-1913,v2x_libdem,0.236,V-Dem,
ITA,1883,1820-1913,v2x_polyarchy,0.291,V-Dem,
ITA,1883,1820-1913,cinc,0.034941461,COW,
ITA,1884,1820-1913,pop,30366.0,Maddison,
ITA,1884,1820-1913,gdppc,2898.0,Maddison,
ITA,1884,1820-1913,v2x_libdem,0.236,V-Dem,
ITA,1884,1820-1913,v2x_polyarchy,0.291,V-Dem,
ITA,1884,1820-1913,cinc,0.036618881,COW,
ITA,1885,1820-1913,pop,30644.0,Maddison,
ITA,1885,1820-1913,gdppc,2941.0,Maddison,
ITA,1885,1820-1913,v2x_libdem,0.236,V-Dem,
ITA,1885,1820-1913,v2x_polyarchy,0.291,V-Dem,
ITA,1885,1820-1913,cinc,0.036638048,COW,
ITA,1886,1820-1913,pop,30857.0,Maddison,
ITA,1886,1820-1913,gdppc,3005.0,Maddison,
ITA,1886,1820-1913,v2x_libdem,0.235,V-Dem,
ITA,1886,1820-1913,v2x_polyarchy,0.289,V-Dem,
ITA,1886,1820-1913,cinc,0.036632404,COW,
ITA,1887,1820-1913,pop,31049.0,Maddison,
ITA,1887,1820-1913,gdppc,3081.0,Maddison,
ITA,1887,1820-1913,v2x_libdem,0.236,V-Dem,
ITA,1887,1820-1913,v2x_polyarchy,0.291,V-Dem,
ITA,1887,1820-1913,cinc,0.039171334,COW,
ITA,1888,1820-1913,pop,31243.0,Maddison,
ITA,1888,1820-1913,gdppc,3065.0,Maddison,
ITA,1888,1820-1913,v2x_libdem,0.231,V-Dem,
ITA,1888,1820-1913,v2x_polyarchy,0.286,V-Dem,
ITA,1888,1820-1913,cinc,0.041048642,COW,
ITA,1889,1820-1913,pop,31468.0,Maddison,
ITA,1889,1820-1913,gdppc,2971.0,Maddison,
ITA,1889,1820-1913,v2x_libdem,0.231,V-Dem,
ITA,1889,1820-1913,v2x_polyarchy,0.286,V-Dem,
ITA,1889,1820-1913,cinc,0.03812699,COW,
ITA,1890,1820-1913,pop,31702.0,Maddison,
ITA,1890,1820-1913,gdppc,2974.0,Maddison,
ITA,1890,1820-1913,v2x_libdem,0.234,V-Dem,
ITA,1890,1820-1913,v2x_polyarchy,0.296,V-Dem,
ITA,1890,1820-1913,cinc,0.036450621,COW,
ITA,1891,1820-1913,pop,31892.0,Maddison,
ITA,1891,1820-1913,gdppc,3014.0,Maddison,
ITA,1891,1820-1913,v2x_libdem,0.235,V-Dem,
ITA,1891,1820-1913,v2x_polyarchy,0.301,V-Dem,
ITA,1891,1820-1913,cinc,0.035582643,COW,
ITA,1892,1820-1913,pop,32091.0,Maddison,
ITA,1892,1820-1913,gdppc,3017.0,Maddison,
ITA,1892,1820-1913,v2x_libdem,0.235,V-Dem,
ITA,1892,1820-1913,v2x_polyarchy,0.3,V-Dem,
ITA,1892,1820-1913,cinc,0.034046374,COW,
ITA,1893,1820-1913,pop,32303.0,Maddison,
ITA,1893,1820-1913,gdppc,3064.0,Maddison,
ITA,1893,1820-1913,v2x_libdem,0.237,V-Dem,
ITA,1893,1820-1913,v2x_polyarchy,0.303,V-Dem,
ITA,1893,1820-1913,cinc,0.034133889,COW,
ITA,1894,1820-1913,pop,32513.0,Maddison,
ITA,1894,1820-1913,gdppc,3081.0,Maddison,
ITA,1894,1820-1913,v2x_libdem,0.237,V-Dem,
ITA,1894,1820-1913,v2x_polyarchy,0.303,V-Dem,
ITA,1894,1820-1913,cinc,0.031884339,COW,
ITA,1895,1820-1913,pop,32689.0,Maddison,
ITA,1895,1820-1913,gdppc,3107.0,Maddison,
ITA,1895,1820-1913,v2x_libdem,0.232,V-Dem,
ITA,1895,1820-1913,v2x_polyarchy,0.293,V-Dem,
ITA,1895,1820-1913,cinc,0.034491409,COW,
ITA,1896,1820-1913,pop,32863.0,Maddison,
ITA,1896,1820-1913,gdppc,3153.0,Maddison,
ITA,1896,1820-1913,v2x_libdem,0.234,V-Dem,
ITA,1896,1820-1913,v2x_polyarchy,0.297,V-Dem,
ITA,1896,1820-1913,cinc,0.031737391,COW,
ITA,1897,1820-1913,pop,33078.0,Maddison,
ITA,1897,1820-1913,gdppc,3158.0,Maddison,
ITA,1897,1820-1913,v2x_libdem,0.233,V-Dem,
ITA,1897,1820-1913,v2x_polyarchy,0.295,V-Dem,
ITA,1897,1820-1913,cinc,0.030870173,COW,
ITA,1898,1820-1913,pop,33285.0,Maddison,
ITA,1898,1820-1913,gdppc,3145.0,Maddison,
ITA,1898,1820-1913,v2x_libdem,0.221,V-Dem,
ITA,1898,1820-1913,v2x_polyarchy,0.282,V-Dem,
ITA,1898,1820-1913,cinc,0.030992012,COW,
ITA,1899,1820-1913,pop,33487.0,Maddison,
ITA,1899,1820-1913,gdppc,3180.0,Maddison,
ITA,1899,1820-1913,v2x_libdem,0.221,V-Dem,
ITA,1899,1820-1913,v2x_polyarchy,0.282,V-Dem,
ITA,1899,1820-1913,cinc,0.028868014,COW,
ITA,1900,1820-1913,pop,33672.0,Maddison,
ITA,1900,1820-1913,gdppc,3264.0,Maddison,
ITA,1900,1820-1913,v2x_libdem,0.245,V-Dem,
ITA,1900,1820-1913,v2x_polyarchy,0.307,V-Dem,
ITA,1900,1820-1913,cinc,0.028164502,COW,
ITA,1901,1820-1913,pop,33877.0,Maddison,
ITA,1901,1820-1913,gdppc,3317.0,Maddison,
ITA,1901,1820-1913,v2x_libdem,0.245,V-Dem,
ITA,1901,1820-1913,v2x_polyarchy,0.303,V-Dem,
ITA,1901,1820-1913,cinc,0.027915481,COW,
ITA,1902,1820-1913,pop,34166.0,Maddison,
ITA,1902,1820-1913,gdppc,3371.0,Maddison,
ITA,1902,1820-1913,v2x_libdem,0.245,V-Dem,
ITA,1902,1820-1913,v2x_polyarchy,0.303,V-Dem,
ITA,1902,1820-1913,cinc,0.028455384,COW,
ITA,1903,1820-1913,pop,34436.0,Maddison,
ITA,1903,1820-1913,gdppc,3402.0,Maddison,
ITA,1903,1820-1913,v2x_libdem,0.245,V-Dem,
ITA,1903,1820-1913,v2x_polyarchy,0.303,V-Dem,
ITA,1903,1820-1913,cinc,0.028958663,COW,
ITA,1904,1820-1913,pop,34715.0,Maddison,
ITA,1904,1820-1913,gdppc,3461.0,Maddison,
ITA,1904,1820-1913,v2x_libdem,0.245,V-Dem,
ITA,1904,1820-1913,v2x_polyarchy,0.304,V-Dem,
ITA,1904,1820-1913,cinc,0.028060548,COW,
ITA,1905,1820-1913,pop,35011.0,Maddison,
ITA,1905,1820-1913,gdppc,3532.0,Maddison,
ITA,1905,1820-1913,v2x_libdem,0.248,V-Dem,
ITA,1905,1820-1913,v2x_polyarchy,0.308,V-Dem,
ITA,1905,1820-1913,cinc,0.025222303,COW,
ITA,1906,1820-1913,pop,35297.0,Maddison,
ITA,1906,1820-1913,gdppc,3652.0,Maddison,
ITA,1906,1820-1913,v2x_libdem,0.248,V-Dem,
ITA,1906,1820-1913,v2x_polyarchy,0.308,V-Dem,
ITA,1906,1820-1913,cinc,0.028322315,COW,
ITA,1907,1820-1913,pop,35594.0,Maddison,
ITA,1907,1820-1913,gdppc,3716.0,Maddison,
ITA,1907,1820-1913,v2x_libdem,0.248,V-Dem,
ITA,1907,1820-1913,v2x_polyarchy,0.308,V-Dem,
ITA,1907,1820-1913,cinc,0.027930573,COW,
ITA,1908,1820-1913,pop,35899.0,Maddison,
ITA,1908,1820-1913,gdppc,3795.0,Maddison,
ITA,1908,1820-1913,v2x_libdem,0.249,V-Dem,
ITA,1908,1820-1913,v2x_polyarchy,0.308,V-Dem,
ITA,1908,1820-1913,cinc,0.029404696,COW,
ITA,1909,1820-1913,pop,36213.0,Maddison,
ITA,1909,1820-1913,gdppc,3826.0,Maddison,
ITA,1909,1820-1913,v2x_libdem,0.247,V-Dem,
ITA,1909,1820-1913,v2x_polyarchy,0.306,V-Dem,
ITA,1909,1820-1913,cinc,0.029807327,COW,
ITA,1910,1820-1913,pop,36572.0,Maddison,
ITA,1910,1820-1913,gdppc,3829.0,Maddison,
ITA,1910,1820-1913,v2x_libdem,0.248,V-Dem,
ITA,1910,1820-1913,v2x_polyarchy,0.307,V-Dem,
ITA,1910,1820-1913,cinc,0.030566756,COW,
ITA,1911,1820-1913,pop,36917.0,Maddison,
ITA,1911,1820-1913,gdppc,3870.0,Maddison,
ITA,1911,1820-1913,v2x_libdem,0.249,V-Dem,
ITA,1911,1820-1913,v2x_polyarchy,0.309,V-Dem,
ITA,1911,1820-1913,cinc,0.033263136,COW,
ITA,1912,1820-1913,pop,37150.0,Maddison,
ITA,1912,1820-1913,gdppc,3875.0,Maddison,
ITA,1912,1820-1913,v2x_libdem,0.249,V-Dem,
ITA,1912,1820-1913,v2x_polyarchy,0.309,V-Dem,
ITA,1912,1820-1913,cinc,0.039231259,COW,
ITA,1913,1820-1913,pop,37248.0,Maddison,
ITA,1913,1820-1913,gdppc,4057.0,Maddison,
ITA,1913,1820-1913,v2x_libdem,0.278,V-Dem,
ITA,1913,1820-1913,v2x_polyarchy,0.367,V-Dem,
ITA,1913,1820-1913,cinc,0.033501688,COW,
ITA,1945,1945-2020,pop,45442.0,Maddison,
ITA,1945,1945-2020,gdppc,2831.0,Maddison,
ITA,1945,1945-2020,v2x_libdem,0.119,V-Dem,
ITA,1945,1945-2020,v2x_polyarchy,0.132,V-Dem,
ITA,1945,1945-2020,cinc,0.01277117,COW,
ITA,1946,1945-2020,pop,45725.0,Maddison,
ITA,1946,1945-2020,gdppc,3805.0,Maddison,
ITA,1946,1945-2020,v2x_libdem,0.347,V-Dem,
ITA,1946,1945-2020,v2x_polyarchy,0.429,V-Dem,
ITA,1946,1945-2020,cinc,0.018289957,COW,
ITA,1947,1945-2020,pop,46040.0,Maddison,
ITA,1947,1945-2020,gdppc,4498.0,Maddison,
ITA,1947,1945-2020,v2x_libdem,0.492,V-Dem,
ITA,1947,1945-2020,v2x_polyarchy,0.629,V-Dem,
ITA,1947,1945-2020,cinc,0.018207604,COW,
ITA,1948,1945-2020,pop,46381.0,Maddison,
ITA,1948,1945-2020,gdppc,4814.0,Maddison,
ITA,1948,1945-2020,v2x_libdem,0.506,V-Dem,
ITA,1948,1945-2020,v2x_polyarchy,0.623,V-Dem,
ITA,1948,1945-2020,cinc,0.019262198,COW,
ITA,1949,1945-2020,pop,46733.0,Maddison,
ITA,1949,1945-2020,gdppc,5188.0,Maddison,
ITA,1949,1945-2020,v2x_libdem,0.548,V-Dem,
ITA,1949,1945-2020,v2x_polyarchy,0.678,V-Dem,
ITA,1949,1945-2020,cinc,0.01856897,COW,
ITA,1950,1945-2020,pop,47105.0,Maddison,
ITA,1950,1945-2020,gdppc,5582.0,Maddison,
ITA,1950,1945-2020,v2x_libdem,0.548,V-Dem,
ITA,1950,1945-2020,v2x_polyarchy,0.678,V-Dem,
ITA,1950,1945-2020,cinc,0.017447038,COW,
ITA,1951,1945-2020,pop,47418.0,Maddison,
ITA,1951,1945-2020,gdppc,5958.0,Maddison,
ITA,1951,1945-2020,v2x_libdem,0.548,V-Dem,
ITA,1951,1945-2020,v2x_polyarchy,0.678,V-Dem,
ITA,1951,1945-2020,cinc,0.018105831,COW,
ITA,1952,1945-2020,pop,47666.0,Maddison,
ITA,1952,1945-2020,gdppc,6371.0,Maddison,
ITA,1952,1945-2020,v2x_libdem,0.548,V-Dem,
ITA,1952,1945-2020,v2x_polyarchy,0.678,V-Dem,
ITA,1952,1945-2020,cinc,0.017691705,COW,
ITA,1953,1945-2020,pop,47957.0,Maddison,
ITA,1953,1945-2020,gdppc,6790.0,Maddison,
ITA,1953,1945-2020,v2x_libdem,0.552,V-Dem,
ITA,1953,1945-2020,v2x_polyarchy,0.684,V-Dem,
ITA,1953,1945-2020,cinc,0.017313348,COW,
ITA,1954,1945-2020,pop,48299.0,Maddison,
ITA,1954,1945-2020,gdppc,7092.0,Maddison,
ITA,1954,1945-2020,v2x_libdem,0.556,V-Dem,
ITA,1954,1945-2020,v2x_polyarchy,0.688,V-Dem,
ITA,1954,1945-2020,cinc,0.018190045,COW,
ITA,1955,1945-2020,pop,48633.0,Maddison,
ITA,1955,1945-2020,gdppc,7453.0,Maddison,
ITA,1955,1945-2020,v2x_libdem,0.556,V-Dem,
ITA,1955,1945-2020,v2x_polyarchy,0.688,V-Dem,
ITA,1955,1945-2020,cinc,0.017580846,COW,
ITA,1956,1945-2020,pop,48921.0,Maddison,
ITA,1956,1945-2020,gdppc,7745.0,Maddison,
ITA,1956,1945-2020,v2x_libdem,0.591,V-Dem,
ITA,1956,1945-2020,v2x_polyarchy,0.705,V-Dem,
ITA,1956,1945-2020,cinc,0.017790334,COW,
ITA,1957,1945-2020,pop,49182.0,Maddison,
ITA,1957,1945-2020,gdppc,8158.0,Maddison,
ITA,1957,1945-2020,v2x_libdem,0.591,V-Dem,
ITA,1957,1945-2020,v2x_polyarchy,0.705,V-Dem,
ITA,1957,1945-2020,cinc,0.018172342,COW,
ITA,1958,1945-2020,pop,49476.0,Maddison,
ITA,1958,1945-2020,gdppc,8544.0,Maddison,
ITA,1958,1945-2020,v2x_libdem,0.593,V-Dem,
ITA,1958,1945-2020,v2x_polyarchy,0.709,V-Dem,
ITA,1958,1945-2020,cinc,0.018217111,COW,
ITA,1959,1945-2020,pop,49832.0,Maddison,
ITA,1959,1945-2020,gdppc,9011.0,Maddison,
ITA,1959,1945-2020,v2x_libdem,0.595,V-Dem,
ITA,1959,1945-2020,v2x_polyarchy,0.711,V-Dem,
ITA,1959,1945-2020,cinc,0.01783289,COW,
ITA,1960,1945-2020,pop,50197.6,Maddison,
ITA,1960,1945-2020,gdppc,9430.0,Maddison,
ITA,1960,1945-2020,v2x_libdem,0.61,V-Dem,
ITA,1960,1945-2020,v2x_polyarchy,0.727,V-Dem,
ITA,1960,1945-2020,cinc,0.018160017,COW,
ITA,1961,1945-2020,pop,50523.2,Maddison,
ITA,1961,1945-2020,gdppc,10158.0,Maddison,
ITA,1961,1945-2020,v2x_libdem,0.609,V-Dem,
ITA,1961,1945-2020,v2x_polyarchy,0.727,V-Dem,
ITA,1961,1945-2020,cinc,0.019967197,COW,
ITA,1962,1945-2020,pop,50843.2,Maddison,
ITA,1962,1945-2020,gdppc,10882.0,Maddison,
ITA,1962,1945-2020,v2x_libdem,0.611,V-Dem,
ITA,1962,1945-2020,v2x_polyarchy,0.727,V-Dem,
ITA,1962,1945-2020,cinc,0.020029061,COW,
ITA,1963,1945-2020,pop,51198.3,Maddison,
ITA,1963,1945-2020,gdppc,11576.0,Maddison,
ITA,1963,1945-2020,v2x_libdem,0.618,V-Dem,
ITA,1963,1945-2020,v2x_polyarchy,0.728,V-Dem,
ITA,1963,1945-2020,cinc,0.02051105,COW,
ITA,1964,1945-2020,pop,51600.2,Maddison,
ITA,1964,1945-2020,gdppc,11934.0,Maddison,
ITA,1964,1945-2020,v2x_libdem,0.619,V-Dem,
ITA,1964,1945-2020,v2x_polyarchy,0.729,V-Dem,
ITA,1964,1945-2020,cinc,0.020631894,COW,
ITA,1965,1945-2020,pop,51987.1,Maddison,
ITA,1965,1945-2020,gdppc,12111.0,Maddison,
ITA,1965,1945-2020,v2x_libdem,0.619,V-Dem,
ITA,1965,1945-2020,v2x_polyarchy,0.729,V-Dem,
ITA,1965,1945-2020,cinc,0.021055188,COW,
ITA,1966,1945-2020,pop,52331.6,Maddison,
ITA,1966,1945-2020,gdppc,12659.0,Maddison,
ITA,1966,1945-2020,v2x_libdem,0.619,V-Dem,
ITA,1966,1945-2020,v2x_polyarchy,0.729,V-Dem,
ITA,1966,1945-2020,cinc,0.02093651,COW,
ITA,1967,1945-2020,pop,52667.1,Maddison,
ITA,1967,1945-2020,gdppc,13476.0,Maddison,
ITA,1967,1945-2020,v2x_libdem,0.619,V-Dem,
ITA,1967,1945-2020,v2x_polyarchy,0.729,V-Dem,
ITA,1967,1945-2020,cinc,0.021303155,COW,
ITA,1968,1945-2020,pop,52986.6,Maddison,
ITA,1968,1945-2020,gdppc,14513.0,Maddison,
ITA,1968,1945-2020,v2x_libdem,0.62,V-Dem,
ITA,1968,1945-2020,v2x_polyarchy,0.729,V-Dem,
ITA,1968,1945-2020,cinc,0.021195831,COW,
ITA,1969,1945-2020,pop,53317.0,Maddison,
ITA,1969,1945-2020,gdppc,15248.0,Maddison,
ITA,1969,1945-2020,v2x_libdem,0.624,V-Dem,
ITA,1969,1945-2020,v2x_polyarchy,0.732,V-Dem,
ITA,1969,1945-2020,cinc,0.020471374,COW,
ITA,1970,1945-2020,pop,53661.1,Maddison,
ITA,1970,1945-2020,gdppc,15492.0,Maddison,
ITA,1970,1945-2020,v2x_libdem,0.642,V-Dem,
ITA,1970,1945-2020,v2x_polyarchy,0.744,V-Dem,
ITA,1970,1945-2020,cinc,0.020350998,COW,
ITA,1971,1945-2020,pop,54005.5,Maddison,
ITA,1971,1945-2020,gdppc,15683.0,Maddison,
ITA,1971,1945-2020,v2x_libdem,0.641,V-Dem,
ITA,1971,1945-2020,v2x_polyarchy,0.741,V-Dem,
ITA,1971,1945-2020,cinc,0.020585911,COW,
ITA,1972,1945-2020,pop,54365.564,Maddison,
ITA,1972,1945-2020,gdppc,16035.0,Maddison,
ITA,1972,1945-2020,v2x_libdem,0.64,V-Dem,
ITA,1972,1945-2020,v2x_polyarchy,0.742,V-Dem,
ITA,1972,1945-2020,cinc,0.021376513,COW,
ITA,1973,1945-2020,pop,54796.843,Maddison,
ITA,1973,1945-2020,gdppc,16950.0,Maddison,
ITA,1973,1945-2020,v2x_libdem,0.645,V-Dem,
ITA,1973,1945-2020,v2x_polyarchy,0.748,V-Dem,
ITA,1973,1945-2020,cinc,0.021250425,COW,
ITA,1974,1945-2020,pop,55226.259,Maddison,
ITA,1974,1945-2020,gdppc,17607.0,Maddison,
ITA,1974,1945-2020,v2x_libdem,0.645,V-Dem,
ITA,1974,1945-2020,v2x_polyarchy,0.748,V-Dem,
ITA,1974,1945-2020,cinc,0.021106226,COW,
ITA,1975,1945-2020,pop,55571.894,Maddison,
ITA,1975,1945-2020,gdppc,17123.0,Maddison,
ITA,1975,1945-2020,v2x_libdem,0.651,V-Dem,
ITA,1975,1945-2020,v2x_polyarchy,0.752,V-Dem,
ITA,1975,1945-2020,cinc,0.019877775,COW,
ITA,1976,1945-2020,pop,55838.536,Maddison,
ITA,1976,1945-2020,gdppc,18147.0,Maddison,
ITA,1976,1945-2020,v2x_libdem,0.661,V-Dem,
ITA,1976,1945-2020,v2x_polyarchy,0.758,V-Dem,
ITA,1976,1945-2020,cinc,0.019669609,COW,
ITA,1977,1945-2020,pop,56059.245,Maddison,
ITA,1977,1945-2020,gdppc,18599.0,Maddison,
ITA,1977,1945-2020,v2x_libdem,0.665,V-Dem,
ITA,1977,1945-2020,v2x_polyarchy,0.764,V-Dem,
ITA,1977,1945-2020,cinc,0.01978926,COW,
ITA,1978,1945-2020,pop,56240.143,Maddison,
ITA,1978,1945-2020,gdppc,19230.0,Maddison,
ITA,1978,1945-2020,v2x_libdem,0.665,V-Dem,
ITA,1978,1945-2020,v2x_polyarchy,0.764,V-Dem,
ITA,1978,1945-2020,cinc,0.019787565,COW,
ITA,1979,1945-2020,pop,56367.71,Maddison,
ITA,1979,1945-2020,gdppc,20275.0,Maddison,
ITA,1979,1945-2020,v2x_libdem,0.664,V-Dem,
ITA,1979,1945-2020,v2x_polyarchy,0.763,V-Dem,
ITA,1979,1945-2020,cinc,0.019592471,COW,
ITA,1980,1945-2020,pop,56451.247,Maddison,
ITA,1980,1945-2020,gdppc,20959.0,Maddison,
ITA,1980,1945-2020,v2x_libdem,0.696,V-Dem,
ITA,1980,1945-2020,v2x_polyarchy,0.792,V-Dem,
ITA,1980,1945-2020,cinc,0.02003083,COW,
ITA,1981,1945-2020,pop,56502.489,Maddison,
ITA,1981,1945-2020,gdppc,21041.0,Maddison,
ITA,1981,1945-2020,v2x_libdem,0.709,V-Dem,
ITA,1981,1945-2020,v2x_polyarchy,0.802,V-Dem,
ITA,1981,1945-2020,cinc,0.018916721,COW,
ITA,1982,1945-2020,pop,56535.636,Maddison,
ITA,1982,1945-2020,gdppc,21123.0,Maddison,
ITA,1982,1945-2020,v2x_libdem,0.708,V-Dem,
ITA,1982,1945-2020,v2x_polyarchy,0.802,V-Dem,
ITA,1982,1945-2020,cinc,0.019137098,COW,
ITA,1983,1945-2020,pop,56630.129,Maddison,
ITA,1983,1945-2020,gdppc,21345.0,Maddison,
ITA,1983,1945-2020,v2x_libdem,0.712,V-Dem,
ITA,1983,1945-2020,v2x_polyarchy,0.806,V-Dem,
ITA,1983,1945-2020,cinc,0.017938716,COW,
ITA,1984,1945-2020,pop,56696.963,Maddison,
ITA,1984,1945-2020,gdppc,21868.0,Maddison,
ITA,1984,1945-2020,v2x_libdem,0.724,V-Dem,
ITA,1984,1945-2020,v2x_polyarchy,0.819,V-Dem,
ITA,1984,1945-2020,cinc,0.017849229,COW,
ITA,1985,1945-2020,pop,56731.215,Maddison,
ITA,1985,1945-2020,gdppc,22469.0,Maddison,
ITA,1985,1945-2020,v2x_libdem,0.724,V-Dem,
ITA,1985,1945-2020,v2x_polyarchy,0.819,V-Dem,
ITA,1985,1945-2020,cinc,0.017414331,COW,
ITA,1986,1945-2020,pop,56733.833,Maddison,
ITA,1986,1945-2020,gdppc,23106.0,Maddison,
ITA,1986,1945-2020,v2x_libdem,0.724,V-Dem,
ITA,1986,1945-2020,v2x_polyarchy,0.819,V-Dem,
ITA,1986,1945-2020,cinc,0.017381884,COW,
ITA,1987,1945-2020,pop,56729.703,Maddison,
ITA,1987,1945-2020,gdppc,23824.0,Maddison,
ITA,1987,1945-2020,v2x_libdem,0.725,V-Dem,
ITA,1987,1945-2020,v2x_polyarchy,0.82,V-Dem,
ITA,1987,1945-2020,cinc,0.017383976,COW,
ITA,1988,1945-2020,pop,56734.027,Maddison,
ITA,1988,1945-2020,gdppc,24743.0,Maddison,
ITA,1988,1945-2020,v2x_libdem,0.725,V-Dem,
ITA,1988,1945-2020,v2x_polyarchy,0.821,V-Dem,
ITA,1988,1945-2020,cinc,0.017513033,COW,
ITA,1989,1945-2020,pop,56737.529,Maddison,
ITA,1989,1945-2020,gdppc,25454.0,Maddison,
ITA,1989,1945-2020,v2x_libdem,0.725,V-Dem,
ITA,1989,1945-2020,v2x_polyarchy,0.821,V-Dem,
ITA,1989,1945-2020,cinc,0.018577183,COW,
ITA,1990,1945-2020,pop,56742.886,Maddison,
ITA,1990,1945-2020,gdppc,26003.0,Maddison,
ITA,1990,1945-2020,v2x_libdem,0.732,V-Dem,
ITA,1990,1945-2020,v2x_polyarchy,0.821,V-Dem,
ITA,1990,1945-2020,cinc,0.018678904,COW,
ITA,1991,1945-2020,pop,56799.21,Maddison,
ITA,1991,1945-2020,gdppc,26570.36300367689,Maddison,
ITA,1991,1945-2020,v2x_libdem,0.738,V-Dem,
ITA,1991,1945-2020,v2x_polyarchy,0.829,V-Dem,
ITA,1991,1945-2020,cinc,0.019335635,COW,
ITA,1992,1945-2020,pop,56820.82,Maddison,
ITA,1992,1945-2020,gdppc,26960.610843483308,Maddison,
ITA,1992,1945-2020,v2x_libdem,0.747,V-Dem,
ITA,1992,1945-2020,v2x_polyarchy,0.831,V-Dem,
ITA,1992,1945-2020,cinc,0.019853465,COW,
ITA,1993,1945-2020,pop,56855.53,Maddison,
ITA,1993,1945-2020,gdppc,26902.398223124954,Maddison,
ITA,1993,1945-2020,v2x_libdem,0.749,V-Dem,
ITA,1993,1945-2020,v2x_polyarchy,0.835,V-Dem,
ITA,1993,1945-2020,cinc,0.020142213,COW,
ITA,1994,1945-2020,pop,56867.14,Maddison,
ITA,1994,1945-2020,gdppc,27668.257997101344,Maddison,
ITA,1994,1945-2020,v2x_libdem,0.743,V-Dem,
ITA,1994,1945-2020,v2x_polyarchy,0.83,V-Dem,
ITA,1994,1945-2020,cinc,0.018592991,COW,
ITA,1995,1945-2020,pop,56868.04,Maddison,
ITA,1995,1945-2020,gdppc,28666.35229534556,Maddison,
ITA,1995,1945-2020,v2x_libdem,0.744,V-Dem,
ITA,1995,1945-2020,v2x_polyarchy,0.828,V-Dem,
ITA,1995,1945-2020,cinc,0.019298725,COW,
ITA,1996,1945-2020,pop,56884.04,Maddison,
ITA,1996,1945-2020,gdppc,29231.2756037388,Maddison,
ITA,1996,1945-2020,v2x_libdem,0.75,V-Dem,
ITA,1996,1945-2020,v2x_polyarchy,0.835,V-Dem,
ITA,1996,1945-2020,cinc,0.019159529,COW,
ITA,1997,1945-2020,pop,56914.16,Maddison,
ITA,1997,1945-2020,gdppc,29960.69977713035,Maddison,
ITA,1997,1945-2020,v2x_libdem,0.758,V-Dem,
ITA,1997,1945-2020,v2x_polyarchy,0.843,V-Dem,
ITA,1997,1945-2020,cinc,0.019078458,COW,
ITA,1998,1945-2020,pop,56930.46,Maddison,
ITA,1998,1945-2020,gdppc,30649.629116416458,Maddison,
ITA,1998,1945-2020,v2x_libdem,0.758,V-Dem,
ITA,1998,1945-2020,v2x_polyarchy,0.843,V-Dem,
ITA,1998,1945-2020,cinc,0.01956244,COW,
ITA,1999,1945-2020,pop,56940.07,Maddison,
ITA,1999,1945-2020,gdppc,31340.481406663963,Maddison,
ITA,1999,1945-2020,v2x_libdem,0.758,V-Dem,
ITA,1999,1945-2020,v2x_polyarchy,0.843,V-Dem,
ITA,1999,1945-2020,cinc,0.018796369,COW,
ITA,2000,1945-2020,pop,56965.88,Maddison,
ITA,2000,1945-2020,gdppc,32716.980050789483,Maddison,
ITA,2000,1945-2020,v2x_libdem,0.756,V-Dem,
ITA,2000,1945-2020,v2x_polyarchy,0.84,V-Dem,
ITA,2000,1945-2020,cinc,0.017141322,COW,
ITA,2001,1945-2020,pop,57003.59,Maddison,
ITA,2001,1945-2020,gdppc,33511.43329684468,Maddison,
ITA,2001,1945-2020,v2x_libdem,0.746,V-Dem,
ITA,2001,1945-2020,v2x_polyarchy,0.833,V-Dem,
ITA,2001,1945-2020,cinc,0.016923029,COW,
ITA,2002,1945-2020,pop,57113.64,Maddison,
ITA,2002,1945-2020,gdppc,33780.05399122097,Maddison,
ITA,2002,1945-2020,v2x_libdem,0.751,V-Dem,
ITA,2002,1945-2020,v2x_polyarchy,0.837,V-Dem,
ITA,2002,1945-2020,cinc,0.01806831,COW,
ITA,2003,1945-2020,pop,57423.17,Maddison,
ITA,2003,1945-2020,gdppc,33917.79936684082,Maddison,
ITA,2003,1945-2020,v2x_libdem,0.753,V-Dem,
ITA,2003,1945-2020,v2x_polyarchy,0.837,V-Dem,
ITA,2003,1945-2020,cinc,0.018147077,COW,
ITA,2004,1945-2020,pop,57852.35,Maddison,
ITA,2004,1945-2020,gdppc,34472.12756983194,Maddison,
ITA,2004,1945-2020,v2x_libdem,0.753,V-Dem,
ITA,2004,1945-2020,v2x_polyarchy,0.837,V-Dem,
ITA,2004,1945-2020,cinc,0.017953653,COW,
ITA,2005,1945-2020,pop,58190.99,Maddison,
ITA,2005,1945-2020,gdppc,34872.12660694891,Maddison,
ITA,2005,1945-2020,v2x_libdem,0.761,V-Dem,
ITA,2005,1945-2020,v2x_polyarchy,0.846,V-Dem,
ITA,2005,1945-2020,cinc,0.017796053,COW,
ITA,2006,1945-2020,pop,58424.29,Maddison,
ITA,2006,1945-2020,gdppc,35713.80418293189,Maddison,
ITA,2006,1945-2020,v2x_libdem,0.775,V-Dem,
ITA,2006,1945-2020,v2x_polyarchy,0.852,V-Dem,
ITA,2006,1945-2020,cinc,0.017203579,COW,
ITA,2007,1945-2020,pop,58780.74,Maddison,
ITA,2007,1945-2020,gdppc,36310.7349426204,Maddison,
ITA,2007,1945-2020,v2x_libdem,0.782,V-Dem,
ITA,2007,1945-2020,v2x_polyarchy,0.861,V-Dem,
ITA,2007,1945-2020,cinc,0.01697257,COW,
ITA,2008,1945-2020,pop,59235.93,Maddison,
ITA,2008,1945-2020,gdppc,35942.93934612822,Maddison,
ITA,2008,1945-2020,v2x_libdem,0.768,V-Dem,
ITA,2008,1945-2020,v2x_polyarchy,0.855,V-Dem,
ITA,2008,1945-2020,cinc,0.015310513,COW,
ITA,2009,1945-2020,pop,59580.37,Maddison,
ITA,2009,1945-2020,gdppc,34055.22557284515,Maddison,
ITA,2009,1945-2020,v2x_libdem,0.775,V-Dem,
ITA,2009,1945-2020,v2x_polyarchy,0.857,V-Dem,
ITA,2009,1945-2020,cinc,0.014608028,COW,
ITA,2010,1945-2020,pop,59844.38,Maddison,
ITA,2010,1945-2020,gdppc,34765.93789539188,Maddison,
ITA,2010,1945-2020,v2x_libdem,0.775,V-Dem,
ITA,2010,1945-2020,v2x_polyarchy,0.856,V-Dem,
ITA,2010,1945-2020,cinc,0.013783914,COW,
ITA,2011,1945-2020,pop,60051.87,Maddison,
ITA,2011,1945-2020,gdppc,35151.0,Maddison,
ITA,2011,1945-2020,v2x_libdem,0.786,V-Dem,
ITA,2011,1945-2020,v2x_polyarchy,0.862,V-Dem,
ITA,2011,1945-2020,cinc,0.013636108,COW,
ITA,2012,1945-2020,pop,60216.34,Maddison,
ITA,2012,1945-2020,gdppc,34010.03518715312,Maddison,
ITA,2012,1945-2020,v2x_libdem,0.793,V-Dem,
ITA,2012,1945-2020,v2x_polyarchy,0.869,V-Dem,
ITA,2012,1945-2020,cinc,0.012837442,COW,
ITA,2013,1945-2020,pop,60336.79,Maddison,
ITA,2013,1945-2020,gdppc,33317.24412503938,Maddison,
ITA,2013,1945-2020,v2x_libdem,0.786,V-Dem,
ITA,2013,1945-2020,v2x_polyarchy,0.864,V-Dem,
ITA,2013,1945-2020,cinc,0.011908185,COW,
ITA,2014,1945-2020,pop,60345.89,Maddison,
ITA,2014,1945-2020,gdppc,33310.70502999905,Maddison,
ITA,2014,1945-2020,v2x_libdem,0.786,V-Dem,
ITA,2014,1945-2020,v2x_polyarchy,0.865,V-Dem,
ITA,2014,1945-2020,cinc,0.01142465,COW,
ITA,2015,1945-2020,pop,60254.75,Maddison,
ITA,2015,1945-2020,gdppc,33620.74085374743,Maddison,
ITA,2015,1945-2020,v2x_libdem,0.786,V-Dem,
ITA,2015,1945-2020,v2x_polyarchy,0.865,V-Dem,
ITA,2015,1945-2020,cinc,0.011250377,COW,
ITA,2016,1945-2020,pop,60140.3,Maddison,
ITA,2016,1945-2020,gdppc,34120.422176858934,Maddison,
ITA,2016,1945-2020,v2x_libdem,0.791,V-Dem,
ITA,2016,1945-2020,v2x_polyarchy,0.869,V-Dem,
ITA,2016,1945-2020,cinc,0.011425128,COW,
ITA,2017,1945-2020,pop,60027.36,Maddison,
ITA,2017,1945-2020,gdppc,34754.7701679821,Maddison,
ITA,2017,1945-2020,v2x_libdem,0.797,V-Dem,
ITA,2017,1945-2020,v2x_polyarchy,0.87,V-Dem,
ITA,2017,1945-2020,cinc,,COW,
ITA,2018,1945-2020,pop,59902.2,Maddison,
ITA,2018,1945-2020,gdppc,35149.822737797,Maddison,
ITA,2018,1945-2020,v2x_libdem,0.787,V-Dem,
ITA,2018,1945-2020,v2x_polyarchy,0.864,V-Dem,
ITA,2018,1945-2020,cinc,,COW,
ITA,2019,1945-2020,pop,59754.04,Maddison,
ITA,2019,1945-2020,gdppc,35407.241128719455,Maddison,
ITA,2019,1945-2020,v2x_libdem,0.777,V-Dem,
ITA,2019,1945-2020,v2x_polyarchy,0.854,V-Dem,
ITA,2019,1945-2020,cinc,,COW,
ITA,2020,1945-2020,pop,59463.72,Maddison,
ITA,2020,1945-2020,gdppc,32385.32709510664,Maddison,
ITA,2020,1945-2020,v2x_libdem,0.774,V-Dem,
ITA,2020,1945-2020,v2x_polyarchy,0.857,V-Dem,
ITA,2020,1945-2020,cinc,,COW,
NLD,1820,1820-1913,pop,2333.0,Maddison,
NLD,1820,1820-1913,gdppc,3006.0,Maddison,
NLD,1820,1820-1913,v2x_libdem,0.158,V-Dem,
NLD,1820,1820-1913,v2x_polyarchy,0.098,V-Dem,
NLD,1820,1820-1913,cinc,0.040109817,COW,
NLD,1821,1820-1913,pop,2365.0,Maddison,
NLD,1821,1820-1913,gdppc,2947.0,Maddison,
NLD,1821,1820-1913,v2x_libdem,0.158,V-Dem,
NLD,1821,1820-1913,v2x_polyarchy,0.098,V-Dem,
NLD,1821,1820-1913,cinc,0.038703915,COW,
NLD,1822,1820-1913,pop,2400.0,Maddison,
NLD,1822,1820-1913,gdppc,2974.0,Maddison,
NLD,1822,1820-1913,v2x_libdem,0.158,V-Dem,
NLD,1822,1820-1913,v2x_polyarchy,0.098,V-Dem,
NLD,1822,1820-1913,cinc,0.039189573,COW,
NLD,1823,1820-1913,pop,2435.0,Maddison,
NLD,1823,1820-1913,gdppc,3121.0,Maddison,
NLD,1823,1820-1913,v2x_libdem,0.158,V-Dem,
NLD,1823,1820-1913,v2x_polyarchy,0.098,V-Dem,
NLD,1823,1820-1913,cinc,0.039456494,COW,
NLD,1824,1820-1913,pop,2474.0,Maddison,
NLD,1824,1820-1913,gdppc,3100.0,Maddison,
NLD,1824,1820-1913,v2x_libdem,0.158,V-Dem,
NLD,1824,1820-1913,v2x_polyarchy,0.098,V-Dem,
NLD,1824,1820-1913,cinc,0.038766857,COW,
NLD,1825,1820-1913,pop,2514.0,Maddison,
NLD,1825,1820-1913,gdppc,3022.0,Maddison,
NLD,1825,1820-1913,v2x_libdem,0.158,V-Dem,
NLD,1825,1820-1913,v2x_polyarchy,0.098,V-Dem,
NLD,1825,1820-1913,cinc,0.038317978,COW,
NLD,1826,1820-1913,pop,2543.0,Maddison,
NLD,1826,1820-1913,gdppc,3068.0,Maddison,
NLD,1826,1820-1913,v2x_libdem,0.158,V-Dem,
NLD,1826,1820-1913,v2x_polyarchy,0.098,V-Dem,
NLD,1826,1820-1913,cinc,0.039812647,COW,
NLD,1827,1820-1913,pop,2561.0,Maddison,
NLD,1827,1820-1913,gdppc,3250.0,Maddison,
NLD,1827,1820-1913,v2x_libdem,0.158,V-Dem,
NLD,1827,1820-1913,v2x_polyarchy,0.098,V-Dem,
NLD,1827,1820-1913,cinc,0.037911795,COW,
NLD,1828,1820-1913,pop,2585.0,Maddison,
NLD,1828,1820-1913,gdppc,3319.0,Maddison,
NLD,1828,1820-1913,v2x_libdem,0.158,V-Dem,
NLD,1828,1820-1913,v2x_polyarchy,0.098,V-Dem,
NLD,1828,1820-1913,cinc,0.037568942,COW,
NLD,1829,1820-1913,pop,2610.0,Maddison,
NLD,1829,1820-1913,gdppc,3325.0,Maddison,
NLD,1829,1820-1913,v2x_libdem,0.158,V-Dem,
NLD,1829,1820-1913,v2x_polyarchy,0.098,V-Dem,
NLD,1829,1820-1913,cinc,0.037107993,COW,
NLD,1830,1820-1913,pop,2633.0,Maddison,
NLD,1830,1820-1913,gdppc,3038.0,Maddison,
NLD,1830,1820-1913,v2x_libdem,0.157,V-Dem,
NLD,1830,1820-1913,v2x_polyarchy,0.102,V-Dem,
NLD,1830,1820-1913,cinc,0.033643749,COW,
NLD,1831,1820-1913,pop,2653.0,Maddison,
NLD,1831,1820-1913,gdppc,3264.0,Maddison,
NLD,1831,1820-1913,v2x_libdem,0.159,V-Dem,
NLD,1831,1820-1913,v2x_polyarchy,0.109,V-Dem,
NLD,1831,1820-1913,cinc,0.022987362,COW,
NLD,1832,1820-1913,pop,2665.0,Maddison,
NLD,1832,1820-1913,gdppc,3417.0,Maddison,
NLD,1832,1820-1913,v2x_libdem,0.159,V-Dem,
NLD,1832,1820-1913,v2x_polyarchy,0.109,V-Dem,
NLD,1832,1820-1913,cinc,0.02156111,COW,
NLD,1833,1820-1913,pop,2683.0,Maddison,
NLD,1833,1820-1913,gdppc,3341.0,Maddison,
NLD,1833,1820-1913,v2x_libdem,0.159,V-Dem,
NLD,1833,1820-1913,v2x_polyarchy,0.109,V-Dem,
NLD,1833,1820-1913,cinc,0.019783022,COW,
NLD,1834,1820-1913,pop,2707.0,Maddison,
NLD,1834,1820-1913,gdppc,3370.0,Maddison,
NLD,1834,1820-1913,v2x_libdem,0.159,V-Dem,
NLD,1834,1820-1913,v2x_polyarchy,0.109,V-Dem,
NLD,1834,1820-1913,cinc,0.018130435,COW,
NLD,1835,1820-1913,pop,2732.0,Maddison,
NLD,1835,1820-1913,gdppc,3360.0,Maddison,
NLD,1835,1820-1913,v2x_libdem,0.159,V-Dem,
NLD,1835,1820-1913,v2x_polyarchy,0.109,V-Dem,
NLD,1835,1820-1913,cinc,0.015906528,COW,
NLD,1836,1820-1913,pop,2762.0,Maddison,
NLD,1836,1820-1913,gdppc,3472.0,Maddison,
NLD,1836,1820-1913,v2x_libdem,0.159,V-Dem,
NLD,1836,1820-1913,v2x_polyarchy,0.109,V-Dem,
NLD,1836,1820-1913,cinc,0.015821895,COW,
NLD,1837,1820-1913,pop,2791.0,Maddison,
NLD,1837,1820-1913,gdppc,3553.0,Maddison,
NLD,1837,1820-1913,v2x_libdem,0.159,V-Dem,
NLD,1837,1820-1913,v2x_polyarchy,0.109,V-Dem,
NLD,1837,1820-1913,cinc,0.01664144,COW,
NLD,1838,1820-1913,pop,2821.0,Maddison,
NLD,1838,1820-1913,gdppc,3590.0,Maddison,
NLD,1838,1820-1913,v2x_libdem,0.163,V-Dem,
NLD,1838,1820-1913,v2x_polyarchy,0.109,V-Dem,
NLD,1838,1820-1913,cinc,0.015278287,COW,
NLD,1839,1820-1913,pop,2853.0,Maddison,
NLD,1839,1820-1913,gdppc,3588.0,Maddison,
NLD,1839,1820-1913,v2x_libdem,0.163,V-Dem,
NLD,1839,1820-1913,v2x_polyarchy,0.109,V-Dem,
NLD,1839,1820-1913,cinc,0.014669918,COW,
NLD,1840,1820-1913,pop,2886.0,Maddison,
NLD,1840,1820-1913,gdppc,3623.0,Maddison,
NLD,1840,1820-1913,v2x_libdem,0.169,V-Dem,
NLD,1840,1820-1913,v2x_polyarchy,0.109,V-Dem,
NLD,1840,1820-1913,cinc,0.013047213,COW,
NLD,1841,1820-1913,pop,2921.0,Maddison,
NLD,1841,1820-1913,gdppc,3658.0,Maddison,
NLD,1841,1820-1913,v2x_libdem,0.169,V-Dem,
NLD,1841,1820-1913,v2x_polyarchy,0.109,V-Dem,
NLD,1841,1820-1913,cinc,0.012445033,COW,
NLD,1842,1820-1913,pop,2952.0,Maddison,
NLD,1842,1820-1913,gdppc,3569.0,Maddison,
NLD,1842,1820-1913,v2x_libdem,0.169,V-Dem,
NLD,1842,1820-1913,v2x_polyarchy,0.109,V-Dem,
NLD,1842,1820-1913,cinc,0.012544447,COW,
NLD,1843,1820-1913,pop,2981.0,Maddison,
NLD,1843,1820-1913,gdppc,3507.0,Maddison,
NLD,1843,1820-1913,v2x_libdem,0.169,V-Dem,
NLD,1843,1820-1913,v2x_polyarchy,0.109,V-Dem,
NLD,1843,1820-1913,cinc,0.012245338,COW,
NLD,1844,1820-1913,pop,3014.0,Maddison,
NLD,1844,1820-1913,gdppc,3540.0,Maddison,
NLD,1844,1820-1913,v2x_libdem,0.169,V-Dem,
NLD,1844,1820-1913,v2x_polyarchy,0.109,V-Dem,
NLD,1844,1820-1913,cinc,0.012682608,COW,
NLD,1845,1820-1913,pop,3047.0,Maddison,
NLD,1845,1820-1913,gdppc,3515.0,Maddison,
NLD,1845,1820-1913,v2x_libdem,0.169,V-Dem,
NLD,1845,1820-1913,v2x_polyarchy,0.109,V-Dem,
NLD,1845,1820-1913,cinc,0.012735645,COW,
NLD,1846,1820-1913,pop,3069.0,Maddison,
NLD,1846,1820-1913,gdppc,3521.0,Maddison,
NLD,1846,1820-1913,v2x_libdem,0.169,V-Dem,
NLD,1846,1820-1913,v2x_polyarchy,0.109,V-Dem,
NLD,1846,1820-1913,cinc,0.011881429,COW,
NLD,1847,1820-1913,pop,3071.0,Maddison,
NLD,1847,1820-1913,gdppc,3545.0,Maddison,
NLD,1847,1820-1913,v2x_libdem,0.169,V-Dem,
NLD,1847,1820-1913,v2x_polyarchy,0.109,V-Dem,
NLD,1847,1820-1913,cinc,0.012752856,COW,
NLD,1848,1820-1913,pop,3069.0,Maddison,
NLD,1848,1820-1913,gdppc,3602.0,Maddison,
NLD,1848,1820-1913,v2x_libdem,0.263,V-Dem,
NLD,1848,1820-1913,v2x_polyarchy,0.181,V-Dem,
NLD,1848,1820-1913,cinc,0.012003434,COW,
NLD,1849,1820-1913,pop,3076.0,Maddison,
NLD,1849,1820-1913,gdppc,3709.0,Maddison,
NLD,1849,1820-1913,v2x_libdem,0.368,V-Dem,
NLD,1849,1820-1913,v2x_polyarchy,0.37,V-Dem,
NLD,1849,1820-1913,cinc,0.011429237,COW,
NLD,1850,1820-1913,pop,3098.0,Maddison,
NLD,1850,1820-1913,gdppc,3779.0,Maddison,
NLD,1850,1820-1913,v2x_libdem,0.368,V-Dem,
NLD,1850,1820-1913,v2x_polyarchy,0.37,V-Dem,
NLD,1850,1820-1913,cinc,0.011022341,COW,
NLD,1851,1820-1913,pop,3133.0,Maddison,
NLD,1851,1820-1913,gdppc,3834.0,Maddison,
NLD,1851,1820-1913,v2x_libdem,0.368,V-Dem,
NLD,1851,1820-1913,v2x_polyarchy,0.371,V-Dem,
NLD,1851,1820-1913,cinc,0.011270929,COW,
NLD,1852,1820-1913,pop,3167.0,Maddison,
NLD,1852,1820-1913,gdppc,3790.0,Maddison,
NLD,1852,1820-1913,v2x_libdem,0.368,V-Dem,
NLD,1852,1820-1913,v2x_polyarchy,0.37,V-Dem,
NLD,1852,1820-1913,cinc,0.01130323,COW,
NLD,1853,1820-1913,pop,3194.0,Maddison,
NLD,1853,1820-1913,gdppc,3704.0,Maddison,
NLD,1853,1820-1913,v2x_libdem,0.368,V-Dem,
NLD,1853,1820-1913,v2x_polyarchy,0.37,V-Dem,
NLD,1853,1820-1913,cinc,0.011389285,COW,
NLD,1854,1820-1913,pop,3218.0,Maddison,
NLD,1854,1820-1913,gdppc,3931.0,Maddison,
NLD,1854,1820-1913,v2x_libdem,0.368,V-Dem,
NLD,1854,1820-1913,v2x_polyarchy,0.37,V-Dem,
NLD,1854,1820-1913,cinc,0.010661469,COW,
NLD,1855,1820-1913,pop,3235.0,Maddison,
NLD,1855,1820-1913,gdppc,3824.0,Maddison,
NLD,1855,1820-1913,v2x_libdem,0.367,V-Dem,
NLD,1855,1820-1913,v2x_polyarchy,0.37,V-Dem,
NLD,1855,1820-1913,cinc,0.010031117,COW,
NLD,1856,1820-1913,pop,3253.0,Maddison,
NLD,1856,1820-1913,gdppc,3977.0,Maddison,
NLD,1856,1820-1913,v2x_libdem,0.367,V-Dem,
NLD,1856,1820-1913,v2x_polyarchy,0.37,V-Dem,
NLD,1856,1820-1913,cinc,0.010070983,COW,
NLD,1857,1820-1913,pop,3277.0,Maddison,
NLD,1857,1820-1913,gdppc,3907.0,Maddison,
NLD,1857,1820-1913,v2x_libdem,0.367,V-Dem,
NLD,1857,1820-1913,v2x_polyarchy,0.37,V-Dem,
NLD,1857,1820-1913,cinc,0.011073322,COW,
NLD,1858,1820-1913,pop,3294.0,Maddison,
NLD,1858,1820-1913,gdppc,3800.0,Maddison,
NLD,1858,1820-1913,v2x_libdem,0.368,V-Dem,
NLD,1858,1820-1913,v2x_polyarchy,0.371,V-Dem,
NLD,1858,1820-1913,cinc,0.011119149,COW,
NLD,1859,1820-1913,pop,3304.0,Maddison,
NLD,1859,1820-1913,gdppc,3665.0,Maddison,
NLD,1859,1820-1913,v2x_libdem,0.369,V-Dem,
NLD,1859,1820-1913,v2x_polyarchy,0.372,V-Dem,
NLD,1859,1820-1913,cinc,0.010297509,COW,
NLD,1860,1820-1913,pop,3318.0,Maddison,
NLD,1860,1820-1913,gdppc,3840.0,Maddison,
NLD,1860,1820-1913,v2x_libdem,0.37,V-Dem,
NLD,1860,1820-1913,v2x_polyarchy,0.373,V-Dem,
NLD,1860,1820-1913,cinc,0.009437249,COW,
NLD,1861,1820-1913,pop,3340.0,Maddison,
NLD,1861,1820-1913,gdppc,3735.0,Maddison,
NLD,1861,1820-1913,v2x_libdem,0.369,V-Dem,
NLD,1861,1820-1913,v2x_polyarchy,0.372,V-Dem,
NLD,1861,1820-1913,cinc,0.0081530157,COW,
NLD,1862,1820-1913,pop,3366.0,Maddison,
NLD,1862,1820-1913,gdppc,3881.0,Maddison,
NLD,1862,1820-1913,v2x_libdem,0.37,V-Dem,
NLD,1862,1820-1913,v2x_polyarchy,0.373,V-Dem,
NLD,1862,1820-1913,cinc,0.0082048718,COW,
NLD,1863,1820-1913,pop,3397.0,Maddison,
NLD,1863,1820-1913,gdppc,3953.0,Maddison,
NLD,1863,1820-1913,v2x_libdem,0.37,V-Dem,
NLD,1863,1820-1913,v2x_polyarchy,0.374,V-Dem,
NLD,1863,1820-1913,cinc,0.0074593523,COW,
NLD,1864,1820-1913,pop,3431.0,Maddison,
NLD,1864,1820-1913,gdppc,4111.0,Maddison,
NLD,1864,1820-1913,v2x_libdem,0.369,V-Dem,
NLD,1864,1820-1913,v2x_polyarchy,0.373,V-Dem,
NLD,1864,1820-1913,cinc,0.0068445746,COW,
NLD,1865,1820-1913,pop,3460.0,Maddison,
NLD,1865,1820-1913,gdppc,4117.0,Maddison,
NLD,1865,1820-1913,v2x_libdem,0.369,V-Dem,
NLD,1865,1820-1913,v2x_polyarchy,0.372,V-Dem,
NLD,1865,1820-1913,cinc,0.0080760336,COW,
NLD,1866,1820-1913,pop,3484.0,Maddison,
NLD,1866,1820-1913,gdppc,4272.0,Maddison,
NLD,1866,1820-1913,v2x_libdem,0.369,V-Dem,
NLD,1866,1820-1913,v2x_polyarchy,0.374,V-Dem,
NLD,1866,1820-1913,cinc,0.0081838928,COW,
NLD,1867,1820-1913,pop,3510.0,Maddison,
NLD,1867,1820-1913,gdppc,4127.0,Maddison,
NLD,1867,1820-1913,v2x_libdem,0.37,V-Dem,
NLD,1867,1820-1913,v2x_polyarchy,0.375,V-Dem,
NLD,1867,1820-1913,cinc,0.0087071257,COW,
NLD,1868,1820-1913,pop,3543.0,Maddison,
NLD,1868,1820-1913,gdppc,4152.0,Maddison,
NLD,1868,1820-1913,v2x_libdem,0.37,V-Dem,
NLD,1868,1820-1913,v2x_polyarchy,0.374,V-Dem,
NLD,1868,1820-1913,cinc,0.0083871773,COW,
NLD,1869,1820-1913,pop,3575.0,Maddison,
NLD,1869,1820-1913,gdppc,4286.0,Maddison,
NLD,1869,1820-1913,v2x_libdem,0.369,V-Dem,
NLD,1869,1820-1913,v2x_polyarchy,0.373,V-Dem,
NLD,1869,1820-1913,cinc,0.0084790252,COW,
NLD,1870,1820-1913,pop,3610.0,Maddison,
NLD,1870,1820-1913,gdppc,4422.0,Maddison,
NLD,1870,1820-1913,v2x_libdem,0.369,V-Dem,
NLD,1870,1820-1913,v2x_polyarchy,0.373,V-Dem,
NLD,1870,1820-1913,cinc,0.0078139817,COW,
NLD,1871,1820-1913,pop,3636.0,Maddison,
NLD,1871,1820-1913,gdppc,4364.0,Maddison,
NLD,1871,1820-1913,v2x_libdem,0.369,V-Dem,
NLD,1871,1820-1913,v2x_polyarchy,0.373,V-Dem,
NLD,1871,1820-1913,cinc,0.0074524363,COW,
NLD,1872,1820-1913,pop,3662.0,Maddison,
NLD,1872,1820-1913,gdppc,4414.0,Maddison,
NLD,1872,1820-1913,v2x_libdem,0.369,V-Dem,
NLD,1872,1820-1913,v2x_polyarchy,0.373,V-Dem,
NLD,1872,1820-1913,cinc,0.0084708659,COW,
NLD,1873,1820-1913,pop,3670.0,Maddison,
NLD,1873,1820-1913,gdppc,4503.0,Maddison,
NLD,1873,1820-1913,v2x_libdem,0.369,V-Dem,
NLD,1873,1820-1913,v2x_polyarchy,0.373,V-Dem,
NLD,1873,1820-1913,cinc,0.0083621796,COW,
NLD,1874,1820-1913,pop,3745.0,Maddison,
NLD,1874,1820-1913,gdppc,4337.0,Maddison,
NLD,1874,1820-1913,v2x_libdem,0.371,V-Dem,
NLD,1874,1820-1913,v2x_polyarchy,0.376,V-Dem,
NLD,1874,1820-1913,cinc,0.008505038,COW,
NLD,1875,1820-1913,pop,3788.0,Maddison,
NLD,1875,1820-1913,gdppc,4584.0,Maddison,
NLD,1875,1820-1913,v2x_libdem,0.372,V-Dem,
NLD,1875,1820-1913,v2x_polyarchy,0.376,V-Dem,
NLD,1875,1820-1913,cinc,0.0090088714,COW,
NLD,1876,1820-1913,pop,3832.0,Maddison,
NLD,1876,1820-1913,gdppc,4595.0,Maddison,
NLD,1876,1820-1913,v2x_libdem,0.372,V-Dem,
NLD,1876,1820-1913,v2x_polyarchy,0.377,V-Dem,
NLD,1876,1820-1913,cinc,0.0090383291,COW,
NLD,1877,1820-1913,pop,3883.0,Maddison,
NLD,1877,1820-1913,gdppc,4651.0,Maddison,
NLD,1877,1820-1913,v2x_libdem,0.371,V-Dem,
NLD,1877,1820-1913,v2x_polyarchy,0.376,V-Dem,
NLD,1877,1820-1913,cinc,0.0086386288,COW,
NLD,1878,1820-1913,pop,3834.0,Maddison,
NLD,1878,1820-1913,gdppc,4637.0,Maddison,
NLD,1878,1820-1913,v2x_libdem,0.37,V-Dem,
NLD,1878,1820-1913,v2x_polyarchy,0.376,V-Dem,
NLD,1878,1820-1913,cinc,0.0086492281,COW,
NLD,1879,1820-1913,pop,3986.0,Maddison,
NLD,1879,1820-1913,gdppc,4414.0,Maddison,
NLD,1879,1820-1913,v2x_libdem,0.371,V-Dem,
NLD,1879,1820-1913,v2x_polyarchy,0.376,V-Dem,
NLD,1879,1820-1913,cinc,0.0089581236,COW,
NLD,1880,1820-1913,pop,4043.0,Maddison,
NLD,1880,1820-1913,gdppc,4666.0,Maddison,
NLD,1880,1820-1913,v2x_libdem,0.371,V-Dem,
NLD,1880,1820-1913,v2x_polyarchy,0.377,V-Dem,
NLD,1880,1820-1913,cinc,0.0091500552,COW,
NLD,1881,1820-1913,pop,4079.0,Maddison,
NLD,1881,1820-1913,gdppc,4694.0,Maddison,
NLD,1881,1820-1913,v2x_libdem,0.371,V-Dem,
NLD,1881,1820-1913,v2x_polyarchy,0.376,V-Dem,
NLD,1881,1820-1913,cinc,0.0088891573,COW,
NLD,1882,1820-1913,pop,4130.0,Maddison,
NLD,1882,1820-1913,gdppc,4758.0,Maddison,
NLD,1882,1820-1913,v2x_libdem,0.371,V-Dem,
NLD,1882,1820-1913,v2x_polyarchy,0.376,V-Dem,
NLD,1882,1820-1913,cinc,0.008819649,COW,
NLD,1883,1820-1913,pop,4180.0,Maddison,
NLD,1883,1820-1913,gdppc,5053.0,Maddison,
NLD,1883,1820-1913,v2x_libdem,0.371,V-Dem,
NLD,1883,1820-1913,v2x_polyarchy,0.376,V-Dem,
NLD,1883,1820-1913,cinc,0.0093007842,COW,
NLD,1884,1820-1913,pop,4226.0,Maddison,
NLD,1884,1820-1913,gdppc,5085.0,Maddison,
NLD,1884,1820-1913,v2x_libdem,0.371,V-Dem,
NLD,1884,1820-1913,v2x_polyarchy,0.376,V-Dem,
NLD,1884,1820-1913,cinc,0.0090878103,COW,
NLD,1885,1820-1913,pop,4276.0,Maddison,
NLD,1885,1820-1913,gdppc,5137.0,Maddison,
NLD,1885,1820-1913,v2x_libdem,0.371,V-Dem,
NLD,1885,1820-1913,v2x_polyarchy,0.376,V-Dem,
NLD,1885,1820-1913,cinc,0.0089726774,COW,
NLD,1886,1820-1913,pop,4326.0,Maddison,
NLD,1886,1820-1913,gdppc,5157.0,Maddison,
NLD,1886,1820-1913,v2x_libdem,0.374,V-Dem,
NLD,1886,1820-1913,v2x_polyarchy,0.38,V-Dem,
NLD,1886,1820-1913,cinc,0.008980196,COW,
NLD,1887,1820-1913,pop,4378.0,Maddison,
NLD,1887,1820-1913,gdppc,5223.0,Maddison,
NLD,1887,1820-1913,v2x_libdem,0.374,V-Dem,
NLD,1887,1820-1913,v2x_polyarchy,0.38,V-Dem,
NLD,1887,1820-1913,cinc,0.008590553,COW,
NLD,1888,1820-1913,pop,4432.0,Maddison,
NLD,1888,1820-1913,gdppc,5231.0,Maddison,
NLD,1888,1820-1913,v2x_libdem,0.392,V-Dem,
NLD,1888,1820-1913,v2x_polyarchy,0.41,V-Dem,
NLD,1888,1820-1913,cinc,0.0083853817,COW,
NLD,1889,1820-1913,pop,4485.0,Maddison,
NLD,1889,1820-1913,gdppc,5349.0,Maddison,
NLD,1889,1820-1913,v2x_libdem,0.392,V-Dem,
NLD,1889,1820-1913,v2x_polyarchy,0.41,V-Dem,
NLD,1889,1820-1913,cinc,0.0085208099,COW,
NLD,1890,1820-1913,pop,4535.0,Maddison,
NLD,1890,1820-1913,gdppc,5078.0,Maddison,
NLD,1890,1820-1913,v2x_libdem,0.392,V-Dem,
NLD,1890,1820-1913,v2x_polyarchy,0.41,V-Dem,
NLD,1890,1820-1913,cinc,0.0083485721,COW,
NLD,1891,1820-1913,pop,4585.0,Maddison,
NLD,1891,1820-1913,gdppc,5035.0,Maddison,
NLD,1891,1820-1913,v2x_libdem,0.392,V-Dem,
NLD,1891,1820-1913,v2x_polyarchy,0.41,V-Dem,
NLD,1891,1820-1913,cinc,0.008354581,COW,
NLD,1892,1820-1913,pop,4632.0,Maddison,
NLD,1892,1820-1913,gdppc,5131.0,Maddison,
NLD,1892,1820-1913,v2x_libdem,0.393,V-Dem,
NLD,1892,1820-1913,v2x_polyarchy,0.409,V-Dem,
NLD,1892,1820-1913,cinc,0.0081373975,COW,
NLD,1893,1820-1913,pop,4684.0,Maddison,
NLD,1893,1820-1913,gdppc,5019.0,Maddison,
NLD,1893,1820-1913,v2x_libdem,0.393,V-Dem,
NLD,1893,1820-1913,v2x_polyarchy,0.409,V-Dem,
NLD,1893,1820-1913,cinc,0.0083114952,COW,
NLD,1894,1820-1913,pop,4743.0,Maddison,
NLD,1894,1820-1913,gdppc,5247.0,Maddison,
NLD,1894,1820-1913,v2x_libdem,0.393,V-Dem,
NLD,1894,1820-1913,v2x_polyarchy,0.411,V-Dem,
NLD,1894,1820-1913,cinc,0.008140971,COW,
NLD,1895,1820-1913,pop,4803.0,Maddison,
NLD,1895,1820-1913,gdppc,5212.0,Maddison,
NLD,1895,1820-1913,v2x_libdem,0.393,V-Dem,
NLD,1895,1820-1913,v2x_polyarchy,0.411,V-Dem,
NLD,1895,1820-1913,cinc,0.0079630408,COW,
NLD,1896,1820-1913,pop,4866.0,Maddison,
NLD,1896,1820-1913,gdppc,5359.0,Maddison,
NLD,1896,1820-1913,v2x_libdem,0.417,V-Dem,
NLD,1896,1820-1913,v2x_polyarchy,0.447,V-Dem,
NLD,1896,1820-1913,cinc,0.0082360711,COW,
NLD,1897,1820-1913,pop,4935.0,Maddison,
NLD,1897,1820-1913,gdppc,5421.0,Maddison,
NLD,1897,1820-1913,v2x_libdem,0.417,V-Dem,
NLD,1897,1820-1913,v2x_polyarchy,0.447,V-Dem,
NLD,1897,1820-1913,cinc,0.0078576244,COW,
NLD,1898,1820-1913,pop,5003.0,Maddison,
NLD,1898,1820-1913,gdppc,5431.0,Maddison,
NLD,1898,1820-1913,v2x_libdem,0.418,V-Dem,
NLD,1898,1820-1913,v2x_polyarchy,0.447,V-Dem,
NLD,1898,1820-1913,cinc,0.0073922225,COW,
NLD,1899,1820-1913,pop,5070.0,Maddison,
NLD,1899,1820-1913,gdppc,5435.0,Maddison,
NLD,1899,1820-1913,v2x_libdem,0.418,V-Dem,
NLD,1899,1820-1913,v2x_polyarchy,0.447,V-Dem,
NLD,1899,1820-1913,cinc,0.0073409472,COW,
NLD,1900,1820-1913,pop,5142.0,Maddison,
NLD,1900,1820-1913,gdppc,5306.0,Maddison,
NLD,1900,1820-1913,v2x_libdem,0.43,V-Dem,
NLD,1900,1820-1913,v2x_polyarchy,0.464,V-Dem,
NLD,1900,1820-1913,cinc,0.0070613185,COW,
NLD,1901,1820-1913,pop,5221.0,Maddison,
NLD,1901,1820-1913,gdppc,5483.0,Maddison,
NLD,1901,1820-1913,v2x_libdem,0.424,V-Dem,
NLD,1901,1820-1913,v2x_polyarchy,0.455,V-Dem,
NLD,1901,1820-1913,cinc,0.0070705158,COW,
NLD,1902,1820-1913,pop,5305.0,Maddison,
NLD,1902,1820-1913,gdppc,5630.0,Maddison,
NLD,1902,1820-1913,v2x_libdem,0.419,V-Dem,
NLD,1902,1820-1913,v2x_polyarchy,0.448,V-Dem,
NLD,1902,1820-1913,cinc,0.0072028423,COW,
NLD,1903,1820-1913,pop,5389.0,Maddison,
NLD,1903,1820-1913,gdppc,5544.0,Maddison,
NLD,1903,1820-1913,v2x_libdem,0.419,V-Dem,
NLD,1903,1820-1913,v2x_polyarchy,0.448,V-Dem,
NLD,1903,1820-1913,cinc,0.0071294573,COW,
NLD,1904,1820-1913,pop,5470.0,Maddison,
NLD,1904,1820-1913,gdppc,5541.0,Maddison,
NLD,1904,1820-1913,v2x_libdem,0.419,V-Dem,
NLD,1904,1820-1913,v2x_polyarchy,0.448,V-Dem,
NLD,1904,1820-1913,cinc,0.0070463056,COW,
NLD,1905,1820-1913,pop,5551.0,Maddison,
NLD,1905,1820-1913,gdppc,5735.0,Maddison,
NLD,1905,1820-1913,v2x_libdem,0.419,V-Dem,
NLD,1905,1820-1913,v2x_polyarchy,0.448,V-Dem,
NLD,1905,1820-1913,cinc,0.0064769769,COW,
NLD,1906,1820-1913,pop,5632.0,Maddison,
NLD,1906,1820-1913,gdppc,5770.0,Maddison,
NLD,1906,1820-1913,v2x_libdem,0.419,V-Dem,
NLD,1906,1820-1913,v2x_polyarchy,0.448,V-Dem,
NLD,1906,1820-1913,cinc,0.0067454972,COW,
NLD,1907,1820-1913,pop,5710.0,Maddison,
NLD,1907,1820-1913,gdppc,5592.0,Maddison,
NLD,1907,1820-1913,v2x_libdem,0.419,V-Dem,
NLD,1907,1820-1913,v2x_polyarchy,0.448,V-Dem,
NLD,1907,1820-1913,cinc,0.0067930045,COW,
NLD,1908,1820-1913,pop,5786.0,Maddison,
NLD,1908,1820-1913,gdppc,5628.0,Maddison,
NLD,1908,1820-1913,v2x_libdem,0.419,V-Dem,
NLD,1908,1820-1913,v2x_polyarchy,0.448,V-Dem,
NLD,1908,1820-1913,cinc,0.0068268236,COW,
NLD,1909,1820-1913,pop,5862.0,Maddison,
NLD,1909,1820-1913,gdppc,5852.0,Maddison,
NLD,1909,1820-1913,v2x_libdem,0.419,V-Dem,
NLD,1909,1820-1913,v2x_polyarchy,0.449,V-Dem,
NLD,1909,1820-1913,cinc,0.006705523,COW,
NLD,1910,1820-1913,pop,5922.0,Maddison,
NLD,1910,1820-1913,gdppc,6030.0,Maddison,
NLD,1910,1820-1913,v2x_libdem,0.43,V-Dem,
NLD,1910,1820-1913,v2x_polyarchy,0.465,V-Dem,
NLD,1910,1820-1913,cinc,0.0067412895,COW,
NLD,1911,1820-1913,pop,5984.0,Maddison,
NLD,1911,1820-1913,gdppc,6158.0,Maddison,
NLD,1911,1820-1913,v2x_libdem,0.43,V-Dem,
NLD,1911,1820-1913,v2x_polyarchy,0.465,V-Dem,
NLD,1911,1820-1913,cinc,0.0070429826,COW,
NLD,1912,1820-1913,pop,6068.0,Maddison,
NLD,1912,1820-1913,gdppc,6245.0,Maddison,
NLD,1912,1820-1913,v2x_libdem,0.43,V-Dem,
NLD,1912,1820-1913,v2x_polyarchy,0.465,V-Dem,
NLD,1912,1820-1913,cinc,0.0071719685,COW,
NLD,1913,1820-1913,pop,6164.0,Maddison,
NLD,1913,1820-1913,gdppc,6454.0,Maddison,
NLD,1913,1820-1913,v2x_libdem,0.428,V-Dem,
NLD,1913,1820-1913,v2x_polyarchy,0.462,V-Dem,
NLD,1913,1820-1913,cinc,0.0068645766,COW,
NLD,1945,1945-2020,pop,9262.0,Maddison,
NLD,1945,1945-2020,gdppc,4281.0,Maddison,
NLD,1945,1945-2020,v2x_libdem,0.147,V-Dem,
NLD,1945,1945-2020,v2x_polyarchy,0.188,V-Dem,
NLD,1945,1945-2020,cinc,0.0038845413,COW,
NLD,1946,1945-2020,pop,9424.0,Maddison,
NLD,1946,1945-2020,gdppc,7104.0,Maddison,
NLD,1946,1945-2020,v2x_libdem,0.477,V-Dem,
NLD,1946,1945-2020,v2x_polyarchy,0.524,V-Dem,
NLD,1946,1945-2020,cinc,0.0060418802,COW,
NLD,1947,1945-2020,pop,9630.0,Maddison,
NLD,1947,1945-2020,gdppc,8046.0,Maddison,
NLD,1947,1945-2020,v2x_libdem,0.692,V-Dem,
NLD,1947,1945-2020,v2x_polyarchy,0.758,V-Dem,
NLD,1947,1945-2020,cinc,0.0079912739,COW,
NLD,1948,1945-2020,pop,9800.0,Maddison,
NLD,1948,1945-2020,gdppc,8751.0,Maddison,
NLD,1948,1945-2020,v2x_libdem,0.7,V-Dem,
NLD,1948,1945-2020,v2x_polyarchy,0.767,V-Dem,
NLD,1948,1945-2020,cinc,0.008319458,COW,
NLD,1949,1945-2020,pop,9956.0,Maddison,
NLD,1949,1945-2020,gdppc,9373.0,Maddison,
NLD,1949,1945-2020,v2x_libdem,0.716,V-Dem,
NLD,1949,1945-2020,v2x_polyarchy,0.778,V-Dem,
NLD,1949,1945-2020,cinc,0.0080646118,COW,
NLD,1950,1945-2020,pop,10113.527,Maddison,
NLD,1950,1945-2020,gdppc,9558.0,Maddison,
NLD,1950,1945-2020,v2x_libdem,0.716,V-Dem,
NLD,1950,1945-2020,v2x_polyarchy,0.778,V-Dem,
NLD,1950,1945-2020,cinc,0.0081174439,COW,
NLD,1951,1945-2020,pop,10264.311,Maddison,
NLD,1951,1945-2020,gdppc,9615.0,Maddison,
NLD,1951,1945-2020,v2x_libdem,0.716,V-Dem,
NLD,1951,1945-2020,v2x_polyarchy,0.778,V-Dem,
NLD,1951,1945-2020,cinc,0.0076385359,COW,
NLD,1952,1945-2020,pop,10381.988,Maddison,
NLD,1952,1945-2020,gdppc,9698.0,Maddison,
NLD,1952,1945-2020,v2x_libdem,0.71,V-Dem,
NLD,1952,1945-2020,v2x_polyarchy,0.771,V-Dem,
NLD,1952,1945-2020,cinc,0.0073166201,COW,
NLD,1953,1945-2020,pop,10493.184,Maddison,
NLD,1953,1945-2020,gdppc,10429.0,Maddison,
NLD,1953,1945-2020,v2x_libdem,0.704,V-Dem,
NLD,1953,1945-2020,v2x_polyarchy,0.764,V-Dem,
NLD,1953,1945-2020,cinc,0.0072992602,COW,
NLD,1954,1945-2020,pop,10615.38,Maddison,
NLD,1954,1945-2020,gdppc,11010.0,Maddison,
NLD,1954,1945-2020,v2x_libdem,0.704,V-Dem,
NLD,1954,1945-2020,v2x_polyarchy,0.764,V-Dem,
NLD,1954,1945-2020,cinc,0.0075273872,COW,
NLD,1955,1945-2020,pop,10750.842,Maddison,
NLD,1955,1945-2020,gdppc,11678.0,Maddison,
NLD,1955,1945-2020,v2x_libdem,0.697,V-Dem,
NLD,1955,1945-2020,v2x_polyarchy,0.758,V-Dem,
NLD,1955,1945-2020,cinc,0.0070863133,COW,
NLD,1956,1945-2020,pop,10889.351,Maddison,
NLD,1956,1945-2020,gdppc,11953.0,Maddison,
NLD,1956,1945-2020,v2x_libdem,0.719,V-Dem,
NLD,1956,1945-2020,v2x_polyarchy,0.779,V-Dem,
NLD,1956,1945-2020,cinc,0.007088142,COW,
NLD,1957,1945-2020,pop,11026.383,Maddison,
NLD,1957,1945-2020,gdppc,12137.0,Maddison,
NLD,1957,1945-2020,v2x_libdem,0.726,V-Dem,
NLD,1957,1945-2020,v2x_polyarchy,0.786,V-Dem,
NLD,1957,1945-2020,cinc,0.0069896271,COW,
NLD,1958,1945-2020,pop,11186.875,Maddison,
NLD,1958,1945-2020,gdppc,11926.0,Maddison,
NLD,1958,1945-2020,v2x_libdem,0.726,V-Dem,
NLD,1958,1945-2020,v2x_polyarchy,0.786,V-Dem,
NLD,1958,1945-2020,cinc,0.0069758622,COW,
NLD,1959,1945-2020,pop,11347.639,Maddison,
NLD,1959,1945-2020,gdppc,12333.0,Maddison,
NLD,1959,1945-2020,v2x_libdem,0.728,V-Dem,
NLD,1959,1945-2020,v2x_polyarchy,0.787,V-Dem,
NLD,1959,1945-2020,cinc,0.0066679157,COW,
NLD,1960,1945-2020,pop,11486.0,Maddison,
NLD,1960,1945-2020,gdppc,13209.0,Maddison,
NLD,1960,1945-2020,v2x_libdem,0.739,V-Dem,
NLD,1960,1945-2020,v2x_polyarchy,0.796,V-Dem,
NLD,1960,1945-2020,cinc,0.0068122945,COW,
NLD,1961,1945-2020,pop,11638.713,Maddison,
NLD,1961,1945-2020,gdppc,13074.0,Maddison,
NLD,1961,1945-2020,v2x_libdem,0.739,V-Dem,
NLD,1961,1945-2020,v2x_polyarchy,0.796,V-Dem,
NLD,1961,1945-2020,cinc,0.0067847972,COW,
NLD,1962,1945-2020,pop,11805.689,Maddison,
NLD,1962,1945-2020,gdppc,13770.0,Maddison,
NLD,1962,1945-2020,v2x_libdem,0.739,V-Dem,
NLD,1962,1945-2020,v2x_polyarchy,0.796,V-Dem,
NLD,1962,1945-2020,cinc,0.0067621595,COW,
NLD,1963,1945-2020,pop,11965.966,Maddison,
NLD,1963,1945-2020,gdppc,14078.0,Maddison,
NLD,1963,1945-2020,v2x_libdem,0.734,V-Dem,
NLD,1963,1945-2020,v2x_polyarchy,0.793,V-Dem,
NLD,1963,1945-2020,cinc,0.006585144,COW,
NLD,1964,1945-2020,pop,12127.12,Maddison,
NLD,1964,1945-2020,gdppc,15042.0,Maddison,
NLD,1964,1945-2020,v2x_libdem,0.731,V-Dem,
NLD,1964,1945-2020,v2x_polyarchy,0.791,V-Dem,
NLD,1964,1945-2020,cinc,0.0066190832,COW,
NLD,1965,1945-2020,pop,12292.0,Maddison,
NLD,1965,1945-2020,gdppc,15618.0,Maddison,
NLD,1965,1945-2020,v2x_libdem,0.731,V-Dem,
NLD,1965,1945-2020,v2x_polyarchy,0.791,V-Dem,
NLD,1965,1945-2020,cinc,0.0067613903,COW,
NLD,1966,1945-2020,pop,12454.8,Maddison,
NLD,1966,1945-2020,gdppc,15838.0,Maddison,
NLD,1966,1945-2020,v2x_libdem,0.76,V-Dem,
NLD,1966,1945-2020,v2x_polyarchy,0.818,V-Dem,
NLD,1966,1945-2020,cinc,0.0065402216,COW,
NLD,1967,1945-2020,pop,12596.822,Maddison,
NLD,1967,1945-2020,gdppc,16483.0,Maddison,
NLD,1967,1945-2020,v2x_libdem,0.764,V-Dem,
NLD,1967,1945-2020,v2x_polyarchy,0.822,V-Dem,
NLD,1967,1945-2020,cinc,0.0065306057,COW,
NLD,1968,1945-2020,pop,12724.68,Maddison,
NLD,1968,1945-2020,gdppc,17365.0,Maddison,
NLD,1968,1945-2020,v2x_libdem,0.769,V-Dem,
NLD,1968,1945-2020,v2x_polyarchy,0.826,V-Dem,
NLD,1968,1945-2020,cinc,0.0065541887,COW,
NLD,1969,1945-2020,pop,12873.0,Maddison,
NLD,1969,1945-2020,gdppc,18270.0,Maddison,
NLD,1969,1945-2020,v2x_libdem,0.78,V-Dem,
NLD,1969,1945-2020,v2x_polyarchy,0.837,V-Dem,
NLD,1969,1945-2020,cinc,0.0069994144,COW,
NLD,1970,1945-2020,pop,13032.335,Maddison,
NLD,1970,1945-2020,gdppc,19075.0,Maddison,
NLD,1970,1945-2020,v2x_libdem,0.786,V-Dem,
NLD,1970,1945-2020,v2x_polyarchy,0.84,V-Dem,
NLD,1970,1945-2020,cinc,0.0072448291,COW,
NLD,1971,1945-2020,pop,13193.776,Maddison,
NLD,1971,1945-2020,gdppc,19636.0,Maddison,
NLD,1971,1945-2020,v2x_libdem,0.787,V-Dem,
NLD,1971,1945-2020,v2x_polyarchy,0.841,V-Dem,
NLD,1971,1945-2020,cinc,0.007225283,COW,
NLD,1972,1945-2020,pop,13329.874,Maddison,
NLD,1972,1945-2020,gdppc,20079.0,Maddison,
NLD,1972,1945-2020,v2x_libdem,0.793,V-Dem,
NLD,1972,1945-2020,v2x_polyarchy,0.845,V-Dem,
NLD,1972,1945-2020,cinc,0.007615739,COW,
NLD,1973,1945-2020,pop,13438.404,Maddison,
NLD,1973,1945-2020,gdppc,20851.0,Maddison,
NLD,1973,1945-2020,v2x_libdem,0.791,V-Dem,
NLD,1973,1945-2020,v2x_polyarchy,0.844,V-Dem,
NLD,1973,1945-2020,cinc,0.0075288978,COW,
NLD,1974,1945-2020,pop,13540.584,Maddison,
NLD,1974,1945-2020,gdppc,21514.0,Maddison,
NLD,1974,1945-2020,v2x_libdem,0.791,V-Dem,
NLD,1974,1945-2020,v2x_polyarchy,0.844,V-Dem,
NLD,1974,1945-2020,cinc,0.0073396293,COW,
NLD,1975,1945-2020,pop,13653.438,Maddison,
NLD,1975,1945-2020,gdppc,21318.0,Maddison,
NLD,1975,1945-2020,v2x_libdem,0.791,V-Dem,
NLD,1975,1945-2020,v2x_polyarchy,0.844,V-Dem,
NLD,1975,1945-2020,cinc,0.0070545836,COW,
NLD,1976,1945-2020,pop,13769.913,Maddison,
NLD,1976,1945-2020,gdppc,22132.0,Maddison,
NLD,1976,1945-2020,v2x_libdem,0.791,V-Dem,
NLD,1976,1945-2020,v2x_polyarchy,0.844,V-Dem,
NLD,1976,1945-2020,cinc,0.0071370043,COW,
NLD,1977,1945-2020,pop,13852.989,Maddison,
NLD,1977,1945-2020,gdppc,22598.0,Maddison,
NLD,1977,1945-2020,v2x_libdem,0.79,V-Dem,
NLD,1977,1945-2020,v2x_polyarchy,0.843,V-Dem,
NLD,1977,1945-2020,cinc,0.0070267073,COW,
NLD,1978,1945-2020,pop,13936.754,Maddison,
NLD,1978,1945-2020,gdppc,22992.0,Maddison,
NLD,1978,1945-2020,v2x_libdem,0.793,V-Dem,
NLD,1978,1945-2020,v2x_polyarchy,0.847,V-Dem,
NLD,1978,1945-2020,cinc,0.007004987,COW,
NLD,1979,1945-2020,pop,14030.002,Maddison,
NLD,1979,1945-2020,gdppc,23347.0,Maddison,
NLD,1979,1945-2020,v2x_libdem,0.802,V-Dem,
NLD,1979,1945-2020,v2x_polyarchy,0.855,V-Dem,
NLD,1979,1945-2020,cinc,0.0071248305,COW,
NLD,1980,1945-2020,pop,14143.901,Maddison,
NLD,1980,1945-2020,gdppc,23438.0,Maddison,
NLD,1980,1945-2020,v2x_libdem,0.811,V-Dem,
NLD,1980,1945-2020,v2x_polyarchy,0.86,V-Dem,
NLD,1980,1945-2020,cinc,0.006663302,COW,
NLD,1981,1945-2020,pop,14246.049,Maddison,
NLD,1981,1945-2020,gdppc,23153.0,Maddison,
NLD,1981,1945-2020,v2x_libdem,0.811,V-Dem,
NLD,1981,1945-2020,v2x_polyarchy,0.862,V-Dem,
NLD,1981,1945-2020,cinc,0.0062512807,COW,
NLD,1982,1945-2020,pop,14310.401,Maddison,
NLD,1982,1945-2020,gdppc,22780.0,Maddison,
NLD,1982,1945-2020,v2x_libdem,0.814,V-Dem,
NLD,1982,1945-2020,v2x_polyarchy,0.862,V-Dem,
NLD,1982,1945-2020,cinc,0.0056950524,COW,
NLD,1983,1945-2020,pop,14362.381,Maddison,
NLD,1983,1945-2020,gdppc,23086.0,Maddison,
NLD,1983,1945-2020,v2x_libdem,0.813,V-Dem,
NLD,1983,1945-2020,v2x_polyarchy,0.861,V-Dem,
NLD,1983,1945-2020,cinc,0.0057645007,COW,
NLD,1984,1945-2020,pop,14420.022,Maddison,
NLD,1984,1945-2020,gdppc,23750.0,Maddison,
NLD,1984,1945-2020,v2x_libdem,0.813,V-Dem,
NLD,1984,1945-2020,v2x_polyarchy,0.861,V-Dem,
NLD,1984,1945-2020,cinc,0.0058279736,COW,
NLD,1985,1945-2020,pop,14491.38,Maddison,
NLD,1985,1945-2020,gdppc,24361.0,Maddison,
NLD,1985,1945-2020,v2x_libdem,0.813,V-Dem,
NLD,1985,1945-2020,v2x_polyarchy,0.861,V-Dem,
NLD,1985,1945-2020,cinc,0.0057291761,COW,
NLD,1986,1945-2020,pop,14571.875,Maddison,
NLD,1986,1945-2020,gdppc,24893.0,Maddison,
NLD,1986,1945-2020,v2x_libdem,0.813,V-Dem,
NLD,1986,1945-2020,v2x_polyarchy,0.86,V-Dem,
NLD,1986,1945-2020,cinc,0.0059562591,COW,
NLD,1987,1945-2020,pop,14665.278,Maddison,
NLD,1987,1945-2020,gdppc,25085.0,Maddison,
NLD,1987,1945-2020,v2x_libdem,0.812,V-Dem,
NLD,1987,1945-2020,v2x_polyarchy,0.86,V-Dem,
NLD,1987,1945-2020,cinc,0.0059317406,COW,
NLD,1988,1945-2020,pop,14761.339,Maddison,
NLD,1988,1945-2020,gdppc,25574.0,Maddison,
NLD,1988,1945-2020,v2x_libdem,0.812,V-Dem,
NLD,1988,1945-2020,v2x_polyarchy,0.86,V-Dem,
NLD,1988,1945-2020,cinc,0.0059541822,COW,
NLD,1989,1945-2020,pop,14848.907,Maddison,
NLD,1989,1945-2020,gdppc,26612.0,Maddison,
NLD,1989,1945-2020,v2x_libdem,0.813,V-Dem,
NLD,1989,1945-2020,v2x_polyarchy,0.861,V-Dem,
NLD,1989,1945-2020,cinc,0.0062806155,COW,
NLD,1990,1945-2020,pop,14951.51,Maddison,
NLD,1990,1945-2020,gdppc,27515.0,Maddison,
NLD,1990,1945-2020,v2x_libdem,0.814,V-Dem,
NLD,1990,1945-2020,v2x_polyarchy,0.862,V-Dem,
NLD,1990,1945-2020,cinc,0.0061462196,COW,
NLD,1991,1945-2020,pop,15072.55,Maddison,
NLD,1991,1945-2020,gdppc,28126.78128729326,Maddison,
NLD,1991,1945-2020,v2x_libdem,0.814,V-Dem,
NLD,1991,1945-2020,v2x_polyarchy,0.862,V-Dem,
NLD,1991,1945-2020,cinc,0.0065313065,COW,
NLD,1992,1945-2020,pop,15186.58,Maddison,
NLD,1992,1945-2020,gdppc,28555.731843562444,Maddison,
NLD,1992,1945-2020,v2x_libdem,0.814,V-Dem,
NLD,1992,1945-2020,v2x_polyarchy,0.862,V-Dem,
NLD,1992,1945-2020,cinc,0.0066595511,COW,
NLD,1993,1945-2020,pop,15294.61,Maddison,
NLD,1993,1945-2020,gdppc,28879.995637789518,Maddison,
NLD,1993,1945-2020,v2x_libdem,0.814,V-Dem,
NLD,1993,1945-2020,v2x_polyarchy,0.862,V-Dem,
NLD,1993,1945-2020,cinc,0.0066845957,COW,
NLD,1994,1945-2020,pop,15385.64,Maddison,
NLD,1994,1945-2020,gdppc,29727.555977579766,Maddison,
NLD,1994,1945-2020,v2x_libdem,0.813,V-Dem,
NLD,1994,1945-2020,v2x_polyarchy,0.861,V-Dem,
NLD,1994,1945-2020,cinc,0.0065618274,COW,
NLD,1995,1945-2020,pop,15464.33,Maddison,
NLD,1995,1945-2020,gdppc,30680.346818344584,Maddison,
NLD,1995,1945-2020,v2x_libdem,0.812,V-Dem,
NLD,1995,1945-2020,v2x_polyarchy,0.861,V-Dem,
NLD,1995,1945-2020,cinc,0.0065413835,COW,
NLD,1996,1945-2020,pop,15535.36,Maddison,
NLD,1996,1945-2020,gdppc,31811.739177846182,Maddison,
NLD,1996,1945-2020,v2x_libdem,0.812,V-Dem,
NLD,1996,1945-2020,v2x_polyarchy,0.861,V-Dem,
NLD,1996,1945-2020,cinc,0.0064765895,COW,
NLD,1997,1945-2020,pop,15616.39,Maddison,
NLD,1997,1945-2020,gdppc,33199.63247748674,Maddison,
NLD,1997,1945-2020,v2x_libdem,0.805,V-Dem,
NLD,1997,1945-2020,v2x_polyarchy,0.854,V-Dem,
NLD,1997,1945-2020,cinc,0.0061616264,COW,
NLD,1998,1945-2020,pop,15712.42,Maddison,
NLD,1998,1945-2020,gdppc,34688.551972478344,Maddison,
NLD,1998,1945-2020,v2x_libdem,0.799,V-Dem,
NLD,1998,1945-2020,v2x_polyarchy,0.847,V-Dem,
NLD,1998,1945-2020,cinc,0.0062538059,COW,
NLD,1999,1945-2020,pop,15817.46,Maddison,
NLD,1999,1945-2020,gdppc,36409.076594083985,Maddison,
NLD,1999,1945-2020,v2x_libdem,0.817,V-Dem,
NLD,1999,1945-2020,v2x_polyarchy,0.866,V-Dem,
NLD,1999,1945-2020,cinc,0.0057901004,COW,
NLD,2000,1945-2020,pop,15931.5,Maddison,
NLD,2000,1945-2020,gdppc,37899.95037765948,Maddison,
NLD,2000,1945-2020,v2x_libdem,0.808,V-Dem,
NLD,2000,1945-2020,v2x_polyarchy,0.856,V-Dem,
NLD,2000,1945-2020,cinc,0.0055032605,COW,
NLD,2001,1945-2020,pop,16051.54,Maddison,
NLD,2001,1945-2020,gdppc,38636.22114859548,Maddison,
NLD,2001,1945-2020,v2x_libdem,0.808,V-Dem,
NLD,2001,1945-2020,v2x_polyarchy,0.856,V-Dem,
NLD,2001,1945-2020,cinc,0.0056016729,COW,
NLD,2002,1945-2020,pop,16154.57,Maddison,
NLD,2002,1945-2020,gdppc,38653.123690763896,Maddison,
NLD,2002,1945-2020,v2x_libdem,0.803,V-Dem,
NLD,2002,1945-2020,v2x_polyarchy,0.851,V-Dem,
NLD,2002,1945-2020,cinc,0.005397479,COW,
NLD,2003,1945-2020,pop,16230.6,Maddison,
NLD,2003,1945-2020,gdppc,38803.95858555849,Maddison,
NLD,2003,1945-2020,v2x_libdem,0.813,V-Dem,
NLD,2003,1945-2020,v2x_polyarchy,0.86,V-Dem,
NLD,2003,1945-2020,cinc,0.0054796855,COW,
NLD,2004,1945-2020,pop,16287.62,Maddison,
NLD,2004,1945-2020,gdppc,39682.37611246844,Maddison,
NLD,2004,1945-2020,v2x_libdem,0.813,V-Dem,
NLD,2004,1945-2020,v2x_polyarchy,0.86,V-Dem,
NLD,2004,1945-2020,cinc,0.0054348134,COW,
NLD,2005,1945-2020,pop,16325.63,Maddison,
NLD,2005,1945-2020,gdppc,40679.489520828436,Maddison,
NLD,2005,1945-2020,v2x_libdem,0.813,V-Dem,
NLD,2005,1945-2020,v2x_polyarchy,0.86,V-Dem,
NLD,2005,1945-2020,cinc,0.0053236075,COW,
NLD,2006,1945-2020,pop,16351.64,Maddison,
NLD,2006,1945-2020,gdppc,42286.51007982917,Maddison,
NLD,2006,1945-2020,v2x_libdem,0.817,V-Dem,
NLD,2006,1945-2020,v2x_polyarchy,0.865,V-Dem,
NLD,2006,1945-2020,cinc,0.0050667878,COW,
NLD,2007,1945-2020,pop,16387.65,Maddison,
NLD,2007,1945-2020,gdppc,44008.75173113088,Maddison,
NLD,2007,1945-2020,v2x_libdem,0.823,V-Dem,
NLD,2007,1945-2020,v2x_polyarchy,0.872,V-Dem,
NLD,2007,1945-2020,cinc,0.0050590406,COW,
NLD,2008,1945-2020,pop,16451.68,Maddison,
NLD,2008,1945-2020,gdppc,44840.71137006535,Maddison,
NLD,2008,1945-2020,v2x_libdem,0.823,V-Dem,
NLD,2008,1945-2020,v2x_polyarchy,0.872,V-Dem,
NLD,2008,1945-2020,cinc,0.0048757154,COW,
NLD,2009,1945-2020,pop,16535.7,Maddison,
NLD,2009,1945-2020,gdppc,43178.50694578154,Maddison,
NLD,2009,1945-2020,v2x_libdem,0.823,V-Dem,
NLD,2009,1945-2020,v2x_polyarchy,0.872,V-Dem,
NLD,2009,1945-2020,cinc,0.0046134978,COW,
NLD,2010,1945-2020,pop,16620.73,Maddison,
NLD,2010,1945-2020,gdppc,43812.34916817474,Maddison,
NLD,2010,1945-2020,v2x_libdem,0.828,V-Dem,
NLD,2010,1945-2020,v2x_polyarchy,0.874,V-Dem,
NLD,2010,1945-2020,cinc,0.0045742057,COW,
NLD,2011,1945-2020,pop,16698.76,Maddison,
NLD,2011,1945-2020,gdppc,44591.0,Maddison,
NLD,2011,1945-2020,v2x_libdem,0.827,V-Dem,
NLD,2011,1945-2020,v2x_polyarchy,0.874,V-Dem,
NLD,2011,1945-2020,cinc,0.0043338435,COW,
NLD,2012,1945-2020,pop,16760.78,Maddison,
NLD,2012,1945-2020,gdppc,43968.25377669789,Maddison,
NLD,2012,1945-2020,v2x_libdem,0.825,V-Dem,
NLD,2012,1945-2020,v2x_polyarchy,0.872,V-Dem,
NLD,2012,1945-2020,cinc,0.0041158623,COW,
NLD,2013,1945-2020,pop,16809.8,Maddison,
NLD,2013,1945-2020,gdppc,43782.968262272545,Maddison,
NLD,2013,1945-2020,v2x_libdem,0.83,V-Dem,
NLD,2013,1945-2020,v2x_polyarchy,0.878,V-Dem,
NLD,2013,1945-2020,cinc,0.0040214616,COW,
NLD,2014,1945-2020,pop,16870.82,Maddison,
NLD,2014,1945-2020,gdppc,44245.55891701035,Maddison,
NLD,2014,1945-2020,v2x_libdem,0.831,V-Dem,
NLD,2014,1945-2020,v2x_polyarchy,0.879,V-Dem,
NLD,2014,1945-2020,cinc,0.0040002847,COW,
NLD,2015,1945-2020,pop,16945.85,Maddison,
NLD,2015,1945-2020,gdppc,44912.665233009604,Maddison,
NLD,2015,1945-2020,v2x_libdem,0.831,V-Dem,
NLD,2015,1945-2020,v2x_polyarchy,0.879,V-Dem,
NLD,2015,1945-2020,cinc,0.0039268071,COW,
NLD,2016,1945-2020,pop,17035.88,Maddison,
NLD,2016,1945-2020,gdppc,45654.468892801175,Maddison,
NLD,2016,1945-2020,v2x_libdem,0.831,V-Dem,
NLD,2016,1945-2020,v2x_polyarchy,0.879,V-Dem,
NLD,2016,1945-2020,cinc,0.0039520366,COW,
NLD,2017,1945-2020,pop,17136.91,Maddison,
NLD,2017,1945-2020,gdppc,46706.43859939366,Maddison,
NLD,2017,1945-2020,v2x_libdem,0.833,V-Dem,
NLD,2017,1945-2020,v2x_polyarchy,0.878,V-Dem,
NLD,2017,1945-2020,cinc,,COW,
NLD,2018,1945-2020,pop,17237.95,Maddison,
NLD,2018,1945-2020,gdppc,47528.90299759168,Maddison,
NLD,2018,1945-2020,v2x_libdem,0.83,V-Dem,
NLD,2018,1945-2020,v2x_polyarchy,0.876,V-Dem,
NLD,2018,1945-2020,cinc,,COW,
NLD,2019,1945-2020,pop,17350.99,Maddison,
NLD,2019,1945-2020,gdppc,48142.67175996077,Maddison,
NLD,2019,1945-2020,v2x_libdem,0.819,V-Dem,
NLD,2019,1945-2020,v2x_polyarchy,0.866,V-Dem,
NLD,2019,1945-2020,cinc,,COW,
NLD,2020,1945-2020,pop,17448.02,Maddison,
NLD,2020,1945-2020,gdppc,46014.48428690067,Maddison,
NLD,2020,1945-2020,v2x_libdem,0.813,V-Dem,
NLD,2020,1945-2020,v2x_polyarchy,0.864,V-Dem,
NLD,2020,1945-2020,cinc,,COW,
SWE,1820,1820-1913,pop,2573.0,Maddison,
SWE,1820,1820-1913,gdppc,1415.0,Maddison,
SWE,1820,1820-1913,v2x_libdem,0.285,V-Dem,
SWE,1820,1820-1913,v2x_polyarchy,0.272,V-Dem,
SWE,1820,1820-1913,cinc,0.021902394,COW,
SWE,1821,1820-1913,pop,2598.0,Maddison,
SWE,1821,1820-1913,gdppc,1457.0,Maddison,
SWE,1821,1820-1913,v2x_libdem,0.285,V-Dem,
SWE,1821,1820-1913,v2x_polyarchy,0.272,V-Dem,
SWE,1821,1820-1913,cinc,0.019933011,COW,
SWE,1822,1820-1913,pop,2629.0,Maddison,
SWE,1822,1820-1913,gdppc,1465.0,Maddison,
SWE,1822,1820-1913,v2x_libdem,0.285,V-Dem,
SWE,1822,1820-1913,v2x_polyarchy,0.272,V-Dem,
SWE,1822,1820-1913,cinc,0.020250108,COW,
SWE,1823,1820-1913,pop,2668.0,Maddison,
SWE,1823,1820-1913,gdppc,1449.0,Maddison,
SWE,1823,1820-1913,v2x_libdem,0.284,V-Dem,
SWE,1823,1820-1913,v2x_polyarchy,0.27,V-Dem,
SWE,1823,1820-1913,cinc,0.01917416,COW,
SWE,1824,1820-1913,pop,2708.0,Maddison,
SWE,1824,1820-1913,gdppc,1487.0,Maddison,
SWE,1824,1820-1913,v2x_libdem,0.284,V-Dem,
SWE,1824,1820-1913,v2x_polyarchy,0.27,V-Dem,
SWE,1824,1820-1913,cinc,0.017388334,COW,
SWE,1825,1820-1913,pop,2749.0,Maddison,
SWE,1825,1820-1913,gdppc,1527.0,Maddison,
SWE,1825,1820-1913,v2x_libdem,0.284,V-Dem,
SWE,1825,1820-1913,v2x_polyarchy,0.27,V-Dem,
SWE,1825,1820-1913,cinc,0.016692344,COW,
SWE,1826,1820-1913,pop,2788.0,Maddison,
SWE,1826,1820-1913,gdppc,1532.0,Maddison,
SWE,1826,1820-1913,v2x_libdem,0.284,V-Dem,
SWE,1826,1820-1913,v2x_polyarchy,0.27,V-Dem,
SWE,1826,1820-1913,cinc,0.016559498,COW,
SWE,1827,1820-1913,pop,2816.0,Maddison,
SWE,1827,1820-1913,gdppc,1458.0,Maddison,
SWE,1827,1820-1913,v2x_libdem,0.284,V-Dem,
SWE,1827,1820-1913,v2x_polyarchy,0.27,V-Dem,
SWE,1827,1820-1913,cinc,0.014776754,COW,
SWE,1828,1820-1913,pop,2837.0,Maddison,
SWE,1828,1820-1913,gdppc,1486.0,Maddison,
SWE,1828,1820-1913,v2x_libdem,0.285,V-Dem,
SWE,1828,1820-1913,v2x_polyarchy,0.271,V-Dem,
SWE,1828,1820-1913,cinc,0.016200097,COW,
SWE,1829,1820-1913,pop,2855.0,Maddison,
SWE,1829,1820-1913,gdppc,1506.0,Maddison,
SWE,1829,1820-1913,v2x_libdem,0.285,V-Dem,
SWE,1829,1820-1913,v2x_polyarchy,0.271,V-Dem,
SWE,1829,1820-1913,cinc,0.014606291,COW,
SWE,1830,1820-1913,pop,2876.0,Maddison,
SWE,1830,1820-1913,gdppc,1468.0,Maddison,
SWE,1830,1820-1913,v2x_libdem,0.288,V-Dem,
SWE,1830,1820-1913,v2x_polyarchy,0.276,V-Dem,
SWE,1830,1820-1913,cinc,0.014510826,COW,
SWE,1831,1820-1913,pop,2895.0,Maddison,
SWE,1831,1820-1913,gdppc,1497.0,Maddison,
SWE,1831,1820-1913,v2x_libdem,0.288,V-Dem,
SWE,1831,1820-1913,v2x_polyarchy,0.276,V-Dem,
SWE,1831,1820-1913,cinc,0.016419852,COW,
SWE,1832,1820-1913,pop,2912.0,Maddison,
SWE,1832,1820-1913,gdppc,1457.0,Maddison,
SWE,1832,1820-1913,v2x_libdem,0.288,V-Dem,
SWE,1832,1820-1913,v2x_polyarchy,0.276,V-Dem,
SWE,1832,1820-1913,cinc,0.015919097,COW,
SWE,1833,1820-1913,pop,2941.0,Maddison,
SWE,1833,1820-1913,gdppc,1503.0,Maddison,
SWE,1833,1820-1913,v2x_libdem,0.288,V-Dem,
SWE,1833,1820-1913,v2x_polyarchy,0.276,V-Dem,
SWE,1833,1820-1913,cinc,0.016535033,COW,
SWE,1834,1820-1913,pop,2971.0,Maddison,
SWE,1834,1820-1913,gdppc,1522.0,Maddison,
SWE,1834,1820-1913,v2x_libdem,0.287,V-Dem,
SWE,1834,1820-1913,v2x_polyarchy,0.274,V-Dem,
SWE,1834,1820-1913,cinc,0.014290201,COW,
SWE,1835,1820-1913,pop,3004.0,Maddison,
SWE,1835,1820-1913,gdppc,1517.0,Maddison,
SWE,1835,1820-1913,v2x_libdem,0.287,V-Dem,
SWE,1835,1820-1913,v2x_polyarchy,0.274,V-Dem,
SWE,1835,1820-1913,cinc,0.013142011,COW,
SWE,1836,1820-1913,pop,3042.0,Maddison,
SWE,1836,1820-1913,gdppc,1565.0,Maddison,
SWE,1836,1820-1913,v2x_libdem,0.287,V-Dem,
SWE,1836,1820-1913,v2x_polyarchy,0.274,V-Dem,
SWE,1836,1820-1913,cinc,0.015125494,COW,
SWE,1837,1820-1913,pop,3068.0,Maddison,
SWE,1837,1820-1913,gdppc,1554.0,Maddison,
SWE,1837,1820-1913,v2x_libdem,0.287,V-Dem,
SWE,1837,1820-1913,v2x_polyarchy,0.274,V-Dem,
SWE,1837,1820-1913,cinc,0.014709914,COW,
SWE,1838,1820-1913,pop,3083.0,Maddison,
SWE,1838,1820-1913,gdppc,1529.0,Maddison,
SWE,1838,1820-1913,v2x_libdem,0.287,V-Dem,
SWE,1838,1820-1913,v2x_polyarchy,0.274,V-Dem,
SWE,1838,1820-1913,cinc,0.014331101,COW,
SWE,1839,1820-1913,pop,3098.0,Maddison,
SWE,1839,1820-1913,gdppc,1546.0,Maddison,
SWE,1839,1820-1913,v2x_libdem,0.287,V-Dem,
SWE,1839,1820-1913,v2x_polyarchy,0.274,V-Dem,
SWE,1839,1820-1913,cinc,0.014265499,COW,
SWE,1840,1820-1913,pop,3123.0,Maddison,
SWE,1840,1820-1913,gdppc,1568.0,Maddison,
SWE,1840,1820-1913,v2x_libdem,0.302,V-Dem,
SWE,1840,1820-1913,v2x_polyarchy,0.305,V-Dem,
SWE,1840,1820-1913,cinc,0.016068915,COW,
SWE,1841,1820-1913,pop,3156.0,Maddison,
SWE,1841,1820-1913,gdppc,1549.0,Maddison,
SWE,1841,1820-1913,v2x_libdem,0.302,V-Dem,
SWE,1841,1820-1913,v2x_polyarchy,0.305,V-Dem,
SWE,1841,1820-1913,cinc,0.014421963,COW,
SWE,1842,1820-1913,pop,3190.0,Maddison,
SWE,1842,1820-1913,gdppc,1476.0,Maddison,
SWE,1842,1820-1913,v2x_libdem,0.302,V-Dem,
SWE,1842,1820-1913,v2x_polyarchy,0.305,V-Dem,
SWE,1842,1820-1913,cinc,0.0142371,COW,
SWE,1843,1820-1913,pop,3221.0,Maddison,
SWE,1843,1820-1913,gdppc,1508.0,Maddison,
SWE,1843,1820-1913,v2x_libdem,0.302,V-Dem,
SWE,1843,1820-1913,v2x_polyarchy,0.305,V-Dem,
SWE,1843,1820-1913,cinc,0.0141934,COW,
SWE,1844,1820-1913,pop,3256.0,Maddison,
SWE,1844,1820-1913,gdppc,1573.0,Maddison,
SWE,1844,1820-1913,v2x_libdem,0.302,V-Dem,
SWE,1844,1820-1913,v2x_polyarchy,0.305,V-Dem,
SWE,1844,1820-1913,cinc,0.013377172,COW,
SWE,1845,1820-1913,pop,3296.0,Maddison,
SWE,1845,1820-1913,gdppc,1610.0,Maddison,
SWE,1845,1820-1913,v2x_libdem,0.317,V-Dem,
SWE,1845,1820-1913,v2x_polyarchy,0.308,V-Dem,
SWE,1845,1820-1913,cinc,0.0096171815,COW,
SWE,1846,1820-1913,pop,3330.0,Maddison,
SWE,1846,1820-1913,gdppc,1554.0,Maddison,
SWE,1846,1820-1913,v2x_libdem,0.317,V-Dem,
SWE,1846,1820-1913,v2x_polyarchy,0.308,V-Dem,
SWE,1846,1820-1913,cinc,0.011665685,COW,
SWE,1847,1820-1913,pop,3352.0,Maddison,
SWE,1847,1820-1913,gdppc,1594.0,Maddison,
SWE,1847,1820-1913,v2x_libdem,0.317,V-Dem,
SWE,1847,1820-1913,v2x_polyarchy,0.308,V-Dem,
SWE,1847,1820-1913,cinc,0.010461976,COW,
SWE,1848,1820-1913,pop,3380.0,Maddison,
SWE,1848,1820-1913,gdppc,1612.0,Maddison,
SWE,1848,1820-1913,v2x_libdem,0.317,V-Dem,
SWE,1848,1820-1913,v2x_polyarchy,0.308,V-Dem,
SWE,1848,1820-1913,cinc,0.012105771,COW,
SWE,1849,1820-1913,pop,3419.0,Maddison,
SWE,1849,1820-1913,gdppc,1672.0,Maddison,
SWE,1849,1820-1913,v2x_libdem,0.317,V-Dem,
SWE,1849,1820-1913,v2x_polyarchy,0.308,V-Dem,
SWE,1849,1820-1913,cinc,0.01108705,COW,
SWE,1850,1820-1913,pop,3462.0,Maddison,
SWE,1850,1820-1913,gdppc,1715.0,Maddison,
SWE,1850,1820-1913,v2x_libdem,0.318,V-Dem,
SWE,1850,1820-1913,v2x_polyarchy,0.308,V-Dem,
SWE,1850,1820-1913,cinc,0.01104514,COW,
SWE,1851,1820-1913,pop,3500.0,Maddison,
SWE,1851,1820-1913,gdppc,1682.0,Maddison,
SWE,1851,1820-1913,v2x_libdem,0.318,V-Dem,
SWE,1851,1820-1913,v2x_polyarchy,0.308,V-Dem,
SWE,1851,1820-1913,cinc,0.011094722,COW,
SWE,1852,1820-1913,pop,3529.0,Maddison,
SWE,1852,1820-1913,gdppc,1645.0,Maddison,
SWE,1852,1820-1913,v2x_libdem,0.318,V-Dem,
SWE,1852,1820-1913,v2x_polyarchy,0.308,V-Dem,
SWE,1852,1820-1913,cinc,0.011563723,COW,
SWE,1853,1820-1913,pop,3552.0,Maddison,
SWE,1853,1820-1913,gdppc,1667.0,Maddison,
SWE,1853,1820-1913,v2x_libdem,0.317,V-Dem,
SWE,1853,1820-1913,v2x_polyarchy,0.308,V-Dem,
SWE,1853,1820-1913,cinc,0.012321035,COW,
SWE,1854,1820-1913,pop,3586.0,Maddison,
SWE,1854,1820-1913,gdppc,1685.0,Maddison,
SWE,1854,1820-1913,v2x_libdem,0.317,V-Dem,
SWE,1854,1820-1913,v2x_polyarchy,0.308,V-Dem,
SWE,1854,1820-1913,cinc,0.0086084995,COW,
SWE,1855,1820-1913,pop,3625.0,Maddison,
SWE,1855,1820-1913,gdppc,1788.0,Maddison,
SWE,1855,1820-1913,v2x_libdem,0.317,V-Dem,
SWE,1855,1820-1913,v2x_polyarchy,0.308,V-Dem,
SWE,1855,1820-1913,cinc,0.012224152,COW,
SWE,1856,1820-1913,pop,3657.0,Maddison,
SWE,1856,1820-1913,gdppc,1771.0,Maddison,
SWE,1856,1820-1913,v2x_libdem,0.317,V-Dem,
SWE,1856,1820-1913,v2x_polyarchy,0.307,V-Dem,
SWE,1856,1820-1913,cinc,0.010808366,COW,
SWE,1857,1820-1913,pop,3680.0,Maddison,
SWE,1857,1820-1913,gdppc,1819.0,Maddison,
SWE,1857,1820-1913,v2x_libdem,0.317,V-Dem,
SWE,1857,1820-1913,v2x_polyarchy,0.307,V-Dem,
SWE,1857,1820-1913,cinc,0.011941779,COW,
SWE,1858,1820-1913,pop,3711.0,Maddison,
SWE,1858,1820-1913,gdppc,1841.0,Maddison,
SWE,1858,1820-1913,v2x_libdem,0.317,V-Dem,
SWE,1858,1820-1913,v2x_polyarchy,0.307,V-Dem,
SWE,1858,1820-1913,cinc,0.012960015,COW,
SWE,1859,1820-1913,pop,3761.0,Maddison,
SWE,1859,1820-1913,gdppc,1906.0,Maddison,
SWE,1859,1820-1913,v2x_libdem,0.318,V-Dem,
SWE,1859,1820-1913,v2x_polyarchy,0.309,V-Dem,
SWE,1859,1820-1913,cinc,0.012676062,COW,
SWE,1860,1820-1913,pop,3824.0,Maddison,
SWE,1860,1820-1913,gdppc,1941.0,Maddison,
SWE,1860,1820-1913,v2x_libdem,0.32,V-Dem,
SWE,1860,1820-1913,v2x_polyarchy,0.309,V-Dem,
SWE,1860,1820-1913,cinc,0.010181073,COW,
SWE,1861,1820-1913,pop,3888.0,Maddison,
SWE,1861,1820-1913,gdppc,1865.0,Maddison,
SWE,1861,1820-1913,v2x_libdem,0.325,V-Dem,
SWE,1861,1820-1913,v2x_polyarchy,0.309,V-Dem,
SWE,1861,1820-1913,cinc,0.0096357157,COW,
SWE,1862,1820-1913,pop,3942.0,Maddison,
SWE,1862,1820-1913,gdppc,1808.0,Maddison,
SWE,1862,1820-1913,v2x_libdem,0.325,V-Dem,
SWE,1862,1820-1913,v2x_polyarchy,0.308,V-Dem,
SWE,1862,1820-1913,cinc,0.010318534,COW,
SWE,1863,1820-1913,pop,3994.0,Maddison,
SWE,1863,1820-1913,gdppc,1886.0,Maddison,
SWE,1863,1820-1913,v2x_libdem,0.325,V-Dem,
SWE,1863,1820-1913,v2x_polyarchy,0.308,V-Dem,
SWE,1863,1820-1913,cinc,0.0093324492,COW,
SWE,1864,1820-1913,pop,4046.0,Maddison,
SWE,1864,1820-1913,gdppc,1919.0,Maddison,
SWE,1864,1820-1913,v2x_libdem,0.325,V-Dem,
SWE,1864,1820-1913,v2x_polyarchy,0.308,V-Dem,
SWE,1864,1820-1913,cinc,0.010537015,COW,
SWE,1865,1820-1913,pop,4092.0,Maddison,
SWE,1865,1820-1913,gdppc,1953.0,Maddison,
SWE,1865,1820-1913,v2x_libdem,0.323,V-Dem,
SWE,1865,1820-1913,v2x_polyarchy,0.307,V-Dem,
SWE,1865,1820-1913,cinc,0.01110454,COW,
SWE,1866,1820-1913,pop,4137.0,Maddison,
SWE,1866,1820-1913,gdppc,1921.0,Maddison,
SWE,1866,1820-1913,v2x_libdem,0.325,V-Dem,
SWE,1866,1820-1913,v2x_polyarchy,0.311,V-Dem,
SWE,1866,1820-1913,cinc,0.012020165,COW,
SWE,1867,1820-1913,pop,4178.0,Maddison,
SWE,1867,1820-1913,gdppc,1949.0,Maddison,
SWE,1867,1820-1913,v2x_libdem,0.325,V-Dem,
SWE,1867,1820-1913,v2x_polyarchy,0.311,V-Dem,
SWE,1867,1820-1913,cinc,0.01213224,COW,
SWE,1868,1820-1913,pop,4154.0,Maddison,
SWE,1868,1820-1913,gdppc,1774.0,Maddison,
SWE,1868,1820-1913,v2x_libdem,0.325,V-Dem,
SWE,1868,1820-1913,v2x_polyarchy,0.311,V-Dem,
SWE,1868,1820-1913,cinc,0.010741636,COW,
SWE,1869,1820-1913,pop,4166.0,Maddison,
SWE,1869,1820-1913,gdppc,1902.0,Maddison,
SWE,1869,1820-1913,v2x_libdem,0.328,V-Dem,
SWE,1869,1820-1913,v2x_polyarchy,0.313,V-Dem,
SWE,1869,1820-1913,cinc,0.010404536,COW,
SWE,1870,1820-1913,pop,4164.0,Maddison,
SWE,1870,1820-1913,gdppc,2144.0,Maddison,
SWE,1870,1820-1913,v2x_libdem,0.328,V-Dem,
SWE,1870,1820-1913,v2x_polyarchy,0.313,V-Dem,
SWE,1870,1820-1913,cinc,0.010603655,COW,
SWE,1871,1820-1913,pop,4186.0,Maddison,
SWE,1871,1820-1913,gdppc,2219.0,Maddison,
SWE,1871,1820-1913,v2x_libdem,0.328,V-Dem,
SWE,1871,1820-1913,v2x_polyarchy,0.313,V-Dem,
SWE,1871,1820-1913,cinc,0.0097216284,COW,
SWE,1872,1820-1913,pop,4227.0,Maddison,
SWE,1872,1820-1913,gdppc,2259.0,Maddison,
SWE,1872,1820-1913,v2x_libdem,0.329,V-Dem,
SWE,1872,1820-1913,v2x_polyarchy,0.314,V-Dem,
SWE,1872,1820-1913,cinc,0.010749681,COW,
SWE,1873,1820-1913,pop,4274.0,Maddison,
SWE,1873,1820-1913,gdppc,2284.0,Maddison,
SWE,1873,1820-1913,v2x_libdem,0.329,V-Dem,
SWE,1873,1820-1913,v2x_polyarchy,0.314,V-Dem,
SWE,1873,1820-1913,cinc,0.010538662,COW,
SWE,1874,1820-1913,pop,4320.0,Maddison,
SWE,1874,1820-1913,gdppc,2370.0,Maddison,
SWE,1874,1820-1913,v2x_libdem,0.329,V-Dem,
SWE,1874,1820-1913,v2x_polyarchy,0.314,V-Dem,
SWE,1874,1820-1913,cinc,0.0091057513,COW,
SWE,1875,1820-1913,pop,4362.0,Maddison,
SWE,1875,1820-1913,gdppc,2286.0,Maddison,
SWE,1875,1820-1913,v2x_libdem,0.329,V-Dem,
SWE,1875,1820-1913,v2x_polyarchy,0.313,V-Dem,
SWE,1875,1820-1913,cinc,0.011122149,COW,
SWE,1876,1820-1913,pop,4406.0,Maddison,
SWE,1876,1820-1913,gdppc,2431.0,Maddison,
SWE,1876,1820-1913,v2x_libdem,0.329,V-Dem,
SWE,1876,1820-1913,v2x_polyarchy,0.313,V-Dem,
SWE,1876,1820-1913,cinc,0.010069255,COW,
SWE,1877,1820-1913,pop,4457.0,Maddison,
SWE,1877,1820-1913,gdppc,2377.0,Maddison,
SWE,1877,1820-1913,v2x_libdem,0.329,V-Dem,
SWE,1877,1820-1913,v2x_polyarchy,0.313,V-Dem,
SWE,1877,1820-1913,cinc,0.011280041,COW,
SWE,1878,1820-1913,pop,4508.0,Maddison,
SWE,1878,1820-1913,gdppc,2291.0,Maddison,
SWE,1878,1820-1913,v2x_libdem,0.328,V-Dem,
SWE,1878,1820-1913,v2x_polyarchy,0.313,V-Dem,
SWE,1878,1820-1913,cinc,0.01078096,COW,
SWE,1879,1820-1913,pop,4555.0,Maddison,
SWE,1879,1820-1913,gdppc,2416.0,Maddison,
SWE,1879,1820-1913,v2x_libdem,0.328,V-Dem,
SWE,1879,1820-1913,v2x_polyarchy,0.313,V-Dem,
SWE,1879,1820-1913,cinc,0.010593351,COW,
SWE,1880,1820-1913,pop,4572.0,Maddison,
SWE,1880,1820-1913,gdppc,2359.0,Maddison,
SWE,1880,1820-1913,v2x_libdem,0.331,V-Dem,
SWE,1880,1820-1913,v2x_polyarchy,0.313,V-Dem,
SWE,1880,1820-1913,cinc,0.011429647,COW,
SWE,1881,1820-1913,pop,4570.0,Maddison,
SWE,1881,1820-1913,gdppc,2444.0,Maddison,
SWE,1881,1820-1913,v2x_libdem,0.332,V-Dem,
SWE,1881,1820-1913,v2x_polyarchy,0.314,V-Dem,
SWE,1881,1820-1913,cinc,0.010261959,COW,
SWE,1882,1820-1913,pop,4576.0,Maddison,
SWE,1882,1820-1913,gdppc,2354.0,Maddison,
SWE,1882,1820-1913,v2x_libdem,0.332,V-Dem,
SWE,1882,1820-1913,v2x_polyarchy,0.314,V-Dem,
SWE,1882,1820-1913,cinc,0.0098300958,COW,
SWE,1883,1820-1913,pop,4591.0,Maddison,
SWE,1883,1820-1913,gdppc,2531.0,Maddison,
SWE,1883,1820-1913,v2x_libdem,0.332,V-Dem,
SWE,1883,1820-1913,v2x_polyarchy,0.314,V-Dem,
SWE,1883,1820-1913,cinc,0.010366263,COW,
SWE,1884,1820-1913,pop,4624.0,Maddison,
SWE,1884,1820-1913,gdppc,2477.0,Maddison,
SWE,1884,1820-1913,v2x_libdem,0.331,V-Dem,
SWE,1884,1820-1913,v2x_polyarchy,0.313,V-Dem,
SWE,1884,1820-1913,cinc,0.010492643,COW,
SWE,1885,1820-1913,pop,4664.0,Maddison,
SWE,1885,1820-1913,gdppc,2522.0,Maddison,
SWE,1885,1820-1913,v2x_libdem,0.331,V-Dem,
SWE,1885,1820-1913,v2x_polyarchy,0.313,V-Dem,
SWE,1885,1820-1913,cinc,0.011079267,COW,
SWE,1886,1820-1913,pop,4700.0,Maddison,
SWE,1886,1820-1913,gdppc,2547.0,Maddison,
SWE,1886,1820-1913,v2x_libdem,0.331,V-Dem,
SWE,1886,1820-1913,v2x_polyarchy,0.313,V-Dem,
SWE,1886,1820-1913,cinc,0.010716795,COW,
SWE,1887,1820-1913,pop,4726.0,Maddison,
SWE,1887,1820-1913,gdppc,2471.0,Maddison,
SWE,1887,1820-1913,v2x_libdem,0.332,V-Dem,
SWE,1887,1820-1913,v2x_polyarchy,0.313,V-Dem,
SWE,1887,1820-1913,cinc,0.010348269,COW,
SWE,1888,1820-1913,pop,4741.0,Maddison,
SWE,1888,1820-1913,gdppc,2511.0,Maddison,
SWE,1888,1820-1913,v2x_libdem,0.332,V-Dem,
SWE,1888,1820-1913,v2x_polyarchy,0.314,V-Dem,
SWE,1888,1820-1913,cinc,0.0099280244,COW,
SWE,1889,1820-1913,pop,4761.0,Maddison,
SWE,1889,1820-1913,gdppc,2549.0,Maddison,
SWE,1889,1820-1913,v2x_libdem,0.332,V-Dem,
SWE,1889,1820-1913,v2x_polyarchy,0.314,V-Dem,
SWE,1889,1820-1913,cinc,0.0097354939,COW,
SWE,1890,1820-1913,pop,4780.0,Maddison,
SWE,1890,1820-1913,gdppc,2606.0,Maddison,
SWE,1890,1820-1913,v2x_libdem,0.333,V-Dem,
SWE,1890,1820-1913,v2x_polyarchy,0.314,V-Dem,
SWE,1890,1820-1913,cinc,0.0097701028,COW,
SWE,1891,1820-1913,pop,4794.0,Maddison,
SWE,1891,1820-1913,gdppc,2748.0,Maddison,
SWE,1891,1820-1913,v2x_libdem,0.333,V-Dem,
SWE,1891,1820-1913,v2x_polyarchy,0.314,V-Dem,
SWE,1891,1820-1913,cinc,0.010133178,COW,
SWE,1892,1820-1913,pop,4805.0,Maddison,
SWE,1892,1820-1913,gdppc,2713.0,Maddison,
SWE,1892,1820-1913,v2x_libdem,0.333,V-Dem,
SWE,1892,1820-1913,v2x_polyarchy,0.314,V-Dem,
SWE,1892,1820-1913,cinc,0.0098600658,COW,
SWE,1893,1820-1913,pop,4816.0,Maddison,
SWE,1893,1820-1913,gdppc,2778.0,Maddison,
SWE,1893,1820-1913,v2x_libdem,0.334,V-Dem,
SWE,1893,1820-1913,v2x_polyarchy,0.315,V-Dem,
SWE,1893,1820-1913,cinc,0.010075534,COW,
SWE,1894,1820-1913,pop,4849.0,Maddison,
SWE,1894,1820-1913,gdppc,2791.0,Maddison,
SWE,1894,1820-1913,v2x_libdem,0.334,V-Dem,
SWE,1894,1820-1913,v2x_polyarchy,0.315,V-Dem,
SWE,1894,1820-1913,cinc,0.0099753337,COW,
SWE,1895,1820-1913,pop,4896.0,Maddison,
SWE,1895,1820-1913,gdppc,2927.0,Maddison,
SWE,1895,1820-1913,v2x_libdem,0.334,V-Dem,
SWE,1895,1820-1913,v2x_polyarchy,0.315,V-Dem,
SWE,1895,1820-1913,cinc,0.0094943959,COW,
SWE,1896,1820-1913,pop,4941.0,Maddison,
SWE,1896,1820-1913,gdppc,3003.0,Maddison,
SWE,1896,1820-1913,v2x_libdem,0.333,V-Dem,
SWE,1896,1820-1913,v2x_polyarchy,0.315,V-Dem,
SWE,1896,1820-1913,cinc,0.0095448419,COW,
SWE,1897,1820-1913,pop,4986.0,Maddison,
SWE,1897,1820-1913,gdppc,3121.0,Maddison,
SWE,1897,1820-1913,v2x_libdem,0.333,V-Dem,
SWE,1897,1820-1913,v2x_polyarchy,0.315,V-Dem,
SWE,1897,1820-1913,cinc,0.0094495937,COW,
SWE,1898,1820-1913,pop,5036.0,Maddison,
SWE,1898,1820-1913,gdppc,3228.0,Maddison,
SWE,1898,1820-1913,v2x_libdem,0.333,V-Dem,
SWE,1898,1820-1913,v2x_polyarchy,0.315,V-Dem,
SWE,1898,1820-1913,cinc,0.0088795116,COW,
SWE,1899,1820-1913,pop,5080.0,Maddison,
SWE,1899,1820-1913,gdppc,3308.0,Maddison,
SWE,1899,1820-1913,v2x_libdem,0.333,V-Dem,
SWE,1899,1820-1913,v2x_polyarchy,0.315,V-Dem,
SWE,1899,1820-1913,cinc,0.008517622,COW,
SWE,1900,1820-1913,pop,5117.0,Maddison,
SWE,1900,1820-1913,gdppc,3320.0,Maddison,
SWE,1900,1820-1913,v2x_libdem,0.334,V-Dem,
SWE,1900,1820-1913,v2x_polyarchy,0.316,V-Dem,
SWE,1900,1820-1913,cinc,0.0083873384,COW,
SWE,1901,1820-1913,pop,5156.0,Maddison,
SWE,1901,1820-1913,gdppc,3406.0,Maddison,
SWE,1901,1820-1913,v2x_libdem,0.335,V-Dem,
SWE,1901,1820-1913,v2x_polyarchy,0.316,V-Dem,
SWE,1901,1820-1913,cinc,0.0081408834,COW,
SWE,1902,1820-1913,pop,5187.0,Maddison,
SWE,1902,1820-1913,gdppc,3362.0,Maddison,
SWE,1902,1820-1913,v2x_libdem,0.335,V-Dem,
SWE,1902,1820-1913,v2x_polyarchy,0.314,V-Dem,
SWE,1902,1820-1913,cinc,0.0082173385,COW,
SWE,1903,1820-1913,pop,5210.0,Maddison,
SWE,1903,1820-1913,gdppc,3539.0,Maddison,
SWE,1903,1820-1913,v2x_libdem,0.333,V-Dem,
SWE,1903,1820-1913,v2x_polyarchy,0.31,V-Dem,
SWE,1903,1820-1913,cinc,0.0092677567,COW,
SWE,1904,1820-1913,pop,5241.0,Maddison,
SWE,1904,1820-1913,gdppc,3599.0,Maddison,
SWE,1904,1820-1913,v2x_libdem,0.333,V-Dem,
SWE,1904,1820-1913,v2x_polyarchy,0.31,V-Dem,
SWE,1904,1820-1913,cinc,0.00903692,COW,
SWE,1905,1820-1913,pop,5278.0,Maddison,
SWE,1905,1820-1913,gdppc,3547.0,Maddison,
SWE,1905,1820-1913,v2x_libdem,0.333,V-Dem,
SWE,1905,1820-1913,v2x_polyarchy,0.31,V-Dem,
SWE,1905,1820-1913,cinc,0.0066629145,COW,
SWE,1906,1820-1913,pop,5315.0,Maddison,
SWE,1906,1820-1913,gdppc,3830.0,Maddison,
SWE,1906,1820-1913,v2x_libdem,0.333,V-Dem,
SWE,1906,1820-1913,v2x_polyarchy,0.31,V-Dem,
SWE,1906,1820-1913,cinc,0.0073842956,COW,
SWE,1907,1820-1913,pop,5357.0,Maddison,
SWE,1907,1820-1913,gdppc,4085.0,Maddison,
SWE,1907,1820-1913,v2x_libdem,0.333,V-Dem,
SWE,1907,1820-1913,v2x_polyarchy,0.311,V-Dem,
SWE,1907,1820-1913,cinc,0.0076582264,COW,
SWE,1908,1820-1913,pop,5404.0,Maddison,
SWE,1908,1820-1913,gdppc,3959.0,Maddison,
SWE,1908,1820-1913,v2x_libdem,0.333,V-Dem,
SWE,1908,1820-1913,v2x_polyarchy,0.31,V-Dem,
SWE,1908,1820-1913,cinc,0.008113645,COW,
SWE,1909,1820-1913,pop,5453.0,Maddison,
SWE,1909,1820-1913,gdppc,3980.0,Maddison,
SWE,1909,1820-1913,v2x_libdem,0.339,V-Dem,
SWE,1909,1820-1913,v2x_polyarchy,0.322,V-Dem,
SWE,1909,1820-1913,cinc,0.0071078315,COW,
SWE,1910,1820-1913,pop,5499.0,Maddison,
SWE,1910,1820-1913,gdppc,4053.0,Maddison,
SWE,1910,1820-1913,v2x_libdem,0.34,V-Dem,
SWE,1910,1820-1913,v2x_polyarchy,0.324,V-Dem,
SWE,1910,1820-1913,cinc,0.0074740895,COW,
SWE,1911,1820-1913,pop,5542.0,Maddison,
SWE,1911,1820-1913,gdppc,4154.0,Maddison,
SWE,1911,1820-1913,v2x_libdem,0.348,V-Dem,
SWE,1911,1820-1913,v2x_polyarchy,0.327,V-Dem,
SWE,1911,1820-1913,cinc,0.0072055366,COW,
SWE,1912,1820-1913,pop,5583.0,Maddison,
SWE,1912,1820-1913,gdppc,4312.0,Maddison,
SWE,1912,1820-1913,v2x_libdem,0.351,V-Dem,
SWE,1912,1820-1913,v2x_polyarchy,0.332,V-Dem,
SWE,1912,1820-1913,cinc,0.0071539674,COW,
SWE,1913,1820-1913,pop,5621.0,Maddison,
SWE,1913,1820-1913,gdppc,4581.0,Maddison,
SWE,1913,1820-1913,v2x_libdem,0.35,V-Dem,
SWE,1913,1820-1913,v2x_polyarchy,0.331,V-Dem,
SWE,1913,1820-1913,cinc,0.0071016606,COW,
SWE,1945,1945-2020,pop,6635.0,Maddison,
SWE,1945,1945-2020,gdppc,8201.0,Maddison,
SWE,1945,1945-2020,v2x_libdem,0.638,V-Dem,
SWE,1945,1945-2020,v2x_polyarchy,0.691,V-Dem,
SWE,1945,1945-2020,cinc,0.0050214049,COW,
SWE,1946,1945-2020,pop,6719.0,Maddison,
SWE,1946,1945-2020,gdppc,9000.0,Maddison,
SWE,1946,1945-2020,v2x_libdem,0.705,V-Dem,
SWE,1946,1945-2020,v2x_polyarchy,0.759,V-Dem,
SWE,1946,1945-2020,cinc,0.0059234174,COW,
SWE,1947,1945-2020,pop,6803.0,Maddison,
SWE,1947,1945-2020,gdppc,9709.0,Maddison,
SWE,1947,1945-2020,v2x_libdem,0.707,V-Dem,
SWE,1947,1945-2020,v2x_polyarchy,0.759,V-Dem,
SWE,1947,1945-2020,cinc,0.0058580055,COW,
SWE,1948,1945-2020,pop,6883.0,Maddison,
SWE,1948,1945-2020,gdppc,9822.0,Maddison,
SWE,1948,1945-2020,v2x_libdem,0.707,V-Dem,
SWE,1948,1945-2020,v2x_polyarchy,0.759,V-Dem,
SWE,1948,1945-2020,cinc,0.0059828521,COW,
SWE,1949,1945-2020,pop,6955.0,Maddison,
SWE,1949,1945-2020,gdppc,10127.0,Maddison,
SWE,1949,1945-2020,v2x_libdem,0.714,V-Dem,
SWE,1949,1945-2020,v2x_polyarchy,0.766,V-Dem,
SWE,1949,1945-2020,cinc,0.0059542619,COW,
SWE,1950,1945-2020,pop,7014.0,Maddison,
SWE,1950,1945-2020,gdppc,10742.0,Maddison,
SWE,1950,1945-2020,v2x_libdem,0.719,V-Dem,
SWE,1950,1945-2020,v2x_polyarchy,0.77,V-Dem,
SWE,1950,1945-2020,cinc,0.0049460479,COW,
SWE,1951,1945-2020,pop,7070.0,Maddison,
SWE,1951,1945-2020,gdppc,11077.0,Maddison,
SWE,1951,1945-2020,v2x_libdem,0.719,V-Dem,
SWE,1951,1945-2020,v2x_polyarchy,0.77,V-Dem,
SWE,1951,1945-2020,cinc,0.0046549444,COW,
SWE,1952,1945-2020,pop,7125.0,Maddison,
SWE,1952,1945-2020,gdppc,11152.0,Maddison,
SWE,1952,1945-2020,v2x_libdem,0.721,V-Dem,
SWE,1952,1945-2020,v2x_polyarchy,0.771,V-Dem,
SWE,1952,1945-2020,cinc,0.0046513514,COW,
SWE,1953,1945-2020,pop,7171.0,Maddison,
SWE,1953,1945-2020,gdppc,11389.0,Maddison,
SWE,1953,1945-2020,v2x_libdem,0.724,V-Dem,
SWE,1953,1945-2020,v2x_polyarchy,0.773,V-Dem,
SWE,1953,1945-2020,cinc,0.0044950917,COW,
SWE,1954,1945-2020,pop,7213.0,Maddison,
SWE,1954,1945-2020,gdppc,11799.0,Maddison,
SWE,1954,1945-2020,v2x_libdem,0.724,V-Dem,
SWE,1954,1945-2020,v2x_polyarchy,0.773,V-Dem,
SWE,1954,1945-2020,cinc,0.0047187582,COW,
SWE,1955,1945-2020,pop,7262.0,Maddison,
SWE,1955,1945-2020,gdppc,12060.0,Maddison,
SWE,1955,1945-2020,v2x_libdem,0.724,V-Dem,
SWE,1955,1945-2020,v2x_polyarchy,0.773,V-Dem,
SWE,1955,1945-2020,cinc,0.0043987492,COW,
SWE,1956,1945-2020,pop,7315.0,Maddison,
SWE,1956,1945-2020,gdppc,12428.0,Maddison,
SWE,1956,1945-2020,v2x_libdem,0.723,V-Dem,
SWE,1956,1945-2020,v2x_polyarchy,0.773,V-Dem,
SWE,1956,1945-2020,cinc,0.00447554,COW,
SWE,1957,1945-2020,pop,7364.0,Maddison,
SWE,1957,1945-2020,gdppc,12899.0,Maddison,
SWE,1957,1945-2020,v2x_libdem,0.722,V-Dem,
SWE,1957,1945-2020,v2x_polyarchy,0.772,V-Dem,
SWE,1957,1945-2020,cinc,0.0039174599,COW,
SWE,1958,1945-2020,pop,7409.0,Maddison,
SWE,1958,1945-2020,gdppc,12884.0,Maddison,
SWE,1958,1945-2020,v2x_libdem,0.721,V-Dem,
SWE,1958,1945-2020,v2x_polyarchy,0.772,V-Dem,
SWE,1958,1945-2020,cinc,0.0039597307,COW,
SWE,1959,1945-2020,pop,7446.0,Maddison,
SWE,1959,1945-2020,gdppc,13211.0,Maddison,
SWE,1959,1945-2020,v2x_libdem,0.721,V-Dem,
SWE,1959,1945-2020,v2x_polyarchy,0.772,V-Dem,
SWE,1959,1945-2020,cinc,0.0039859009,COW,
SWE,1960,1945-2020,pop,7480.0,Maddison,
SWE,1960,1945-2020,gdppc,13849.0,Maddison,
SWE,1960,1945-2020,v2x_libdem,0.727,V-Dem,
SWE,1960,1945-2020,v2x_polyarchy,0.776,V-Dem,
SWE,1960,1945-2020,cinc,0.0038984248,COW,
SWE,1961,1945-2020,pop,7520.0,Maddison,
SWE,1961,1945-2020,gdppc,14564.0,Maddison,
SWE,1961,1945-2020,v2x_libdem,0.728,V-Dem,
SWE,1961,1945-2020,v2x_polyarchy,0.776,V-Dem,
SWE,1961,1945-2020,cinc,0.004386384,COW,
SWE,1962,1945-2020,pop,7562.0,Maddison,
SWE,1962,1945-2020,gdppc,15093.0,Maddison,
SWE,1962,1945-2020,v2x_libdem,0.728,V-Dem,
SWE,1962,1945-2020,v2x_polyarchy,0.776,V-Dem,
SWE,1962,1945-2020,cinc,0.0042701163,COW,
SWE,1963,1945-2020,pop,7604.0,Maddison,
SWE,1963,1945-2020,gdppc,15808.0,Maddison,
SWE,1963,1945-2020,v2x_libdem,0.728,V-Dem,
SWE,1963,1945-2020,v2x_polyarchy,0.776,V-Dem,
SWE,1963,1945-2020,cinc,0.0041967263,COW,
SWE,1964,1945-2020,pop,7661.0,Maddison,
SWE,1964,1945-2020,gdppc,16761.0,Maddison,
SWE,1964,1945-2020,v2x_libdem,0.728,V-Dem,
SWE,1964,1945-2020,v2x_polyarchy,0.776,V-Dem,
SWE,1964,1945-2020,cinc,0.0042464198,COW,
SWE,1965,1945-2020,pop,7734.0,Maddison,
SWE,1965,1945-2020,gdppc,17239.0,Maddison,
SWE,1965,1945-2020,v2x_libdem,0.728,V-Dem,
SWE,1965,1945-2020,v2x_polyarchy,0.776,V-Dem,
SWE,1965,1945-2020,cinc,0.0043228068,COW,
SWE,1966,1945-2020,pop,7808.0,Maddison,
SWE,1966,1945-2020,gdppc,17432.0,Maddison,
SWE,1966,1945-2020,v2x_libdem,0.727,V-Dem,
SWE,1966,1945-2020,v2x_polyarchy,0.775,V-Dem,
SWE,1966,1945-2020,cinc,0.0041260943,COW,
SWE,1967,1945-2020,pop,7868.0,Maddison,
SWE,1967,1945-2020,gdppc,17883.0,Maddison,
SWE,1967,1945-2020,v2x_libdem,0.727,V-Dem,
SWE,1967,1945-2020,v2x_polyarchy,0.775,V-Dem,
SWE,1967,1945-2020,cinc,0.0040732878,COW,
SWE,1968,1945-2020,pop,7912.0,Maddison,
SWE,1968,1945-2020,gdppc,18428.0,Maddison,
SWE,1968,1945-2020,v2x_libdem,0.727,V-Dem,
SWE,1968,1945-2020,v2x_polyarchy,0.775,V-Dem,
SWE,1968,1945-2020,cinc,0.0043660761,COW,
SWE,1969,1945-2020,pop,7968.0,Maddison,
SWE,1969,1945-2020,gdppc,19215.0,Maddison,
SWE,1969,1945-2020,v2x_libdem,0.727,V-Dem,
SWE,1969,1945-2020,v2x_polyarchy,0.775,V-Dem,
SWE,1969,1945-2020,cinc,0.0043824059,COW,
SWE,1970,1945-2020,pop,8043.0,Maddison,
SWE,1970,1945-2020,gdppc,20269.0,Maddison,
SWE,1970,1945-2020,v2x_libdem,0.728,V-Dem,
SWE,1970,1945-2020,v2x_polyarchy,0.775,V-Dem,
SWE,1970,1945-2020,cinc,0.0043569324,COW,
SWE,1971,1945-2020,pop,8098.0,Maddison,
SWE,1971,1945-2020,gdppc,20320.0,Maddison,
SWE,1971,1945-2020,v2x_libdem,0.853,V-Dem,
SWE,1971,1945-2020,v2x_polyarchy,0.895,V-Dem,
SWE,1971,1945-2020,cinc,0.0043658325,COW,
SWE,1972,1945-2020,pop,8122.0,Maddison,
SWE,1972,1945-2020,gdppc,20725.0,Maddison,
SWE,1972,1945-2020,v2x_libdem,0.859,V-Dem,
SWE,1972,1945-2020,v2x_polyarchy,0.895,V-Dem,
SWE,1972,1945-2020,cinc,0.0042575635,COW,
SWE,1973,1945-2020,pop,8137.0,Maddison,
SWE,1973,1945-2020,gdppc,21509.0,Maddison,
SWE,1973,1945-2020,v2x_libdem,0.859,V-Dem,
SWE,1973,1945-2020,v2x_polyarchy,0.895,V-Dem,
SWE,1973,1945-2020,cinc,0.0042291819,COW,
SWE,1974,1945-2020,pop,8161.0,Maddison,
SWE,1974,1945-2020,gdppc,22132.0,Maddison,
SWE,1974,1945-2020,v2x_libdem,0.864,V-Dem,
SWE,1974,1945-2020,v2x_polyarchy,0.899,V-Dem,
SWE,1974,1945-2020,cinc,0.0041741538,COW,
SWE,1975,1945-2020,pop,8193.0,Maddison,
SWE,1975,1945-2020,gdppc,22607.0,Maddison,
SWE,1975,1945-2020,v2x_libdem,0.87,V-Dem,
SWE,1975,1945-2020,v2x_polyarchy,0.905,V-Dem,
SWE,1975,1945-2020,cinc,0.0042874664,COW,
SWE,1976,1945-2020,pop,8222.0,Maddison,
SWE,1976,1945-2020,gdppc,22765.0,Maddison,
SWE,1976,1945-2020,v2x_libdem,0.871,V-Dem,
SWE,1976,1945-2020,v2x_polyarchy,0.906,V-Dem,
SWE,1976,1945-2020,cinc,0.0040890709,COW,
SWE,1977,1945-2020,pop,8252.0,Maddison,
SWE,1977,1945-2020,gdppc,22322.0,Maddison,
SWE,1977,1945-2020,v2x_libdem,0.873,V-Dem,
SWE,1977,1945-2020,v2x_polyarchy,0.907,V-Dem,
SWE,1977,1945-2020,cinc,0.0037803838,COW,
SWE,1978,1945-2020,pop,8276.0,Maddison,
SWE,1978,1945-2020,gdppc,22646.0,Maddison,
SWE,1978,1945-2020,v2x_libdem,0.873,V-Dem,
SWE,1978,1945-2020,v2x_polyarchy,0.907,V-Dem,
SWE,1978,1945-2020,cinc,0.0037540037,COW,
SWE,1979,1945-2020,pop,8294.0,Maddison,
SWE,1979,1945-2020,gdppc,23465.0,Maddison,
SWE,1979,1945-2020,v2x_libdem,0.872,V-Dem,
SWE,1979,1945-2020,v2x_polyarchy,0.907,V-Dem,
SWE,1979,1945-2020,cinc,0.0038291407,COW,
SWE,1980,1945-2020,pop,8310.0,Maddison,
SWE,1980,1945-2020,gdppc,23809.0,Maddison,
SWE,1980,1945-2020,v2x_libdem,0.871,V-Dem,
SWE,1980,1945-2020,v2x_polyarchy,0.907,V-Dem,
SWE,1980,1945-2020,cinc,0.0037366184,COW,
SWE,1981,1945-2020,pop,8320.0,Maddison,
SWE,1981,1945-2020,gdppc,23777.0,Maddison,
SWE,1981,1945-2020,v2x_libdem,0.871,V-Dem,
SWE,1981,1945-2020,v2x_polyarchy,0.907,V-Dem,
SWE,1981,1945-2020,cinc,0.0032943583,COW,
SWE,1982,1945-2020,pop,8325.0,Maddison,
SWE,1982,1945-2020,gdppc,24002.0,Maddison,
SWE,1982,1945-2020,v2x_libdem,0.873,V-Dem,
SWE,1982,1945-2020,v2x_polyarchy,0.907,V-Dem,
SWE,1982,1945-2020,cinc,0.0033570898,COW,
SWE,1983,1945-2020,pop,8329.0,Maddison,
SWE,1983,1945-2020,gdppc,24412.0,Maddison,
SWE,1983,1945-2020,v2x_libdem,0.874,V-Dem,
SWE,1983,1945-2020,v2x_polyarchy,0.907,V-Dem,
SWE,1983,1945-2020,cinc,0.0034049356,COW,
SWE,1984,1945-2020,pop,8337.0,Maddison,
SWE,1984,1945-2020,gdppc,25357.0,Maddison,
SWE,1984,1945-2020,v2x_libdem,0.874,V-Dem,
SWE,1984,1945-2020,v2x_polyarchy,0.907,V-Dem,
SWE,1984,1945-2020,cinc,0.0032999394,COW,
SWE,1985,1945-2020,pop,8350.0,Maddison,
SWE,1985,1945-2020,gdppc,25805.0,Maddison,
SWE,1985,1945-2020,v2x_libdem,0.875,V-Dem,
SWE,1985,1945-2020,v2x_polyarchy,0.908,V-Dem,
SWE,1985,1945-2020,cinc,0.0034959733,COW,
SWE,1986,1945-2020,pop,8370.0,Maddison,
SWE,1986,1945-2020,gdppc,26309.0,Maddison,
SWE,1986,1945-2020,v2x_libdem,0.873,V-Dem,
SWE,1986,1945-2020,v2x_polyarchy,0.907,V-Dem,
SWE,1986,1945-2020,cinc,0.003487227,COW,
SWE,1987,1945-2020,pop,8398.0,Maddison,
SWE,1987,1945-2020,gdppc,27016.0,Maddison,
SWE,1987,1945-2020,v2x_libdem,0.873,V-Dem,
SWE,1987,1945-2020,v2x_polyarchy,0.907,V-Dem,
SWE,1987,1945-2020,cinc,0.0035839465,COW,
SWE,1988,1945-2020,pop,8436.0,Maddison,
SWE,1988,1945-2020,gdppc,27468.0,Maddison,
SWE,1988,1945-2020,v2x_libdem,0.874,V-Dem,
SWE,1988,1945-2020,v2x_polyarchy,0.908,V-Dem,
SWE,1988,1945-2020,cinc,0.0034439336,COW,
SWE,1989,1945-2020,pop,8493.0,Maddison,
SWE,1989,1945-2020,gdppc,27933.0,Maddison,
SWE,1989,1945-2020,v2x_libdem,0.875,V-Dem,
SWE,1989,1945-2020,v2x_polyarchy,0.909,V-Dem,
SWE,1989,1945-2020,cinc,0.0034846605,COW,
SWE,1990,1945-2020,pop,8559.0,Maddison,
SWE,1990,1945-2020,gdppc,28068.0,Maddison,
SWE,1990,1945-2020,v2x_libdem,0.878,V-Dem,
SWE,1990,1945-2020,v2x_polyarchy,0.913,V-Dem,
SWE,1990,1945-2020,cinc,0.0036122645,COW,
SWE,1991,1945-2020,pop,8617.0,Maddison,
SWE,1991,1945-2020,gdppc,27614.034633396557,Maddison,
SWE,1991,1945-2020,v2x_libdem,0.878,V-Dem,
SWE,1991,1945-2020,v2x_polyarchy,0.912,V-Dem,
SWE,1991,1945-2020,cinc,0.0038862773,COW,
SWE,1992,1945-2020,pop,8668.0,Maddison,
SWE,1992,1945-2020,gdppc,27198.52871669005,Maddison,
SWE,1992,1945-2020,v2x_libdem,0.877,V-Dem,
SWE,1992,1945-2020,v2x_polyarchy,0.911,V-Dem,
SWE,1992,1945-2020,cinc,0.0040744347,COW,
SWE,1993,1945-2020,pop,8718.7,Maddison,
SWE,1993,1945-2020,gdppc,26558.825037287952,Maddison,
SWE,1993,1945-2020,v2x_libdem,0.877,V-Dem,
SWE,1993,1945-2020,v2x_polyarchy,0.911,V-Dem,
SWE,1993,1945-2020,cinc,0.0039003773,COW,
SWE,1994,1945-2020,pop,8780.8,Maddison,
SWE,1994,1945-2020,gdppc,27505.955365905447,Maddison,
SWE,1994,1945-2020,v2x_libdem,0.877,V-Dem,
SWE,1994,1945-2020,v2x_polyarchy,0.911,V-Dem,
SWE,1994,1945-2020,cinc,0.0039336928,COW,
SWE,1995,1945-2020,pop,8827.0,Maddison,
SWE,1995,1945-2020,gdppc,28519.444061538572,Maddison,
SWE,1995,1945-2020,v2x_libdem,0.879,V-Dem,
SWE,1995,1945-2020,v2x_polyarchy,0.912,V-Dem,
SWE,1995,1945-2020,cinc,0.0039994759,COW,
SWE,1996,1945-2020,pop,8841.1,Maddison,
SWE,1996,1945-2020,gdppc,29012.104700260545,Maddison,
SWE,1996,1945-2020,v2x_libdem,0.879,V-Dem,
SWE,1996,1945-2020,v2x_polyarchy,0.912,V-Dem,
SWE,1996,1945-2020,cinc,0.003987655,COW,
SWE,1997,1945-2020,pop,8846.2,Maddison,
SWE,1997,1945-2020,gdppc,29862.666688537218,Maddison,
SWE,1997,1945-2020,v2x_libdem,0.879,V-Dem,
SWE,1997,1945-2020,v2x_polyarchy,0.912,V-Dem,
SWE,1997,1945-2020,cinc,0.0038003544,COW,
SWE,1998,1945-2020,pop,8851.1,Maddison,
SWE,1998,1945-2020,gdppc,31187.16462765559,Maddison,
SWE,1998,1945-2020,v2x_libdem,0.879,V-Dem,
SWE,1998,1945-2020,v2x_polyarchy,0.912,V-Dem,
SWE,1998,1945-2020,cinc,0.0038592117,COW,
SWE,1999,1945-2020,pop,8858.0,Maddison,
SWE,1999,1945-2020,gdppc,32705.21494834704,Maddison,
SWE,1999,1945-2020,v2x_libdem,0.876,V-Dem,
SWE,1999,1945-2020,v2x_polyarchy,0.909,V-Dem,
SWE,1999,1945-2020,cinc,0.0036400971,COW,
SWE,2000,1945-2020,pop,8872.2,Maddison,
SWE,2000,1945-2020,gdppc,34202.60423690123,Maddison,
SWE,2000,1945-2020,v2x_libdem,0.876,V-Dem,
SWE,2000,1945-2020,v2x_polyarchy,0.909,V-Dem,
SWE,2000,1945-2020,cinc,0.0039427732,COW,
SWE,2001,1945-2020,pop,8896.1,Maddison,
SWE,2001,1945-2020,gdppc,34666.662647201985,Maddison,
SWE,2001,1945-2020,v2x_libdem,0.876,V-Dem,
SWE,2001,1945-2020,v2x_polyarchy,0.909,V-Dem,
SWE,2001,1945-2020,cinc,0.0041325381,COW,
SWE,2002,1945-2020,pop,8925.1,Maddison,
SWE,2002,1945-2020,gdppc,35569.77395565354,Maddison,
SWE,2002,1945-2020,v2x_libdem,0.876,V-Dem,
SWE,2002,1945-2020,v2x_polyarchy,0.91,V-Dem,
SWE,2002,1945-2020,cinc,0.0032203603,COW,
SWE,2003,1945-2020,pop,8958.3,Maddison,
SWE,2003,1945-2020,gdppc,36435.75404729284,Maddison,
SWE,2003,1945-2020,v2x_libdem,0.877,V-Dem,
SWE,2003,1945-2020,v2x_polyarchy,0.911,V-Dem,
SWE,2003,1945-2020,cinc,0.0030396951,COW,
SWE,2004,1945-2020,pop,8993.6,Maddison,
SWE,2004,1945-2020,gdppc,38016.063467838416,Maddison,
SWE,2004,1945-2020,v2x_libdem,0.877,V-Dem,
SWE,2004,1945-2020,v2x_polyarchy,0.911,V-Dem,
SWE,2004,1945-2020,cinc,0.0029466008,COW,
SWE,2005,1945-2020,pop,9029.7,Maddison,
SWE,2005,1945-2020,gdppc,39258.99201022208,Maddison,
SWE,2005,1945-2020,v2x_libdem,0.877,V-Dem,
SWE,2005,1945-2020,v2x_polyarchy,0.911,V-Dem,
SWE,2005,1945-2020,cinc,0.0028923545,COW,
SWE,2006,1945-2020,pop,9080.6,Maddison,
SWE,2006,1945-2020,gdppc,40992.29948287679,Maddison,
SWE,2006,1945-2020,v2x_libdem,0.879,V-Dem,
SWE,2006,1945-2020,v2x_polyarchy,0.912,V-Dem,
SWE,2006,1945-2020,cinc,0.0027627251,COW,
SWE,2007,1945-2020,pop,9148.19,Maddison,
SWE,2007,1945-2020,gdppc,42399.84444197382,Maddison,
SWE,2007,1945-2020,v2x_libdem,0.881,V-Dem,
SWE,2007,1945-2020,v2x_polyarchy,0.914,V-Dem,
SWE,2007,1945-2020,cinc,0.0027182046,COW,
SWE,2008,1945-2020,pop,9219.74,Maddison,
SWE,2008,1945-2020,gdppc,42189.96398768368,Maddison,
SWE,2008,1945-2020,v2x_libdem,0.881,V-Dem,
SWE,2008,1945-2020,v2x_polyarchy,0.914,V-Dem,
SWE,2008,1945-2020,cinc,0.0025348174,COW,
SWE,2009,1945-2020,pop,9298.62,Maddison,
SWE,2009,1945-2020,gdppc,40116.31067653794,Maddison,
SWE,2009,1945-2020,v2x_libdem,0.881,V-Dem,
SWE,2009,1945-2020,v2x_polyarchy,0.914,V-Dem,
SWE,2009,1945-2020,cinc,0.0020137497,COW,
SWE,2010,1945-2020,pop,9378.24,Maddison,
SWE,2010,1945-2020,gdppc,42634.75446263513,Maddison,
SWE,2010,1945-2020,v2x_libdem,0.881,V-Dem,
SWE,2010,1945-2020,v2x_polyarchy,0.914,V-Dem,
SWE,2010,1945-2020,cinc,0.0021705679,COW,
SWE,2011,1945-2020,pop,9449.32,Maddison,
SWE,2011,1945-2020,gdppc,42079.0,Maddison,
SWE,2011,1945-2020,v2x_libdem,0.881,V-Dem,
SWE,2011,1945-2020,v2x_polyarchy,0.914,V-Dem,
SWE,2011,1945-2020,cinc,0.0021963764,COW,
SWE,2012,1945-2020,pop,9519.48,Maddison,
SWE,2012,1945-2020,gdppc,41523.14327866962,Maddison,
SWE,2012,1945-2020,v2x_libdem,0.886,V-Dem,
SWE,2012,1945-2020,v2x_polyarchy,0.917,V-Dem,
SWE,2012,1945-2020,cinc,0.0021206397,COW,
SWE,2013,1945-2020,pop,9600.49,Maddison,
SWE,2013,1945-2020,gdppc,41661.80656239522,Maddison,
SWE,2013,1945-2020,v2x_libdem,0.885,V-Dem,
SWE,2013,1945-2020,v2x_polyarchy,0.916,V-Dem,
SWE,2013,1945-2020,cinc,0.0021211838,COW,
SWE,2014,1945-2020,pop,9696.22,Maddison,
SWE,2014,1945-2020,gdppc,42346.83738208002,Maddison,
SWE,2014,1945-2020,v2x_libdem,0.885,V-Dem,
SWE,2014,1945-2020,v2x_polyarchy,0.915,V-Dem,
SWE,2014,1945-2020,cinc,0.0020799688,COW,
SWE,2015,1945-2020,pop,9799.3,Maddison,
SWE,2015,1945-2020,gdppc,43782.457073897145,Maddison,
SWE,2015,1945-2020,v2x_libdem,0.881,V-Dem,
SWE,2015,1945-2020,v2x_polyarchy,0.915,V-Dem,
SWE,2015,1945-2020,cinc,0.0019871935,COW,
SWE,2016,1945-2020,pop,9923.2,Maddison,
SWE,2016,1945-2020,gdppc,44131.03197238085,Maddison,
SWE,2016,1945-2020,v2x_libdem,0.88,V-Dem,
SWE,2016,1945-2020,v2x_polyarchy,0.914,V-Dem,
SWE,2016,1945-2020,cinc,0.0022024778,COW,
SWE,2017,1945-2020,pop,10057.81,Maddison,
SWE,2017,1945-2020,gdppc,44658.48268067305,Maddison,
SWE,2017,1945-2020,v2x_libdem,0.88,V-Dem,
SWE,2017,1945-2020,v2x_polyarchy,0.914,V-Dem,
SWE,2017,1945-2020,cinc,,COW,
SWE,2018,1945-2020,pop,10175.33,Maddison,
SWE,2018,1945-2020,gdppc,45003.492394454086,Maddison,
SWE,2018,1945-2020,v2x_libdem,0.875,V-Dem,
SWE,2018,1945-2020,v2x_polyarchy,0.908,V-Dem,
SWE,2018,1945-2020,cinc,,COW,
SWE,2019,1945-2020,pop,10279.01,Maddison,
SWE,2019,1945-2020,gdppc,45434.40294807441,Maddison,
SWE,2019,1945-2020,v2x_libdem,0.866,V-Dem,
SWE,2019,1945-2020,v2x_polyarchy,0.899,V-Dem,
SWE,2019,1945-2020,cinc,,COW,
SWE,2020,1945-2020,pop,10353.56,Maddison,
SWE,2020,1945-2020,gdppc,44128.33196694781,Maddison,
SWE,2020,1945-2020,v2x_libdem,0.868,V-Dem,
SWE,2020,1945-2020,v2x_polyarchy,0.901,V-Dem,
SWE,2020,1945-2020,cinc,,COW,
